{
  "standaloneProdukte": [],
  "standardProdukte": [
    {
      "vertragsnummer": "AS-5279628818",
      "spartenTypes": [
        "WOHNGEBAEUDE"
      ],
      "anzeigename": "Wohngebäude 10/2019",
      "produktlinieAnzeigename": "Komfort",
      "ersetzen": true,
      "neugeschaeftSperren": [
        {
          "spartenType": "WOHNGEBAEUDE",
          "neugeschaeftSperren": false
        }
      ],
      "zusatzinformation": "Gebäude: 97616 Bad Neustadt a.d.Saale, Hedwig-Fichtel-Str. 59",
      "spLaufnummer": 35672,
      "berechnetePraemieBrutto": 37.88,
      "jahresbestandpraemieBrutto": 454.56,
      "zahlungsperiode": "monatlich",
      "zustandsDetail": null,
      "infoText": null,
      "vorbelegungAktiv": true,
      "eigenschaftHinweise": null,
      "vorbelegungdaten": [
        {
          "spartenType": "WOHNGEBAEUDE",
          "vorbelegungdaten": {
            "forApp": "vwg-angebot",
            "risikoort": {
              "plz": "97616",
              "ort": "Bad Neustadt a.d.Saale",
              "strasse": "Hedwig-Fichtel-Str.",
              "hausnummer": "59",
              "postlandSchluessel": "DE",
              "ortsteil": null,
              "status": "OK"
            },
            "wohnflaeche": 111,
            "nebengebaeude": false
          }
        }
      ]
    }
  ]
}