{
  "standaloneProdukte": [],
  "standardProdukte": [
    {
      "vertragsnummer": "AS-5204551392",
      "spartenTypes": [
        "HAUSRAT"
      ],
      "anzeigename": "Hausrat 10/2019",
      "produktlinieAnzeigename": "Smart",
      "ersetzen": true,
      "neugeschaeftSperren": [
        {
          "spartenType": "HAUSRAT",
          "neugeschaeftSperren": false
        }
      ],
      "zusatzinformation": "Wohnung:Gabelsbergerstr. 5  , 83022 Rosenheim",
      "spLaufnummer": 36060,
      "berechnetePraemieBrutto": 72.34,
      "jahresbestandpraemieBrutto": 72.34,
      "zahlungsperiode": "JAEHRLICH",
      "zustandsDetail": null,
      "infoText": null,
      "vorbelegungAktiv": true,
      "vorbelegungdaten": [
        {
          "spartenType": "HAUSRAT",
          "vorbelegungdaten": {
            "forApp": "vhv-angebot",
            "risikoort": {
              "plz": "97616",
              "ort": "Bad Neustadt a.d.Saale",
              "strasse": "Hedwig-Fichtel-Str.",
              "hausnummer": "59",
              "postlandSchluessel": "DE",
              "ortsteil": null,
              "status": "OK"
            },
            "wohnflaeche": 111,
            "nebengebaeude": false
          }
        }
      ]
    }
  ]
}