{
  "produktlinien": [
    {
      "salesProductName": "KOMFORT",
      "rbdMax": 0,
      "preisverzeichnis": 8,
      "salesProduktVariants": [
        {
          "zahlweise": "JAEHRLICH",
          "selbstbeteiligung": "SELBSTBETEILIGUNG_0000",
          "laufzeit": "EIN_JAHR",
          "zaehlstuecke": 0,
          "bausteinPreise": [
            {
              "taasTarifrisikoschluessel": "STURM",
              "jahresNetto": 216.01,
              "bruttopreisFuerZahlweise": 251.31
            },
            {
              "taasTarifrisikoschluessel": "LEITUNGSWASSER",
              "jahresNetto": 516.1,
              "bruttopreisFuerZahlweise": 600.43
            },
            {
              "taasTarifrisikoschluessel": "HAUS_UND_WOHNSCHUTZBRIEF",
              "jahresNetto": 2.64,
              "bruttopreisFuerZahlweise": 3.07
            },
            {
              "taasTarifrisikoschluessel": "FEUER",
              "jahresNetto": 227.67,
              "bruttopreisFuerZahlweise": 264.87
            }
          ],
          "treuebonus": 0,
          "linienBruttopreis": 1119.68,
          "gesamtBruttopreisFuerZahlweise": 1119.68,
          "gesamtBruttopreisJaehrlich": 1119.68
        },
        {
          "zahlweise": "HALBJAEHRLICH",
          "selbstbeteiligung": "SELBSTBETEILIGUNG_0000",
          "laufzeit": "EIN_JAHR",
          "zaehlstuecke": 0,
          "bausteinPreise": [
            {
              "taasTarifrisikoschluessel": "STURM",
              "jahresNetto": 222.46,
              "bruttopreisFuerZahlweise": 129.4
            },
            {
              "taasTarifrisikoschluessel": "LEITUNGSWASSER",
              "jahresNetto": 531.6,
              "bruttopreisFuerZahlweise": 309.23
            },
            {
              "taasTarifrisikoschluessel": "HAUS_UND_WOHNSCHUTZBRIEF",
              "jahresNetto": 2.64,
              "bruttopreisFuerZahlweise": 1.54
            },
            {
              "taasTarifrisikoschluessel": "FEUER",
              "jahresNetto": 234.51,
              "bruttopreisFuerZahlweise": 136.41
            }
          ],
          "treuebonus": 0,
          "linienBruttopreis": 576.59,
          "gesamtBruttopreisFuerZahlweise": 576.59,
          "gesamtBruttopreisJaehrlich": 1153.17
        },
        {
          "zahlweise": "VIERTELJAEHRLICH",
          "selbstbeteiligung": "SELBSTBETEILIGUNG_0000",
          "laufzeit": "EIN_JAHR",
          "zaehlstuecke": 0,
          "bausteinPreise": [
            {
              "taasTarifrisikoschluessel": "STURM",
              "jahresNetto": 226.85,
              "bruttopreisFuerZahlweise": 65.98
            },
            {
              "taasTarifrisikoschluessel": "LEITUNGSWASSER",
              "jahresNetto": 541.93,
              "bruttopreisFuerZahlweise": 157.62
            },
            {
              "taasTarifrisikoschluessel": "HAUS_UND_WOHNSCHUTZBRIEF",
              "jahresNetto": 2.76,
              "bruttopreisFuerZahlweise": 0.8
            },
            {
              "taasTarifrisikoschluessel": "FEUER",
              "jahresNetto": 239.02,
              "bruttopreisFuerZahlweise": 69.52
            }
          ],
          "treuebonus": 0,
          "linienBruttopreis": 293.92,
          "gesamtBruttopreisFuerZahlweise": 293.92,
          "gesamtBruttopreisJaehrlich": 1175.69
        },
        {
          "zahlweise": "MONATLICH",
          "selbstbeteiligung": "SELBSTBETEILIGUNG_0000",
          "laufzeit": "EIN_JAHR",
          "zaehlstuecke": 0,
          "bausteinPreise": [
            {
              "taasTarifrisikoschluessel": "STURM",
              "jahresNetto": 229.04,
              "bruttopreisFuerZahlweise": 22.21
            },
            {
              "taasTarifrisikoschluessel": "LEITUNGSWASSER",
              "jahresNetto": 547.09,
              "bruttopreisFuerZahlweise": 53.04
            },
            {
              "taasTarifrisikoschluessel": "HAUS_UND_WOHNSCHUTZBRIEF",
              "jahresNetto": 2.76,
              "bruttopreisFuerZahlweise": 0.27
            },
            {
              "taasTarifrisikoschluessel": "FEUER",
              "jahresNetto": 241.35,
              "bruttopreisFuerZahlweise": 23.4
            }
          ],
          "treuebonus": 0,
          "linienBruttopreis": 98.91,
          "gesamtBruttopreisFuerZahlweise": 98.91,
          "gesamtBruttopreisJaehrlich": 1186.95
        },
        {
          "zahlweise": "JAEHRLICH",
          "selbstbeteiligung": "SELBSTBETEILIGUNG_0000",
          "laufzeit": "DREI_JAHRE",
          "zaehlstuecke": 0,
          "bausteinPreise": [
            {
              "taasTarifrisikoschluessel": "STURM",
              "jahresNetto": 216.01,
              "bruttopreisFuerZahlweise": 251.31
            },
            {
              "taasTarifrisikoschluessel": "LEITUNGSWASSER",
              "jahresNetto": 516.1,
              "bruttopreisFuerZahlweise": 600.43
            },
            {
              "taasTarifrisikoschluessel": "HAUS_UND_WOHNSCHUTZBRIEF",
              "jahresNetto": 2.64,
              "bruttopreisFuerZahlweise": 3.07
            },
            {
              "taasTarifrisikoschluessel": "FEUER",
              "jahresNetto": 227.67,
              "bruttopreisFuerZahlweise": 264.87
            }
          ],
          "treuebonus": 25,
          "linienBruttopreis": 1119.68,
          "gesamtBruttopreisFuerZahlweise": 1119.68,
          "gesamtBruttopreisJaehrlich": 1119.68
        },
        {
          "zahlweise": "HALBJAEHRLICH",
          "selbstbeteiligung": "SELBSTBETEILIGUNG_0000",
          "laufzeit": "DREI_JAHRE",
          "zaehlstuecke": 0,
          "bausteinPreise": [
            {
              "taasTarifrisikoschluessel": "STURM",
              "jahresNetto": 216.01,
              "bruttopreisFuerZahlweise": 125.65
            },
            {
              "taasTarifrisikoschluessel": "LEITUNGSWASSER",
              "jahresNetto": 516.1,
              "bruttopreisFuerZahlweise": 300.22
            },
            {
              "taasTarifrisikoschluessel": "HAUS_UND_WOHNSCHUTZBRIEF",
              "jahresNetto": 2.64,
              "bruttopreisFuerZahlweise": 1.54
            },
            {
              "taasTarifrisikoschluessel": "FEUER",
              "jahresNetto": 227.67,
              "bruttopreisFuerZahlweise": 132.44
            }
          ],
          "treuebonus": 25,
          "linienBruttopreis": 559.84,
          "gesamtBruttopreisFuerZahlweise": 559.84,
          "gesamtBruttopreisJaehrlich": 1119.68
        },
        {
          "zahlweise": "VIERTELJAEHRLICH",
          "selbstbeteiligung": "SELBSTBETEILIGUNG_0000",
          "laufzeit": "DREI_JAHRE",
          "zaehlstuecke": 0,
          "bausteinPreise": [
            {
              "taasTarifrisikoschluessel": "STURM",
              "jahresNetto": 216.01,
              "bruttopreisFuerZahlweise": 62.83
            },
            {
              "taasTarifrisikoschluessel": "LEITUNGSWASSER",
              "jahresNetto": 516.1,
              "bruttopreisFuerZahlweise": 150.11
            },
            {
              "taasTarifrisikoschluessel": "HAUS_UND_WOHNSCHUTZBRIEF",
              "jahresNetto": 2.64,
              "bruttopreisFuerZahlweise": 0.77
            },
            {
              "taasTarifrisikoschluessel": "FEUER",
              "jahresNetto": 227.67,
              "bruttopreisFuerZahlweise": 66.22
            }
          ],
          "treuebonus": 25,
          "linienBruttopreis": 279.92,
          "gesamtBruttopreisFuerZahlweise": 279.92,
          "gesamtBruttopreisJaehrlich": 1119.68
        },
        {
          "zahlweise": "MONATLICH",
          "selbstbeteiligung": "SELBSTBETEILIGUNG_0000",
          "laufzeit": "DREI_JAHRE",
          "zaehlstuecke": 0,
          "bausteinPreise": [
            {
              "taasTarifrisikoschluessel": "STURM",
              "jahresNetto": 216.01,
              "bruttopreisFuerZahlweise": 20.94
            },
            {
              "taasTarifrisikoschluessel": "LEITUNGSWASSER",
              "jahresNetto": 516.1,
              "bruttopreisFuerZahlweise": 50.04
            },
            {
              "taasTarifrisikoschluessel": "HAUS_UND_WOHNSCHUTZBRIEF",
              "jahresNetto": 2.64,
              "bruttopreisFuerZahlweise": 0.26
            },
            {
              "taasTarifrisikoschluessel": "FEUER",
              "jahresNetto": 227.67,
              "bruttopreisFuerZahlweise": 22.07
            }
          ],
          "treuebonus": 25,
          "linienBruttopreis": 93.31,
          "gesamtBruttopreisFuerZahlweise": 93.31,
          "gesamtBruttopreisJaehrlich": 1119.68
        },
        {
          "zahlweise": "JAEHRLICH",
          "selbstbeteiligung": "SELBSTBETEILIGUNG_0000",
          "laufzeit": "EIN_JAHR",
          "zaehlstuecke": 1,
          "bausteinPreise": [
            {
              "taasTarifrisikoschluessel": "STURM",
              "jahresNetto": 216.01,
              "bruttopreisFuerZahlweise": 251.31
            },
            {
              "taasTarifrisikoschluessel": "LEITUNGSWASSER",
              "jahresNetto": 516.1,
              "bruttopreisFuerZahlweise": 600.43
            },
            {
              "taasTarifrisikoschluessel": "HAUS_UND_WOHNSCHUTZBRIEF",
              "jahresNetto": 2.64,
              "bruttopreisFuerZahlweise": 3.07
            },
            {
              "taasTarifrisikoschluessel": "FEUER",
              "jahresNetto": 227.67,
              "bruttopreisFuerZahlweise": 264.87
            }
          ],
          "treuebonus": 0,
          "linienBruttopreis": 1119.68,
          "gesamtBruttopreisFuerZahlweise": 1119.68,
          "gesamtBruttopreisJaehrlich": 1119.68
        },
        {
          "zahlweise": "HALBJAEHRLICH",
          "selbstbeteiligung": "SELBSTBETEILIGUNG_0000",
          "laufzeit": "EIN_JAHR",
          "zaehlstuecke": 1,
          "bausteinPreise": [
            {
              "taasTarifrisikoschluessel": "STURM",
              "jahresNetto": 222.46,
              "bruttopreisFuerZahlweise": 129.4
            },
            {
              "taasTarifrisikoschluessel": "LEITUNGSWASSER",
              "jahresNetto": 531.6,
              "bruttopreisFuerZahlweise": 309.23
            },
            {
              "taasTarifrisikoschluessel": "HAUS_UND_WOHNSCHUTZBRIEF",
              "jahresNetto": 2.64,
              "bruttopreisFuerZahlweise": 1.54
            },
            {
              "taasTarifrisikoschluessel": "FEUER",
              "jahresNetto": 234.51,
              "bruttopreisFuerZahlweise": 136.41
            }
          ],
          "treuebonus": 0,
          "linienBruttopreis": 576.59,
          "gesamtBruttopreisFuerZahlweise": 576.59,
          "gesamtBruttopreisJaehrlich": 1153.17
        },
        {
          "zahlweise": "VIERTELJAEHRLICH",
          "selbstbeteiligung": "SELBSTBETEILIGUNG_0000",
          "laufzeit": "EIN_JAHR",
          "zaehlstuecke": 1,
          "bausteinPreise": [
            {
              "taasTarifrisikoschluessel": "STURM",
              "jahresNetto": 226.85,
              "bruttopreisFuerZahlweise": 65.98
            },
            {
              "taasTarifrisikoschluessel": "LEITUNGSWASSER",
              "jahresNetto": 541.93,
              "bruttopreisFuerZahlweise": 157.62
            },
            {
              "taasTarifrisikoschluessel": "HAUS_UND_WOHNSCHUTZBRIEF",
              "jahresNetto": 2.76,
              "bruttopreisFuerZahlweise": 0.8
            },
            {
              "taasTarifrisikoschluessel": "FEUER",
              "jahresNetto": 239.02,
              "bruttopreisFuerZahlweise": 69.52
            }
          ],
          "treuebonus": 0,
          "linienBruttopreis": 293.92,
          "gesamtBruttopreisFuerZahlweise": 293.92,
          "gesamtBruttopreisJaehrlich": 1175.69
        },
        {
          "zahlweise": "MONATLICH",
          "selbstbeteiligung": "SELBSTBETEILIGUNG_0000",
          "laufzeit": "EIN_JAHR",
          "zaehlstuecke": 1,
          "bausteinPreise": [
            {
              "taasTarifrisikoschluessel": "STURM",
              "jahresNetto": 229.04,
              "bruttopreisFuerZahlweise": 22.21
            },
            {
              "taasTarifrisikoschluessel": "LEITUNGSWASSER",
              "jahresNetto": 547.09,
              "bruttopreisFuerZahlweise": 53.04
            },
            {
              "taasTarifrisikoschluessel": "HAUS_UND_WOHNSCHUTZBRIEF",
              "jahresNetto": 2.76,
              "bruttopreisFuerZahlweise": 0.27
            },
            {
              "taasTarifrisikoschluessel": "FEUER",
              "jahresNetto": 241.35,
              "bruttopreisFuerZahlweise": 23.4
            }
          ],
          "treuebonus": 0,
          "linienBruttopreis": 98.91,
          "gesamtBruttopreisFuerZahlweise": 98.91,
          "gesamtBruttopreisJaehrlich": 1186.95
        },
        {
          "zahlweise": "JAEHRLICH",
          "selbstbeteiligung": "SELBSTBETEILIGUNG_0000",
          "laufzeit": "DREI_JAHRE",
          "zaehlstuecke": 1,
          "bausteinPreise": [
            {
              "taasTarifrisikoschluessel": "STURM",
              "jahresNetto": 216.01,
              "bruttopreisFuerZahlweise": 251.31
            },
            {
              "taasTarifrisikoschluessel": "LEITUNGSWASSER",
              "jahresNetto": 516.1,
              "bruttopreisFuerZahlweise": 600.43
            },
            {
              "taasTarifrisikoschluessel": "HAUS_UND_WOHNSCHUTZBRIEF",
              "jahresNetto": 2.64,
              "bruttopreisFuerZahlweise": 3.07
            },
            {
              "taasTarifrisikoschluessel": "FEUER",
              "jahresNetto": 227.67,
              "bruttopreisFuerZahlweise": 264.87
            }
          ],
          "treuebonus": 25,
          "linienBruttopreis": 1119.68,
          "gesamtBruttopreisFuerZahlweise": 1119.68,
          "gesamtBruttopreisJaehrlich": 1119.68
        },
        {
          "zahlweise": "HALBJAEHRLICH",
          "selbstbeteiligung": "SELBSTBETEILIGUNG_0000",
          "laufzeit": "DREI_JAHRE",
          "zaehlstuecke": 1,
          "bausteinPreise": [
            {
              "taasTarifrisikoschluessel": "STURM",
              "jahresNetto": 216.01,
              "bruttopreisFuerZahlweise": 125.65
            },
            {
              "taasTarifrisikoschluessel": "LEITUNGSWASSER",
              "jahresNetto": 516.1,
              "bruttopreisFuerZahlweise": 300.22
            },
            {
              "taasTarifrisikoschluessel": "HAUS_UND_WOHNSCHUTZBRIEF",
              "jahresNetto": 2.64,
              "bruttopreisFuerZahlweise": 1.54
            },
            {
              "taasTarifrisikoschluessel": "FEUER",
              "jahresNetto": 227.67,
              "bruttopreisFuerZahlweise": 132.44
            }
          ],
          "treuebonus": 25,
          "linienBruttopreis": 559.84,
          "gesamtBruttopreisFuerZahlweise": 559.84,
          "gesamtBruttopreisJaehrlich": 1119.68
        },
        {
          "zahlweise": "VIERTELJAEHRLICH",
          "selbstbeteiligung": "SELBSTBETEILIGUNG_0000",
          "laufzeit": "DREI_JAHRE",
          "zaehlstuecke": 1,
          "bausteinPreise": [
            {
              "taasTarifrisikoschluessel": "STURM",
              "jahresNetto": 216.01,
              "bruttopreisFuerZahlweise": 62.83
            },
            {
              "taasTarifrisikoschluessel": "LEITUNGSWASSER",
              "jahresNetto": 516.1,
              "bruttopreisFuerZahlweise": 150.11
            },
            {
              "taasTarifrisikoschluessel": "HAUS_UND_WOHNSCHUTZBRIEF",
              "jahresNetto": 2.64,
              "bruttopreisFuerZahlweise": 0.77
            },
            {
              "taasTarifrisikoschluessel": "FEUER",
              "jahresNetto": 227.67,
              "bruttopreisFuerZahlweise": 66.22
            }
          ],
          "treuebonus": 25,
          "linienBruttopreis": 279.92,
          "gesamtBruttopreisFuerZahlweise": 279.92,
          "gesamtBruttopreisJaehrlich": 1119.68
        },
        {
          "zahlweise": "MONATLICH",
          "selbstbeteiligung": "SELBSTBETEILIGUNG_0000",
          "laufzeit": "DREI_JAHRE",
          "zaehlstuecke": 1,
          "bausteinPreise": [
            {
              "taasTarifrisikoschluessel": "STURM",
              "jahresNetto": 216.01,
              "bruttopreisFuerZahlweise": 20.94
            },
            {
              "taasTarifrisikoschluessel": "LEITUNGSWASSER",
              "jahresNetto": 516.1,
              "bruttopreisFuerZahlweise": 50.04
            },
            {
              "taasTarifrisikoschluessel": "HAUS_UND_WOHNSCHUTZBRIEF",
              "jahresNetto": 2.64,
              "bruttopreisFuerZahlweise": 0.26
            },
            {
              "taasTarifrisikoschluessel": "FEUER",
              "jahresNetto": 227.67,
              "bruttopreisFuerZahlweise": 22.07
            }
          ],
          "treuebonus": 25,
          "linienBruttopreis": 93.31,
          "gesamtBruttopreisFuerZahlweise": 93.31,
          "gesamtBruttopreisJaehrlich": 1119.68
        },
        {
          "zahlweise": "JAEHRLICH",
          "selbstbeteiligung": "SELBSTBETEILIGUNG_0000",
          "laufzeit": "EIN_JAHR",
          "zaehlstuecke": 2,
          "bausteinPreise": [
            {
              "taasTarifrisikoschluessel": "STURM",
              "jahresNetto": 216.01,
              "bruttopreisFuerZahlweise": 251.31
            },
            {
              "taasTarifrisikoschluessel": "LEITUNGSWASSER",
              "jahresNetto": 516.1,
              "bruttopreisFuerZahlweise": 600.43
            },
            {
              "taasTarifrisikoschluessel": "HAUS_UND_WOHNSCHUTZBRIEF",
              "jahresNetto": 2.64,
              "bruttopreisFuerZahlweise": 3.07
            },
            {
              "taasTarifrisikoschluessel": "FEUER",
              "jahresNetto": 227.67,
              "bruttopreisFuerZahlweise": 264.87
            }
          ],
          "treuebonus": 0,
          "linienBruttopreis": 1119.68,
          "gesamtBruttopreisFuerZahlweise": 1119.68,
          "gesamtBruttopreisJaehrlich": 1119.68
        },
        {
          "zahlweise": "HALBJAEHRLICH",
          "selbstbeteiligung": "SELBSTBETEILIGUNG_0000",
          "laufzeit": "EIN_JAHR",
          "zaehlstuecke": 2,
          "bausteinPreise": [
            {
              "taasTarifrisikoschluessel": "STURM",
              "jahresNetto": 222.46,
              "bruttopreisFuerZahlweise": 129.4
            },
            {
              "taasTarifrisikoschluessel": "LEITUNGSWASSER",
              "jahresNetto": 531.6,
              "bruttopreisFuerZahlweise": 309.23
            },
            {
              "taasTarifrisikoschluessel": "HAUS_UND_WOHNSCHUTZBRIEF",
              "jahresNetto": 2.64,
              "bruttopreisFuerZahlweise": 1.54
            },
            {
              "taasTarifrisikoschluessel": "FEUER",
              "jahresNetto": 234.51,
              "bruttopreisFuerZahlweise": 136.41
            }
          ],
          "treuebonus": 0,
          "linienBruttopreis": 576.59,
          "gesamtBruttopreisFuerZahlweise": 576.59,
          "gesamtBruttopreisJaehrlich": 1153.17
        },
        {
          "zahlweise": "VIERTELJAEHRLICH",
          "selbstbeteiligung": "SELBSTBETEILIGUNG_0000",
          "laufzeit": "EIN_JAHR",
          "zaehlstuecke": 2,
          "bausteinPreise": [
            {
              "taasTarifrisikoschluessel": "STURM",
              "jahresNetto": 226.85,
              "bruttopreisFuerZahlweise": 65.98
            },
            {
              "taasTarifrisikoschluessel": "LEITUNGSWASSER",
              "jahresNetto": 541.93,
              "bruttopreisFuerZahlweise": 157.62
            },
            {
              "taasTarifrisikoschluessel": "HAUS_UND_WOHNSCHUTZBRIEF",
              "jahresNetto": 2.76,
              "bruttopreisFuerZahlweise": 0.8
            },
            {
              "taasTarifrisikoschluessel": "FEUER",
              "jahresNetto": 239.02,
              "bruttopreisFuerZahlweise": 69.52
            }
          ],
          "treuebonus": 0,
          "linienBruttopreis": 293.92,
          "gesamtBruttopreisFuerZahlweise": 293.92,
          "gesamtBruttopreisJaehrlich": 1175.69
        },
        {
          "zahlweise": "MONATLICH",
          "selbstbeteiligung": "SELBSTBETEILIGUNG_0000",
          "laufzeit": "EIN_JAHR",
          "zaehlstuecke": 2,
          "bausteinPreise": [
            {
              "taasTarifrisikoschluessel": "STURM",
              "jahresNetto": 229.04,
              "bruttopreisFuerZahlweise": 22.21
            },
            {
              "taasTarifrisikoschluessel": "LEITUNGSWASSER",
              "jahresNetto": 547.09,
              "bruttopreisFuerZahlweise": 53.04
            },
            {
              "taasTarifrisikoschluessel": "HAUS_UND_WOHNSCHUTZBRIEF",
              "jahresNetto": 2.76,
              "bruttopreisFuerZahlweise": 0.27
            },
            {
              "taasTarifrisikoschluessel": "FEUER",
              "jahresNetto": 241.35,
              "bruttopreisFuerZahlweise": 23.4
            }
          ],
          "treuebonus": 0,
          "linienBruttopreis": 98.91,
          "gesamtBruttopreisFuerZahlweise": 98.91,
          "gesamtBruttopreisJaehrlich": 1186.95
        },
        {
          "zahlweise": "JAEHRLICH",
          "selbstbeteiligung": "SELBSTBETEILIGUNG_0000",
          "laufzeit": "DREI_JAHRE",
          "zaehlstuecke": 2,
          "bausteinPreise": [
            {
              "taasTarifrisikoschluessel": "STURM",
              "jahresNetto": 205.17,
              "bruttopreisFuerZahlweise": 238.69
            },
            {
              "taasTarifrisikoschluessel": "LEITUNGSWASSER",
              "jahresNetto": 490.28,
              "bruttopreisFuerZahlweise": 570.39
            },
            {
              "taasTarifrisikoschluessel": "HAUS_UND_WOHNSCHUTZBRIEF",
              "jahresNetto": 2.52,
              "bruttopreisFuerZahlweise": 2.93
            },
            {
              "taasTarifrisikoschluessel": "FEUER",
              "jahresNetto": 216.31,
              "bruttopreisFuerZahlweise": 251.66
            }
          ],
          "treuebonus": 25,
          "linienBruttopreis": 1063.67,
          "gesamtBruttopreisFuerZahlweise": 1063.67,
          "gesamtBruttopreisJaehrlich": 1063.67
        },
        {
          "zahlweise": "HALBJAEHRLICH",
          "selbstbeteiligung": "SELBSTBETEILIGUNG_0000",
          "laufzeit": "DREI_JAHRE",
          "zaehlstuecke": 2,
          "bausteinPreise": [
            {
              "taasTarifrisikoschluessel": "STURM",
              "jahresNetto": 205.17,
              "bruttopreisFuerZahlweise": 119.35
            },
            {
              "taasTarifrisikoschluessel": "LEITUNGSWASSER",
              "jahresNetto": 490.28,
              "bruttopreisFuerZahlweise": 285.2
            },
            {
              "taasTarifrisikoschluessel": "HAUS_UND_WOHNSCHUTZBRIEF",
              "jahresNetto": 2.52,
              "bruttopreisFuerZahlweise": 1.47
            },
            {
              "taasTarifrisikoschluessel": "FEUER",
              "jahresNetto": 216.31,
              "bruttopreisFuerZahlweise": 125.83
            }
          ],
          "treuebonus": 25,
          "linienBruttopreis": 531.84,
          "gesamtBruttopreisFuerZahlweise": 531.84,
          "gesamtBruttopreisJaehrlich": 1063.67
        },
        {
          "zahlweise": "VIERTELJAEHRLICH",
          "selbstbeteiligung": "SELBSTBETEILIGUNG_0000",
          "laufzeit": "DREI_JAHRE",
          "zaehlstuecke": 2,
          "bausteinPreise": [
            {
              "taasTarifrisikoschluessel": "STURM",
              "jahresNetto": 205.17,
              "bruttopreisFuerZahlweise": 59.67
            },
            {
              "taasTarifrisikoschluessel": "LEITUNGSWASSER",
              "jahresNetto": 490.28,
              "bruttopreisFuerZahlweise": 142.6
            },
            {
              "taasTarifrisikoschluessel": "HAUS_UND_WOHNSCHUTZBRIEF",
              "jahresNetto": 2.52,
              "bruttopreisFuerZahlweise": 0.73
            },
            {
              "taasTarifrisikoschluessel": "FEUER",
              "jahresNetto": 216.31,
              "bruttopreisFuerZahlweise": 62.91
            }
          ],
          "treuebonus": 25,
          "linienBruttopreis": 265.92,
          "gesamtBruttopreisFuerZahlweise": 265.92,
          "gesamtBruttopreisJaehrlich": 1063.67
        },
        {
          "zahlweise": "MONATLICH",
          "selbstbeteiligung": "SELBSTBETEILIGUNG_0000",
          "laufzeit": "DREI_JAHRE",
          "zaehlstuecke": 2,
          "bausteinPreise": [
            {
              "taasTarifrisikoschluessel": "STURM",
              "jahresNetto": 205.17,
              "bruttopreisFuerZahlweise": 19.89
            },
            {
              "taasTarifrisikoschluessel": "LEITUNGSWASSER",
              "jahresNetto": 490.28,
              "bruttopreisFuerZahlweise": 47.53
            },
            {
              "taasTarifrisikoschluessel": "HAUS_UND_WOHNSCHUTZBRIEF",
              "jahresNetto": 2.52,
              "bruttopreisFuerZahlweise": 0.24
            },
            {
              "taasTarifrisikoschluessel": "FEUER",
              "jahresNetto": 216.31,
              "bruttopreisFuerZahlweise": 20.97
            }
          ],
          "treuebonus": 25,
          "linienBruttopreis": 88.64,
          "gesamtBruttopreisFuerZahlweise": 88.64,
          "gesamtBruttopreisJaehrlich": 1063.67
        },
        {
          "zahlweise": "JAEHRLICH",
          "selbstbeteiligung": "SELBSTBETEILIGUNG_0000",
          "laufzeit": "EIN_JAHR",
          "zaehlstuecke": 3,
          "bausteinPreise": [
            {
              "taasTarifrisikoschluessel": "STURM",
              "jahresNetto": 216.01,
              "bruttopreisFuerZahlweise": 251.31
            },
            {
              "taasTarifrisikoschluessel": "LEITUNGSWASSER",
              "jahresNetto": 516.1,
              "bruttopreisFuerZahlweise": 600.43
            },
            {
              "taasTarifrisikoschluessel": "HAUS_UND_WOHNSCHUTZBRIEF",
              "jahresNetto": 2.64,
              "bruttopreisFuerZahlweise": 3.07
            },
            {
              "taasTarifrisikoschluessel": "FEUER",
              "jahresNetto": 227.67,
              "bruttopreisFuerZahlweise": 264.87
            }
          ],
          "treuebonus": 0,
          "linienBruttopreis": 1119.68,
          "gesamtBruttopreisFuerZahlweise": 1119.68,
          "gesamtBruttopreisJaehrlich": 1119.68
        },
        {
          "zahlweise": "HALBJAEHRLICH",
          "selbstbeteiligung": "SELBSTBETEILIGUNG_0000",
          "laufzeit": "EIN_JAHR",
          "zaehlstuecke": 3,
          "bausteinPreise": [
            {
              "taasTarifrisikoschluessel": "STURM",
              "jahresNetto": 222.46,
              "bruttopreisFuerZahlweise": 129.4
            },
            {
              "taasTarifrisikoschluessel": "LEITUNGSWASSER",
              "jahresNetto": 531.6,
              "bruttopreisFuerZahlweise": 309.23
            },
            {
              "taasTarifrisikoschluessel": "HAUS_UND_WOHNSCHUTZBRIEF",
              "jahresNetto": 2.64,
              "bruttopreisFuerZahlweise": 1.54
            },
            {
              "taasTarifrisikoschluessel": "FEUER",
              "jahresNetto": 234.51,
              "bruttopreisFuerZahlweise": 136.41
            }
          ],
          "treuebonus": 0,
          "linienBruttopreis": 576.59,
          "gesamtBruttopreisFuerZahlweise": 576.59,
          "gesamtBruttopreisJaehrlich": 1153.17
        },
        {
          "zahlweise": "VIERTELJAEHRLICH",
          "selbstbeteiligung": "SELBSTBETEILIGUNG_0000",
          "laufzeit": "EIN_JAHR",
          "zaehlstuecke": 3,
          "bausteinPreise": [
            {
              "taasTarifrisikoschluessel": "STURM",
              "jahresNetto": 226.85,
              "bruttopreisFuerZahlweise": 65.98
            },
            {
              "taasTarifrisikoschluessel": "LEITUNGSWASSER",
              "jahresNetto": 541.93,
              "bruttopreisFuerZahlweise": 157.62
            },
            {
              "taasTarifrisikoschluessel": "HAUS_UND_WOHNSCHUTZBRIEF",
              "jahresNetto": 2.76,
              "bruttopreisFuerZahlweise": 0.8
            },
            {
              "taasTarifrisikoschluessel": "FEUER",
              "jahresNetto": 239.02,
              "bruttopreisFuerZahlweise": 69.52
            }
          ],
          "treuebonus": 0,
          "linienBruttopreis": 293.92,
          "gesamtBruttopreisFuerZahlweise": 293.92,
          "gesamtBruttopreisJaehrlich": 1175.69
        },
        {
          "zahlweise": "MONATLICH",
          "selbstbeteiligung": "SELBSTBETEILIGUNG_0000",
          "laufzeit": "EIN_JAHR",
          "zaehlstuecke": 3,
          "bausteinPreise": [
            {
              "taasTarifrisikoschluessel": "STURM",
              "jahresNetto": 229.04,
              "bruttopreisFuerZahlweise": 22.21
            },
            {
              "taasTarifrisikoschluessel": "LEITUNGSWASSER",
              "jahresNetto": 547.09,
              "bruttopreisFuerZahlweise": 53.04
            },
            {
              "taasTarifrisikoschluessel": "HAUS_UND_WOHNSCHUTZBRIEF",
              "jahresNetto": 2.76,
              "bruttopreisFuerZahlweise": 0.27
            },
            {
              "taasTarifrisikoschluessel": "FEUER",
              "jahresNetto": 241.35,
              "bruttopreisFuerZahlweise": 23.4
            }
          ],
          "treuebonus": 0,
          "linienBruttopreis": 98.91,
          "gesamtBruttopreisFuerZahlweise": 98.91,
          "gesamtBruttopreisJaehrlich": 1186.95
        },
        {
          "zahlweise": "JAEHRLICH",
          "selbstbeteiligung": "SELBSTBETEILIGUNG_0000",
          "laufzeit": "DREI_JAHRE",
          "zaehlstuecke": 3,
          "bausteinPreise": [
            {
              "taasTarifrisikoschluessel": "STURM",
              "jahresNetto": 194.46,
              "bruttopreisFuerZahlweise": 226.23
            },
            {
              "taasTarifrisikoschluessel": "LEITUNGSWASSER",
              "jahresNetto": 464.46,
              "bruttopreisFuerZahlweise": 540.35
            },
            {
              "taasTarifrisikoschluessel": "HAUS_UND_WOHNSCHUTZBRIEF",
              "jahresNetto": 2.28,
              "bruttopreisFuerZahlweise": 2.65
            },
            {
              "taasTarifrisikoschluessel": "FEUER",
              "jahresNetto": 204.95,
              "bruttopreisFuerZahlweise": 238.44
            }
          ],
          "treuebonus": 25,
          "linienBruttopreis": 1007.68,
          "gesamtBruttopreisFuerZahlweise": 1007.68,
          "gesamtBruttopreisJaehrlich": 1007.68
        },
        {
          "zahlweise": "HALBJAEHRLICH",
          "selbstbeteiligung": "SELBSTBETEILIGUNG_0000",
          "laufzeit": "DREI_JAHRE",
          "zaehlstuecke": 3,
          "bausteinPreise": [
            {
              "taasTarifrisikoschluessel": "STURM",
              "jahresNetto": 194.46,
              "bruttopreisFuerZahlweise": 113.12
            },
            {
              "taasTarifrisikoschluessel": "LEITUNGSWASSER",
              "jahresNetto": 464.46,
              "bruttopreisFuerZahlweise": 270.18
            },
            {
              "taasTarifrisikoschluessel": "HAUS_UND_WOHNSCHUTZBRIEF",
              "jahresNetto": 2.28,
              "bruttopreisFuerZahlweise": 1.33
            },
            {
              "taasTarifrisikoschluessel": "FEUER",
              "jahresNetto": 204.95,
              "bruttopreisFuerZahlweise": 119.22
            }
          ],
          "treuebonus": 25,
          "linienBruttopreis": 503.84,
          "gesamtBruttopreisFuerZahlweise": 503.84,
          "gesamtBruttopreisJaehrlich": 1007.68
        },
        {
          "zahlweise": "VIERTELJAEHRLICH",
          "selbstbeteiligung": "SELBSTBETEILIGUNG_0000",
          "laufzeit": "DREI_JAHRE",
          "zaehlstuecke": 3,
          "bausteinPreise": [
            {
              "taasTarifrisikoschluessel": "STURM",
              "jahresNetto": 194.46,
              "bruttopreisFuerZahlweise": 56.56
            },
            {
              "taasTarifrisikoschluessel": "LEITUNGSWASSER",
              "jahresNetto": 464.46,
              "bruttopreisFuerZahlweise": 135.09
            },
            {
              "taasTarifrisikoschluessel": "HAUS_UND_WOHNSCHUTZBRIEF",
              "jahresNetto": 2.28,
              "bruttopreisFuerZahlweise": 0.66
            },
            {
              "taasTarifrisikoschluessel": "FEUER",
              "jahresNetto": 204.95,
              "bruttopreisFuerZahlweise": 59.61
            }
          ],
          "treuebonus": 25,
          "linienBruttopreis": 251.92,
          "gesamtBruttopreisFuerZahlweise": 251.92,
          "gesamtBruttopreisJaehrlich": 1007.68
        },
        {
          "zahlweise": "MONATLICH",
          "selbstbeteiligung": "SELBSTBETEILIGUNG_0000",
          "laufzeit": "DREI_JAHRE",
          "zaehlstuecke": 3,
          "bausteinPreise": [
            {
              "taasTarifrisikoschluessel": "STURM",
              "jahresNetto": 194.46,
              "bruttopreisFuerZahlweise": 18.85
            },
            {
              "taasTarifrisikoschluessel": "LEITUNGSWASSER",
              "jahresNetto": 464.46,
              "bruttopreisFuerZahlweise": 45.03
            },
            {
              "taasTarifrisikoschluessel": "HAUS_UND_WOHNSCHUTZBRIEF",
              "jahresNetto": 2.28,
              "bruttopreisFuerZahlweise": 0.22
            },
            {
              "taasTarifrisikoschluessel": "FEUER",
              "jahresNetto": 204.95,
              "bruttopreisFuerZahlweise": 19.87
            }
          ],
          "treuebonus": 25,
          "linienBruttopreis": 83.97,
          "gesamtBruttopreisFuerZahlweise": 83.97,
          "gesamtBruttopreisJaehrlich": 1007.68
        },
        {
          "zahlweise": "JAEHRLICH",
          "selbstbeteiligung": "SELBSTBETEILIGUNG_0000",
          "laufzeit": "EIN_JAHR",
          "zaehlstuecke": 4,
          "bausteinPreise": [
            {
              "taasTarifrisikoschluessel": "STURM",
              "jahresNetto": 216.01,
              "bruttopreisFuerZahlweise": 251.31
            },
            {
              "taasTarifrisikoschluessel": "LEITUNGSWASSER",
              "jahresNetto": 516.1,
              "bruttopreisFuerZahlweise": 600.43
            },
            {
              "taasTarifrisikoschluessel": "HAUS_UND_WOHNSCHUTZBRIEF",
              "jahresNetto": 2.64,
              "bruttopreisFuerZahlweise": 3.07
            },
            {
              "taasTarifrisikoschluessel": "FEUER",
              "jahresNetto": 227.67,
              "bruttopreisFuerZahlweise": 264.87
            }
          ],
          "treuebonus": 0,
          "linienBruttopreis": 1119.68,
          "gesamtBruttopreisFuerZahlweise": 1119.68,
          "gesamtBruttopreisJaehrlich": 1119.68
        },
        {
          "zahlweise": "HALBJAEHRLICH",
          "selbstbeteiligung": "SELBSTBETEILIGUNG_0000",
          "laufzeit": "EIN_JAHR",
          "zaehlstuecke": 4,
          "bausteinPreise": [
            {
              "taasTarifrisikoschluessel": "STURM",
              "jahresNetto": 222.46,
              "bruttopreisFuerZahlweise": 129.4
            },
            {
              "taasTarifrisikoschluessel": "LEITUNGSWASSER",
              "jahresNetto": 531.6,
              "bruttopreisFuerZahlweise": 309.23
            },
            {
              "taasTarifrisikoschluessel": "HAUS_UND_WOHNSCHUTZBRIEF",
              "jahresNetto": 2.64,
              "bruttopreisFuerZahlweise": 1.54
            },
            {
              "taasTarifrisikoschluessel": "FEUER",
              "jahresNetto": 234.51,
              "bruttopreisFuerZahlweise": 136.41
            }
          ],
          "treuebonus": 0,
          "linienBruttopreis": 576.59,
          "gesamtBruttopreisFuerZahlweise": 576.59,
          "gesamtBruttopreisJaehrlich": 1153.17
        },
        {
          "zahlweise": "VIERTELJAEHRLICH",
          "selbstbeteiligung": "SELBSTBETEILIGUNG_0000",
          "laufzeit": "EIN_JAHR",
          "zaehlstuecke": 4,
          "bausteinPreise": [
            {
              "taasTarifrisikoschluessel": "STURM",
              "jahresNetto": 226.85,
              "bruttopreisFuerZahlweise": 65.98
            },
            {
              "taasTarifrisikoschluessel": "LEITUNGSWASSER",
              "jahresNetto": 541.93,
              "bruttopreisFuerZahlweise": 157.62
            },
            {
              "taasTarifrisikoschluessel": "HAUS_UND_WOHNSCHUTZBRIEF",
              "jahresNetto": 2.76,
              "bruttopreisFuerZahlweise": 0.8
            },
            {
              "taasTarifrisikoschluessel": "FEUER",
              "jahresNetto": 239.02,
              "bruttopreisFuerZahlweise": 69.52
            }
          ],
          "treuebonus": 0,
          "linienBruttopreis": 293.92,
          "gesamtBruttopreisFuerZahlweise": 293.92,
          "gesamtBruttopreisJaehrlich": 1175.69
        },
        {
          "zahlweise": "MONATLICH",
          "selbstbeteiligung": "SELBSTBETEILIGUNG_0000",
          "laufzeit": "EIN_JAHR",
          "zaehlstuecke": 4,
          "bausteinPreise": [
            {
              "taasTarifrisikoschluessel": "STURM",
              "jahresNetto": 229.04,
              "bruttopreisFuerZahlweise": 22.21
            },
            {
              "taasTarifrisikoschluessel": "LEITUNGSWASSER",
              "jahresNetto": 547.09,
              "bruttopreisFuerZahlweise": 53.04
            },
            {
              "taasTarifrisikoschluessel": "HAUS_UND_WOHNSCHUTZBRIEF",
              "jahresNetto": 2.76,
              "bruttopreisFuerZahlweise": 0.27
            },
            {
              "taasTarifrisikoschluessel": "FEUER",
              "jahresNetto": 241.35,
              "bruttopreisFuerZahlweise": 23.4
            }
          ],
          "treuebonus": 0,
          "linienBruttopreis": 98.91,
          "gesamtBruttopreisFuerZahlweise": 98.91,
          "gesamtBruttopreisJaehrlich": 1186.95
        },
        {
          "zahlweise": "JAEHRLICH",
          "selbstbeteiligung": "SELBSTBETEILIGUNG_0000",
          "laufzeit": "DREI_JAHRE",
          "zaehlstuecke": 4,
          "bausteinPreise": [
            {
              "taasTarifrisikoschluessel": "STURM",
              "jahresNetto": 183.62,
              "bruttopreisFuerZahlweise": 213.62
            },
            {
              "taasTarifrisikoschluessel": "LEITUNGSWASSER",
              "jahresNetto": 438.64,
              "bruttopreisFuerZahlweise": 510.31
            },
            {
              "taasTarifrisikoschluessel": "HAUS_UND_WOHNSCHUTZBRIEF",
              "jahresNetto": 2.16,
              "bruttopreisFuerZahlweise": 2.51
            },
            {
              "taasTarifrisikoschluessel": "FEUER",
              "jahresNetto": 193.47,
              "bruttopreisFuerZahlweise": 225.08
            }
          ],
          "treuebonus": 25,
          "linienBruttopreis": 951.53,
          "gesamtBruttopreisFuerZahlweise": 951.53,
          "gesamtBruttopreisJaehrlich": 951.53
        },
        {
          "zahlweise": "HALBJAEHRLICH",
          "selbstbeteiligung": "SELBSTBETEILIGUNG_0000",
          "laufzeit": "DREI_JAHRE",
          "zaehlstuecke": 4,
          "bausteinPreise": [
            {
              "taasTarifrisikoschluessel": "STURM",
              "jahresNetto": 183.62,
              "bruttopreisFuerZahlweise": 106.81
            },
            {
              "taasTarifrisikoschluessel": "LEITUNGSWASSER",
              "jahresNetto": 438.64,
              "bruttopreisFuerZahlweise": 255.16
            },
            {
              "taasTarifrisikoschluessel": "HAUS_UND_WOHNSCHUTZBRIEF",
              "jahresNetto": 2.16,
              "bruttopreisFuerZahlweise": 1.26
            },
            {
              "taasTarifrisikoschluessel": "FEUER",
              "jahresNetto": 193.47,
              "bruttopreisFuerZahlweise": 112.54
            }
          ],
          "treuebonus": 25,
          "linienBruttopreis": 475.77,
          "gesamtBruttopreisFuerZahlweise": 475.77,
          "gesamtBruttopreisJaehrlich": 951.53
        },
        {
          "zahlweise": "VIERTELJAEHRLICH",
          "selbstbeteiligung": "SELBSTBETEILIGUNG_0000",
          "laufzeit": "DREI_JAHRE",
          "zaehlstuecke": 4,
          "bausteinPreise": [
            {
              "taasTarifrisikoschluessel": "STURM",
              "jahresNetto": 183.62,
              "bruttopreisFuerZahlweise": 53.41
            },
            {
              "taasTarifrisikoschluessel": "LEITUNGSWASSER",
              "jahresNetto": 438.64,
              "bruttopreisFuerZahlweise": 127.58
            },
            {
              "taasTarifrisikoschluessel": "HAUS_UND_WOHNSCHUTZBRIEF",
              "jahresNetto": 2.16,
              "bruttopreisFuerZahlweise": 0.63
            },
            {
              "taasTarifrisikoschluessel": "FEUER",
              "jahresNetto": 193.47,
              "bruttopreisFuerZahlweise": 56.27
            }
          ],
          "treuebonus": 25,
          "linienBruttopreis": 237.88,
          "gesamtBruttopreisFuerZahlweise": 237.88,
          "gesamtBruttopreisJaehrlich": 951.53
        },
        {
          "zahlweise": "MONATLICH",
          "selbstbeteiligung": "SELBSTBETEILIGUNG_0000",
          "laufzeit": "DREI_JAHRE",
          "zaehlstuecke": 4,
          "bausteinPreise": [
            {
              "taasTarifrisikoschluessel": "STURM",
              "jahresNetto": 183.62,
              "bruttopreisFuerZahlweise": 17.8
            },
            {
              "taasTarifrisikoschluessel": "LEITUNGSWASSER",
              "jahresNetto": 438.64,
              "bruttopreisFuerZahlweise": 42.53
            },
            {
              "taasTarifrisikoschluessel": "HAUS_UND_WOHNSCHUTZBRIEF",
              "jahresNetto": 2.16,
              "bruttopreisFuerZahlweise": 0.21
            },
            {
              "taasTarifrisikoschluessel": "FEUER",
              "jahresNetto": 193.47,
              "bruttopreisFuerZahlweise": 18.76
            }
          ],
          "treuebonus": 25,
          "linienBruttopreis": 79.29,
          "gesamtBruttopreisFuerZahlweise": 79.29,
          "gesamtBruttopreisJaehrlich": 951.53
        },
        {
          "zahlweise": "JAEHRLICH",
          "selbstbeteiligung": "SELBSTBETEILIGUNG_0000",
          "laufzeit": "EIN_JAHR",
          "zaehlstuecke": 5,
          "bausteinPreise": [
            {
              "taasTarifrisikoschluessel": "STURM",
              "jahresNetto": 216.01,
              "bruttopreisFuerZahlweise": 251.31
            },
            {
              "taasTarifrisikoschluessel": "LEITUNGSWASSER",
              "jahresNetto": 516.1,
              "bruttopreisFuerZahlweise": 600.43
            },
            {
              "taasTarifrisikoschluessel": "HAUS_UND_WOHNSCHUTZBRIEF",
              "jahresNetto": 2.64,
              "bruttopreisFuerZahlweise": 3.07
            },
            {
              "taasTarifrisikoschluessel": "FEUER",
              "jahresNetto": 227.67,
              "bruttopreisFuerZahlweise": 264.87
            }
          ],
          "treuebonus": 0,
          "linienBruttopreis": 1119.68,
          "gesamtBruttopreisFuerZahlweise": 1119.68,
          "gesamtBruttopreisJaehrlich": 1119.68
        },
        {
          "zahlweise": "HALBJAEHRLICH",
          "selbstbeteiligung": "SELBSTBETEILIGUNG_0000",
          "laufzeit": "EIN_JAHR",
          "zaehlstuecke": 5,
          "bausteinPreise": [
            {
              "taasTarifrisikoschluessel": "STURM",
              "jahresNetto": 222.46,
              "bruttopreisFuerZahlweise": 129.4
            },
            {
              "taasTarifrisikoschluessel": "LEITUNGSWASSER",
              "jahresNetto": 531.6,
              "bruttopreisFuerZahlweise": 309.23
            },
            {
              "taasTarifrisikoschluessel": "HAUS_UND_WOHNSCHUTZBRIEF",
              "jahresNetto": 2.64,
              "bruttopreisFuerZahlweise": 1.54
            },
            {
              "taasTarifrisikoschluessel": "FEUER",
              "jahresNetto": 234.51,
              "bruttopreisFuerZahlweise": 136.41
            }
          ],
          "treuebonus": 0,
          "linienBruttopreis": 576.59,
          "gesamtBruttopreisFuerZahlweise": 576.59,
          "gesamtBruttopreisJaehrlich": 1153.17
        },
        {
          "zahlweise": "VIERTELJAEHRLICH",
          "selbstbeteiligung": "SELBSTBETEILIGUNG_0000",
          "laufzeit": "EIN_JAHR",
          "zaehlstuecke": 5,
          "bausteinPreise": [
            {
              "taasTarifrisikoschluessel": "STURM",
              "jahresNetto": 226.85,
              "bruttopreisFuerZahlweise": 65.98
            },
            {
              "taasTarifrisikoschluessel": "LEITUNGSWASSER",
              "jahresNetto": 541.93,
              "bruttopreisFuerZahlweise": 157.62
            },
            {
              "taasTarifrisikoschluessel": "HAUS_UND_WOHNSCHUTZBRIEF",
              "jahresNetto": 2.76,
              "bruttopreisFuerZahlweise": 0.8
            },
            {
              "taasTarifrisikoschluessel": "FEUER",
              "jahresNetto": 239.02,
              "bruttopreisFuerZahlweise": 69.52
            }
          ],
          "treuebonus": 0,
          "linienBruttopreis": 293.92,
          "gesamtBruttopreisFuerZahlweise": 293.92,
          "gesamtBruttopreisJaehrlich": 1175.69
        },
        {
          "zahlweise": "MONATLICH",
          "selbstbeteiligung": "SELBSTBETEILIGUNG_0000",
          "laufzeit": "EIN_JAHR",
          "zaehlstuecke": 5,
          "bausteinPreise": [
            {
              "taasTarifrisikoschluessel": "STURM",
              "jahresNetto": 229.04,
              "bruttopreisFuerZahlweise": 22.21
            },
            {
              "taasTarifrisikoschluessel": "LEITUNGSWASSER",
              "jahresNetto": 547.09,
              "bruttopreisFuerZahlweise": 53.04
            },
            {
              "taasTarifrisikoschluessel": "HAUS_UND_WOHNSCHUTZBRIEF",
              "jahresNetto": 2.76,
              "bruttopreisFuerZahlweise": 0.27
            },
            {
              "taasTarifrisikoschluessel": "FEUER",
              "jahresNetto": 241.35,
              "bruttopreisFuerZahlweise": 23.4
            }
          ],
          "treuebonus": 0,
          "linienBruttopreis": 98.91,
          "gesamtBruttopreisFuerZahlweise": 98.91,
          "gesamtBruttopreisJaehrlich": 1186.95
        },
        {
          "zahlweise": "JAEHRLICH",
          "selbstbeteiligung": "SELBSTBETEILIGUNG_0000",
          "laufzeit": "DREI_JAHRE",
          "zaehlstuecke": 5,
          "bausteinPreise": [
            {
              "taasTarifrisikoschluessel": "STURM",
              "jahresNetto": 172.78,
              "bruttopreisFuerZahlweise": 201.01
            },
            {
              "taasTarifrisikoschluessel": "LEITUNGSWASSER",
              "jahresNetto": 412.98,
              "bruttopreisFuerZahlweise": 480.46
            },
            {
              "taasTarifrisikoschluessel": "HAUS_UND_WOHNSCHUTZBRIEF",
              "jahresNetto": 2.04,
              "bruttopreisFuerZahlweise": 2.37
            },
            {
              "taasTarifrisikoschluessel": "FEUER",
              "jahresNetto": 182.11,
              "bruttopreisFuerZahlweise": 211.87
            }
          ],
          "treuebonus": 25,
          "linienBruttopreis": 895.71,
          "gesamtBruttopreisFuerZahlweise": 895.71,
          "gesamtBruttopreisJaehrlich": 895.71
        },
        {
          "zahlweise": "HALBJAEHRLICH",
          "selbstbeteiligung": "SELBSTBETEILIGUNG_0000",
          "laufzeit": "DREI_JAHRE",
          "zaehlstuecke": 5,
          "bausteinPreise": [
            {
              "taasTarifrisikoschluessel": "STURM",
              "jahresNetto": 172.78,
              "bruttopreisFuerZahlweise": 100.51
            },
            {
              "taasTarifrisikoschluessel": "LEITUNGSWASSER",
              "jahresNetto": 412.98,
              "bruttopreisFuerZahlweise": 240.23
            },
            {
              "taasTarifrisikoschluessel": "HAUS_UND_WOHNSCHUTZBRIEF",
              "jahresNetto": 2.04,
              "bruttopreisFuerZahlweise": 1.19
            },
            {
              "taasTarifrisikoschluessel": "FEUER",
              "jahresNetto": 182.11,
              "bruttopreisFuerZahlweise": 105.93
            }
          ],
          "treuebonus": 25,
          "linienBruttopreis": 447.86,
          "gesamtBruttopreisFuerZahlweise": 447.86,
          "gesamtBruttopreisJaehrlich": 895.71
        },
        {
          "zahlweise": "VIERTELJAEHRLICH",
          "selbstbeteiligung": "SELBSTBETEILIGUNG_0000",
          "laufzeit": "DREI_JAHRE",
          "zaehlstuecke": 5,
          "bausteinPreise": [
            {
              "taasTarifrisikoschluessel": "STURM",
              "jahresNetto": 172.78,
              "bruttopreisFuerZahlweise": 50.25
            },
            {
              "taasTarifrisikoschluessel": "LEITUNGSWASSER",
              "jahresNetto": 412.98,
              "bruttopreisFuerZahlweise": 120.12
            },
            {
              "taasTarifrisikoschluessel": "HAUS_UND_WOHNSCHUTZBRIEF",
              "jahresNetto": 2.04,
              "bruttopreisFuerZahlweise": 0.59
            },
            {
              "taasTarifrisikoschluessel": "FEUER",
              "jahresNetto": 182.11,
              "bruttopreisFuerZahlweise": 52.97
            }
          ],
          "treuebonus": 25,
          "linienBruttopreis": 223.93,
          "gesamtBruttopreisFuerZahlweise": 223.93,
          "gesamtBruttopreisJaehrlich": 895.71
        },
        {
          "zahlweise": "MONATLICH",
          "selbstbeteiligung": "SELBSTBETEILIGUNG_0000",
          "laufzeit": "DREI_JAHRE",
          "zaehlstuecke": 5,
          "bausteinPreise": [
            {
              "taasTarifrisikoschluessel": "STURM",
              "jahresNetto": 172.78,
              "bruttopreisFuerZahlweise": 16.75
            },
            {
              "taasTarifrisikoschluessel": "LEITUNGSWASSER",
              "jahresNetto": 412.98,
              "bruttopreisFuerZahlweise": 40.04
            },
            {
              "taasTarifrisikoschluessel": "HAUS_UND_WOHNSCHUTZBRIEF",
              "jahresNetto": 2.04,
              "bruttopreisFuerZahlweise": 0.2
            },
            {
              "taasTarifrisikoschluessel": "FEUER",
              "jahresNetto": 182.11,
              "bruttopreisFuerZahlweise": 17.66
            }
          ],
          "treuebonus": 25,
          "linienBruttopreis": 74.64,
          "gesamtBruttopreisFuerZahlweise": 74.64,
          "gesamtBruttopreisJaehrlich": 895.71
        }
      ]
    }
  ],
  "gisDaten": {
    "konvergenz150": 4.33,
    "konvergenz300": 15.58,
    "steigung": 11.95,
    "bodenversiegelung": 7,
    "bewaldungsdichte": 28,
    "bewaldungsart100": 0,
    "bewaldungsart20": 0,
    "hoehe": 415.54,
    "flutzone": 1,
    "landform": 4,
    "senke": 0,
    "bachzone": 0,
    "gebaeudeGrundflaeche": 122,
    "starkregenzone": 1,
    "zuersGefaehrdungsklasse": 1,
    "latitude": null,
    "longitude": null,
    "gleitenderNeuwert": 1.522,
    "matchcode": null
  },
  "elementarSB": {
    "id": "1",
    "description": "<b>Vorteil bei Komfort und Premium:</b></br> Zusätzlich mitversichert sind Überschwemmungen von Terrassen, Balkonen, Flachdächern, Dachrinnen, Treppenabgängen und Lichtschächten. Beispiel: Eine Dachterrasse oder ein Balkon wird durch Starkregen überflutet und Wasser dringt in das Haus ein.</br> </br><b>Für diesen Baustein gilt eine Selbstbeteiligung je Schadenfall von maximal:</b> <ul><li>500 EUR für Überschwemmungsschäden</li><li>500 EUR für Rückstauschäden </li><li>3.000 EUR für Erdbebenschäden</li> </ul> </br> <b>Wartezeit:</b> </br>Für Schäden durch Ausuferung von oberirdischen Binnengewässern beginnt der Versicherungsschutz bei Neuabschluss einer Wohngebäudeversicherung erst 7 Tage nach dem vereinbarten Versicherungsbeginn. Die Wartezeit entfällt, sofern unmittelbar vor Versicherungsbeginn anderweitig bereits entsprechender Versicherungsschutz bestanden hat."
  },
  "taasStatus": {
    "fehlermeldung": "",
    "returnCodeTaas": "KEIN_FEHLER",
    "fehlerCode": "000000"
  },
  "deltafaktoren": {
    "bausteinDeltafaktoren": {
      "LEITUNGSWASSER": 1.38827414650884,
      "ELEMENTAR": 1.08274544385655,
      "STURM": 1.07530507385999,
      "FEUER": 1.07552631578947
    },
    "mittelWert": 1.155462745003713,
    "grenzwertUeberschritten": false
  },
  "vorvertraegeVorschaeden": [
    {
      "vorschadenArt": "ELEMENTAR",
      "anzahl": 0
    },
    {
      "vorschadenArt": "STURM_HAGEL",
      "anzahl": 1
    },
    {
      "vorschadenArt": "FEUER",
      "anzahl": 0
    },
    {
      "vorschadenArt": "LEITUNGSWASSER",
      "anzahl": 0
    }
  ]
}
