{
  "standaloneProdukte": [],
  "standardProdukte": [
    {
      "vertragsnummer": "AS-5279628818",
      "spartenTypes": [
        "WOHNGEBAEUDE"
      ],
      "anzeigename": "Wohngebäude 10/2019",
      "produktlinieAnzeigename": "Komfort",
      "ersetzen": true,
      "neugeschaeftSperren": [
        {
          "spartenType": "WOHNGEBAEUDE",
          "neugeschaeftSperren": false
        }
      ],
      "zusatzinformation": "Gebäude:Gabelsbergerstr. 5  , 83022 Rosenheim",
      "spLaufnummer": 35671,
      "berechnetePraemieBrutto": 37.88,
      "jahresbestandpraemieBrutto": 454.56,
      "zahlungsperiode": "MONATLICH",
      "zustandsDetail": null,
      "infoText": null,
      "vorbelegungAktiv": true,
      "eigenschaftHinweise": null
    }
  ]
}