{
  "Customers": {
    "_id": "ObjectId",
    "first_name": "String",
    "last_name": "String",
    "email": "String",
    "phone": "String",
    "address": {
      "street": "String",
      "city": "String",
      "state": "String",
      "zip_code": "String"
    },
    "accounts": ["ObjectId"]
  },

  "Accounts": {
    "_id": "ObjectId",
    "customer_id": "ObjectId",
    "account_type": "String",
    "balance": "Decimal128",
    "created_at": "Date",
    "transactions": ["ObjectId"]
  },

  "Transactions": {
    "_id": "ObjectId",
    "account_id": "ObjectId",
    "type": "String",
    "amount": "Decimal128",
    "date": "Date",
    "description": "String",
    "status": "String"
  },

  "Notifications": {
    "_id": "ObjectId",
    "customer_id": "ObjectId",
    "message": "String",
    "date": "Date",
    "read": "Boolean"
  },

  "Reports": {
    "_id": "ObjectId",
    "customer_id": "ObjectId",
    "reports_data": "Mixed",
    "created_at": "Date"
  },

  "Tellers": {
    "_id": "ObjectId",
    "first_name": "String",
    "last_name": "String",
    "employee_id": "String",
    "branch": "String",
    "transactions_assisted": ["ObjectId"]
  }
}