{
  "versicherungsnehmer": {
    "anrede": "HERR",
    "vorname": "Hermann",
    "nachname": "Privatschutzstub Feinsyhijogdfexstub",
    "geburtsdatum": "1980-01-01",
    "staatsbschaft": {
      "wert": "DE",
      "text": "deutsch"
    },
    "geburtsland": {
      "wert": "DE",
      "text": "Deutschland"
    },
    "kommunikationsdaten": [
      {
        "wert": "0049/089/380018523",
        "kommunikationsArt": "TELEFON"
      },
      {
        "wert": "sach-e2e-dks@allianz.de",
        "kommunikationsArt": "EMAIL"
      },
      {
        "wert": "0049/01511/1408666",
        "kommunikationsArt": "HANDY"
      }
    ],
    "adresse": {
      "plz": "85774",
      "ort": "Unterföhring",
      "strasse": "Dieselstr.",
      "hausnummer": "5",
      "land": {
        "wert": "DE",
        "text": "Deutschland"
      },
      "validierungsStatus": "OK"
    },
    "bankverbindungen": [
      {
        "iban": "DE12500105170648489890"
      }
    ]
  },
  "vertreter": {
    "vorname": "ABS",
    "nachname": "AMIS",
    "vermittlernummern": [
      {
        "vertreternummer": "0905",
        "geschaeftsstelle": "150",
        "zweigniederlassung": "10"
      },
      {
        "vertreternummer": "1606",
        "geschaeftsstelle": "150",
        "zweigniederlassung": "10"
      },
      {
        "vertreternummer": "1607",
        "geschaeftsstelle": "150",
        "zweigniederlassung": "10"
      },
      {
        "vertreternummer": "1800",
        "geschaeftsstelle": "150",
        "zweigniederlassung": "10"
      },
      {
        "vertreternummer": "1819",
        "geschaeftsstelle": "150",
        "zweigniederlassung": "10"
      },
      {
        "vertreternummer": "1820",
        "geschaeftsstelle": "150",
        "zweigniederlassung": "10"
      },
      {
        "vertreternummer": "1823",
        "geschaeftsstelle": "150",
        "zweigniederlassung": "10"
      },
      {
        "vertreternummer": "1824",
        "geschaeftsstelle": "150",
        "zweigniederlassung": "10"
      },
      {
        "vertreternummer": "1825",
        "geschaeftsstelle": "150",
        "zweigniederlassung": "10"
      },
      {
        "vertreternummer": "1827",
        "geschaeftsstelle": "150",
        "zweigniederlassung": "10"
      },
      {
        "vertreternummer": "1828",
        "geschaeftsstelle": "150",
        "zweigniederlassung": "10"
      },
      {
        "vertreternummer": "1831",
        "geschaeftsstelle": "150",
        "zweigniederlassung": "10"
      },
      {
        "vertreternummer": "1832",
        "geschaeftsstelle": "150",
        "zweigniederlassung": "10"
      },
      {
        "vertreternummer": "1837",
        "geschaeftsstelle": "150",
        "zweigniederlassung": "10"
      },
      {
        "vertreternummer": "1839",
        "geschaeftsstelle": "150",
        "zweigniederlassung": "10"
      },
      {
        "vertreternummer": "1840",
        "geschaeftsstelle": "150",
        "zweigniederlassung": "10"
      },
      {
        "vertreternummer": "1841",
        "geschaeftsstelle": "150",
        "zweigniederlassung": "10"
      },
      {
        "vertreternummer": "1842",
        "geschaeftsstelle": "150",
        "zweigniederlassung": "10"
      },
      {
        "vertreternummer": "1843",
        "geschaeftsstelle": "150",
        "zweigniederlassung": "10"
      },
      {
        "vertreternummer": "1844",
        "geschaeftsstelle": "150",
        "zweigniederlassung": "10"
      },
      {
        "vertreternummer": "1845",
        "geschaeftsstelle": "150",
        "zweigniederlassung": "10"
      },
      {
        "vertreternummer": "1847",
        "geschaeftsstelle": "150",
        "zweigniederlassung": "10"
      },
      {
        "vertreternummer": "1849",
        "geschaeftsstelle": "150",
        "zweigniederlassung": "10"
      },
      {
        "vertreternummer": "1850",
        "geschaeftsstelle": "150",
        "zweigniederlassung": "10"
      },
      {
        "vertreternummer": "1851",
        "geschaeftsstelle": "150",
        "zweigniederlassung": "10"
      },
      {
        "vertreternummer": "1900",
        "geschaeftsstelle": "150",
        "zweigniederlassung": "10"
      },
      {
        "vertreternummer": "1901",
        "geschaeftsstelle": "150",
        "zweigniederlassung": "10"
      },
      {
        "vertreternummer": "2003",
        "geschaeftsstelle": "150",
        "zweigniederlassung": "10"
      },
      {
        "vertreternummer": "2004",
        "geschaeftsstelle": "150",
        "zweigniederlassung": "10"
      },
      {
        "vertreternummer": "2006",
        "geschaeftsstelle": "150",
        "zweigniederlassung": "10"
      },
      {
        "vertreternummer": "2010",
        "geschaeftsstelle": "150",
        "zweigniederlassung": "10"
      },
      {
        "vertreternummer": "2011",
        "geschaeftsstelle": "150",
        "zweigniederlassung": "10"
      },
      {
        "vertreternummer": "2012",
        "geschaeftsstelle": "150",
        "zweigniederlassung": "10"
      },
      {
        "vertreternummer": "2013",
        "geschaeftsstelle": "150",
        "zweigniederlassung": "10"
      },
      {
        "vertreternummer": "2014",
        "geschaeftsstelle": "150",
        "zweigniederlassung": "10"
      },
      {
        "vertreternummer": "2015",
        "geschaeftsstelle": "150",
        "zweigniederlassung": "10"
      },
      {
        "vertreternummer": "2016",
        "geschaeftsstelle": "150",
        "zweigniederlassung": "10"
      },
      {
        "vertreternummer": "2021",
        "geschaeftsstelle": "150",
        "zweigniederlassung": "10"
      },
      {
        "vertreternummer": "0203",
        "geschaeftsstelle": "151",
        "zweigniederlassung": "10"
      },
      {
        "vertreternummer": "1674",
        "geschaeftsstelle": "541",
        "zweigniederlassung": "10"
      },
      {
        "vertreternummer": "3260",
        "geschaeftsstelle": "541",
        "zweigniederlassung": "10"
      },
      {
        "vertreternummer": "9007",
        "geschaeftsstelle": "541",
        "zweigniederlassung": "10"
      },
      {
        "vertreternummer": "1699",
        "geschaeftsstelle": "520",
        "zweigniederlassung": "40"
      },
      {
        "vertreternummer": "1700",
        "geschaeftsstelle": "520",
        "zweigniederlassung": "40"
      },
      {
        "vertreternummer": "1701",
        "geschaeftsstelle": "520",
        "zweigniederlassung": "40"
      },
      {
        "vertreternummer": "2240",
        "geschaeftsstelle": "928",
        "zweigniederlassung": "97"
      },
      {
        "vertreternummer": "2241",
        "geschaeftsstelle": "928",
        "zweigniederlassung": "97"
      },
      {
        "vertreternummer": "2242",
        "geschaeftsstelle": "928",
        "zweigniederlassung": "97"
      },
      {
        "vertreternummer": "2244",
        "geschaeftsstelle": "928",
        "zweigniederlassung": "97"
      }
    ],
    "defaultVermittlernummer": {
      "vertreternummer": "1606",
      "geschaeftsstelle": "150",
      "zweigniederlassung": "10"
    },
    "bnrbs": [""],
    "briefkopf": [
      {
        "vtaZeile1": {
          "value": "BK Zeile 01"
        },
        "vtaZeile2": {
          "value": "BK Zeile 02"
        },
        "vtaZeile3": {
          "value": "BK Zeile 03"
        },
        "vtaZeile4": {
          "value": "BK Zeile 04"
        },
        "vtaZeile5": {
          "value": "BK Zeile 05"
        },
        "vtaZeile6": {
          "value": "BK Zeile 06"
        },
        "vtaZeile7": {
          "value": "BK Zeile 07"
        },
        "vtaZeile8": {
          "value": "BK Zeile 08"
        },
        "vtaZeile9": {
          "value": "BK Zeile 09"
        },
        "vtaZeile10": {
          "value": "BK Zeile 10"
        },
        "vtaZeile11": {
          "value": "BK Straße 1"
        },
        "vtaZeile12": {
          "value": "88888 BK Ort"
        },
        "vtaZeile13": {
          "value": "Tel: 089/3800-0000"
        },
        "vtaZeile14": {
          "value": "Fax: 089/3800-8-0000"
        },
        "vtaZeile15": {
          "value": "Mobil: 0170-1234567"
        },
        "vtaZeile16": {
          "value": "BK Zeile 16"
        },
        "vtaZeile17": {
          "value": "BK Zeile 17"
        },
        "vtaZeile18": {
          "value": "BK Zeile 18"
        },
        "vtaZeile19": {
          "value": "BK Zeile 19"
        },
        "vtaZeile20": {
          "value": "BK Zeile 20"
        },
        "vtaeMail": {
          "value": "amistest@allianztest.de"
        },
        "vtaFirma1": {
          "value": "Allianz Generalvertreter"
        },
        "vtaFirma2": {
          "value": "Vermittlung von Versicherungen für Unternehmen der Allianz"
        },
        "vtaInternet": {
          "value": "www.allianz.de"
        },
        "vtaOrt": {
          "value": "BK Ort"
        },
        "vtaplz": {
          "value": "88888"
        },
        "vtaStrasse": {
          "value": "BK Straße 1"
        },
        "vtaTelefon": {
          "value": "089/3800-0000"
        },
        "kopfZeile1": {
          "value": "BK Titel BK Vorname BK Name BK e.K."
        },
        "kopfZeile234": {
          "value": "BK Berufsbezeichnung\nVersicherungsfachmann (BWV)"
        },
        "kopfZeile567": {
          "value": "Allianz Generalvertreter\nVermittlung von Versicherungen für Unternehmen der Allianz\nFirmierung Zeile3"
        },
        "angebotsdruck": {
          "absenderleiste1": {
            "value": "BK Kurzname"
          },
          "absenderleiste2": {
            "value": "BK Straße 1 - 88888 BK Ort"
          }
        }
      }
    ]
  },
  "immobilien": []
}
