{
  "produktlinien": [
    {
      "salesProductName": "KOMFORT",
      "rbdMax": null,
      "preisverzeichnis": 1,
      "salesProduktVariants": [
        {
          "zahlweise": "JAEHRLICH",
          "selbstbeteiligung": "SELBSTBETEILIGUNG_0150",
          "laufzeit": "EIN_JAHR",
          "zaehlstuecke": 0,
          "bausteinPreise": [
            {
              "taasTarifrisikoschluessel": "H",
              "jahresNetto": 90.84,
              "bruttopreisFuerZahlweise": 108.1
            }
          ],
          "treuebonus": 0,
          "linienBruttopreis": 108.1,
          "gesamtBruttopreisFuerZahlweise": 108.1,
          "gesamtBruttopreisJaehrlich": 108.1
        },
        {
          "zahlweise": "HALBJAEHRLICH",
          "selbstbeteiligung": "SELBSTBETEILIGUNG_0150",
          "laufzeit": "EIN_JAHR",
          "zaehlstuecke": 0,
          "bausteinPreise": [
            {
              "taasTarifrisikoschluessel": "H",
              "jahresNetto": 93.6,
              "bruttopreisFuerZahlweise": 55.69
            }
          ],
          "treuebonus": 0,
          "linienBruttopreis": 55.69,
          "gesamtBruttopreisFuerZahlweise": 55.69,
          "gesamtBruttopreisJaehrlich": 111.38
        },
        {
          "zahlweise": "VIERTELJAEHRLICH",
          "selbstbeteiligung": "SELBSTBETEILIGUNG_0150",
          "laufzeit": "EIN_JAHR",
          "zaehlstuecke": 0,
          "bausteinPreise": [
            {
              "taasTarifrisikoschluessel": "H",
              "jahresNetto": 95.4,
              "bruttopreisFuerZahlweise": 28.38
            }
          ],
          "treuebonus": 0,
          "linienBruttopreis": 28.38,
          "gesamtBruttopreisFuerZahlweise": 28.38,
          "gesamtBruttopreisJaehrlich": 113.53
        },
        {
          "zahlweise": "MONATLICH",
          "selbstbeteiligung": "SELBSTBETEILIGUNG_0150",
          "laufzeit": "EIN_JAHR",
          "zaehlstuecke": 0,
          "bausteinPreise": [
            {
              "taasTarifrisikoschluessel": "H",
              "jahresNetto": 96.36,
              "bruttopreisFuerZahlweise": 9.56
            }
          ],
          "treuebonus": 0,
          "linienBruttopreis": 9.56,
          "gesamtBruttopreisFuerZahlweise": 9.56,
          "gesamtBruttopreisJaehrlich": 114.67
        },
        {
          "zahlweise": "JAEHRLICH",
          "selbstbeteiligung": "SELBSTBETEILIGUNG_0150",
          "laufzeit": "DREI_JAHRE",
          "zaehlstuecke": 0,
          "bausteinPreise": [
            {
              "taasTarifrisikoschluessel": "H",
              "jahresNetto": 90.84,
              "bruttopreisFuerZahlweise": 108.1
            }
          ],
          "treuebonus": 25,
          "linienBruttopreis": 108.1,
          "gesamtBruttopreisFuerZahlweise": 108.1,
          "gesamtBruttopreisJaehrlich": 108.1
        },
        {
          "zahlweise": "HALBJAEHRLICH",
          "selbstbeteiligung": "SELBSTBETEILIGUNG_0150",
          "laufzeit": "DREI_JAHRE",
          "zaehlstuecke": 0,
          "bausteinPreise": [
            {
              "taasTarifrisikoschluessel": "H",
              "jahresNetto": 90.84,
              "bruttopreisFuerZahlweise": 54.05
            }
          ],
          "treuebonus": 25,
          "linienBruttopreis": 54.05,
          "gesamtBruttopreisFuerZahlweise": 54.05,
          "gesamtBruttopreisJaehrlich": 108.1
        },
        {
          "zahlweise": "VIERTELJAEHRLICH",
          "selbstbeteiligung": "SELBSTBETEILIGUNG_0150",
          "laufzeit": "DREI_JAHRE",
          "zaehlstuecke": 0,
          "bausteinPreise": [
            {
              "taasTarifrisikoschluessel": "H",
              "jahresNetto": 90.84,
              "bruttopreisFuerZahlweise": 27.02
            }
          ],
          "treuebonus": 25,
          "linienBruttopreis": 27.02,
          "gesamtBruttopreisFuerZahlweise": 27.02,
          "gesamtBruttopreisJaehrlich": 108.1
        },
        {
          "zahlweise": "MONATLICH",
          "selbstbeteiligung": "SELBSTBETEILIGUNG_0150",
          "laufzeit": "DREI_JAHRE",
          "zaehlstuecke": 0,
          "bausteinPreise": [
            {
              "taasTarifrisikoschluessel": "H",
              "jahresNetto": 90.84,
              "bruttopreisFuerZahlweise": 9.01
            }
          ],
          "treuebonus": 25,
          "linienBruttopreis": 9.01,
          "gesamtBruttopreisFuerZahlweise": 9.01,
          "gesamtBruttopreisJaehrlich": 108.1
        },
        {
          "zahlweise": "JAEHRLICH",
          "selbstbeteiligung": "SELBSTBETEILIGUNG_0150",
          "laufzeit": "EIN_JAHR",
          "zaehlstuecke": 1,
          "bausteinPreise": [
            {
              "taasTarifrisikoschluessel": "H",
              "jahresNetto": 90.84,
              "bruttopreisFuerZahlweise": 108.1
            }
          ],
          "treuebonus": 0,
          "linienBruttopreis": 108.1,
          "gesamtBruttopreisFuerZahlweise": 108.1,
          "gesamtBruttopreisJaehrlich": 108.1
        },
        {
          "zahlweise": "HALBJAEHRLICH",
          "selbstbeteiligung": "SELBSTBETEILIGUNG_0150",
          "laufzeit": "EIN_JAHR",
          "zaehlstuecke": 1,
          "bausteinPreise": [
            {
              "taasTarifrisikoschluessel": "H",
              "jahresNetto": 93.6,
              "bruttopreisFuerZahlweise": 55.69
            }
          ],
          "treuebonus": 0,
          "linienBruttopreis": 55.69,
          "gesamtBruttopreisFuerZahlweise": 55.69,
          "gesamtBruttopreisJaehrlich": 111.38
        },
        {
          "zahlweise": "VIERTELJAEHRLICH",
          "selbstbeteiligung": "SELBSTBETEILIGUNG_0150",
          "laufzeit": "EIN_JAHR",
          "zaehlstuecke": 1,
          "bausteinPreise": [
            {
              "taasTarifrisikoschluessel": "H",
              "jahresNetto": 95.4,
              "bruttopreisFuerZahlweise": 28.38
            }
          ],
          "treuebonus": 0,
          "linienBruttopreis": 28.38,
          "gesamtBruttopreisFuerZahlweise": 28.38,
          "gesamtBruttopreisJaehrlich": 113.53
        },
        {
          "zahlweise": "MONATLICH",
          "selbstbeteiligung": "SELBSTBETEILIGUNG_0150",
          "laufzeit": "EIN_JAHR",
          "zaehlstuecke": 1,
          "bausteinPreise": [
            {
              "taasTarifrisikoschluessel": "H",
              "jahresNetto": 96.36,
              "bruttopreisFuerZahlweise": 9.56
            }
          ],
          "treuebonus": 0,
          "linienBruttopreis": 9.56,
          "gesamtBruttopreisFuerZahlweise": 9.56,
          "gesamtBruttopreisJaehrlich": 114.67
        },
        {
          "zahlweise": "JAEHRLICH",
          "selbstbeteiligung": "SELBSTBETEILIGUNG_0150",
          "laufzeit": "DREI_JAHRE",
          "zaehlstuecke": 1,
          "bausteinPreise": [
            {
              "taasTarifrisikoschluessel": "H",
              "jahresNetto": 90.84,
              "bruttopreisFuerZahlweise": 108.1
            }
          ],
          "treuebonus": 25,
          "linienBruttopreis": 108.1,
          "gesamtBruttopreisFuerZahlweise": 108.1,
          "gesamtBruttopreisJaehrlich": 108.1
        },
        {
          "zahlweise": "HALBJAEHRLICH",
          "selbstbeteiligung": "SELBSTBETEILIGUNG_0150",
          "laufzeit": "DREI_JAHRE",
          "zaehlstuecke": 1,
          "bausteinPreise": [
            {
              "taasTarifrisikoschluessel": "H",
              "jahresNetto": 90.84,
              "bruttopreisFuerZahlweise": 54.05
            }
          ],
          "treuebonus": 25,
          "linienBruttopreis": 54.05,
          "gesamtBruttopreisFuerZahlweise": 54.05,
          "gesamtBruttopreisJaehrlich": 108.1
        },
        {
          "zahlweise": "VIERTELJAEHRLICH",
          "selbstbeteiligung": "SELBSTBETEILIGUNG_0150",
          "laufzeit": "DREI_JAHRE",
          "zaehlstuecke": 1,
          "bausteinPreise": [
            {
              "taasTarifrisikoschluessel": "H",
              "jahresNetto": 90.84,
              "bruttopreisFuerZahlweise": 27.02
            }
          ],
          "treuebonus": 25,
          "linienBruttopreis": 27.02,
          "gesamtBruttopreisFuerZahlweise": 27.02,
          "gesamtBruttopreisJaehrlich": 108.1
        },
        {
          "zahlweise": "MONATLICH",
          "selbstbeteiligung": "SELBSTBETEILIGUNG_0150",
          "laufzeit": "DREI_JAHRE",
          "zaehlstuecke": 1,
          "bausteinPreise": [
            {
              "taasTarifrisikoschluessel": "H",
              "jahresNetto": 90.84,
              "bruttopreisFuerZahlweise": 9.01
            }
          ],
          "treuebonus": 25,
          "linienBruttopreis": 9.01,
          "gesamtBruttopreisFuerZahlweise": 9.01,
          "gesamtBruttopreisJaehrlich": 108.1
        },
        {
          "zahlweise": "JAEHRLICH",
          "selbstbeteiligung": "SELBSTBETEILIGUNG_0150",
          "laufzeit": "EIN_JAHR",
          "zaehlstuecke": 2,
          "bausteinPreise": [
            {
              "taasTarifrisikoschluessel": "H",
              "jahresNetto": 90.84,
              "bruttopreisFuerZahlweise": 108.1
            }
          ],
          "treuebonus": 0,
          "linienBruttopreis": 108.1,
          "gesamtBruttopreisFuerZahlweise": 108.1,
          "gesamtBruttopreisJaehrlich": 108.1
        },
        {
          "zahlweise": "HALBJAEHRLICH",
          "selbstbeteiligung": "SELBSTBETEILIGUNG_0150",
          "laufzeit": "EIN_JAHR",
          "zaehlstuecke": 2,
          "bausteinPreise": [
            {
              "taasTarifrisikoschluessel": "H",
              "jahresNetto": 93.6,
              "bruttopreisFuerZahlweise": 55.69
            }
          ],
          "treuebonus": 0,
          "linienBruttopreis": 55.69,
          "gesamtBruttopreisFuerZahlweise": 55.69,
          "gesamtBruttopreisJaehrlich": 111.38
        },
        {
          "zahlweise": "VIERTELJAEHRLICH",
          "selbstbeteiligung": "SELBSTBETEILIGUNG_0150",
          "laufzeit": "EIN_JAHR",
          "zaehlstuecke": 2,
          "bausteinPreise": [
            {
              "taasTarifrisikoschluessel": "H",
              "jahresNetto": 95.4,
              "bruttopreisFuerZahlweise": 28.38
            }
          ],
          "treuebonus": 0,
          "linienBruttopreis": 28.38,
          "gesamtBruttopreisFuerZahlweise": 28.38,
          "gesamtBruttopreisJaehrlich": 113.53
        },
        {
          "zahlweise": "MONATLICH",
          "selbstbeteiligung": "SELBSTBETEILIGUNG_0150",
          "laufzeit": "EIN_JAHR",
          "zaehlstuecke": 2,
          "bausteinPreise": [
            {
              "taasTarifrisikoschluessel": "H",
              "jahresNetto": 96.36,
              "bruttopreisFuerZahlweise": 9.56
            }
          ],
          "treuebonus": 0,
          "linienBruttopreis": 9.56,
          "gesamtBruttopreisFuerZahlweise": 9.56,
          "gesamtBruttopreisJaehrlich": 114.67
        },
        {
          "zahlweise": "JAEHRLICH",
          "selbstbeteiligung": "SELBSTBETEILIGUNG_0150",
          "laufzeit": "DREI_JAHRE",
          "zaehlstuecke": 2,
          "bausteinPreise": [
            {
              "taasTarifrisikoschluessel": "H",
              "jahresNetto": 86.4,
              "bruttopreisFuerZahlweise": 102.82
            }
          ],
          "treuebonus": 25,
          "linienBruttopreis": 102.82,
          "gesamtBruttopreisFuerZahlweise": 102.82,
          "gesamtBruttopreisJaehrlich": 102.82
        },
        {
          "zahlweise": "HALBJAEHRLICH",
          "selbstbeteiligung": "SELBSTBETEILIGUNG_0150",
          "laufzeit": "DREI_JAHRE",
          "zaehlstuecke": 2,
          "bausteinPreise": [
            {
              "taasTarifrisikoschluessel": "H",
              "jahresNetto": 86.4,
              "bruttopreisFuerZahlweise": 51.41
            }
          ],
          "treuebonus": 25,
          "linienBruttopreis": 51.41,
          "gesamtBruttopreisFuerZahlweise": 51.41,
          "gesamtBruttopreisJaehrlich": 102.82
        },
        {
          "zahlweise": "VIERTELJAEHRLICH",
          "selbstbeteiligung": "SELBSTBETEILIGUNG_0150",
          "laufzeit": "DREI_JAHRE",
          "zaehlstuecke": 2,
          "bausteinPreise": [
            {
              "taasTarifrisikoschluessel": "H",
              "jahresNetto": 86.4,
              "bruttopreisFuerZahlweise": 25.7
            }
          ],
          "treuebonus": 25,
          "linienBruttopreis": 25.7,
          "gesamtBruttopreisFuerZahlweise": 25.7,
          "gesamtBruttopreisJaehrlich": 102.82
        },
        {
          "zahlweise": "MONATLICH",
          "selbstbeteiligung": "SELBSTBETEILIGUNG_0150",
          "laufzeit": "DREI_JAHRE",
          "zaehlstuecke": 2,
          "bausteinPreise": [
            {
              "taasTarifrisikoschluessel": "H",
              "jahresNetto": 86.4,
              "bruttopreisFuerZahlweise": 8.57
            }
          ],
          "treuebonus": 25,
          "linienBruttopreis": 8.57,
          "gesamtBruttopreisFuerZahlweise": 8.57,
          "gesamtBruttopreisJaehrlich": 102.82
        },
        {
          "zahlweise": "JAEHRLICH",
          "selbstbeteiligung": "SELBSTBETEILIGUNG_0150",
          "laufzeit": "EIN_JAHR",
          "zaehlstuecke": 3,
          "bausteinPreise": [
            {
              "taasTarifrisikoschluessel": "H",
              "jahresNetto": 90.84,
              "bruttopreisFuerZahlweise": 108.1
            }
          ],
          "treuebonus": 0,
          "linienBruttopreis": 108.1,
          "gesamtBruttopreisFuerZahlweise": 108.1,
          "gesamtBruttopreisJaehrlich": 108.1
        },
        {
          "zahlweise": "HALBJAEHRLICH",
          "selbstbeteiligung": "SELBSTBETEILIGUNG_0150",
          "laufzeit": "EIN_JAHR",
          "zaehlstuecke": 3,
          "bausteinPreise": [
            {
              "taasTarifrisikoschluessel": "H",
              "jahresNetto": 93.6,
              "bruttopreisFuerZahlweise": 55.69
            }
          ],
          "treuebonus": 0,
          "linienBruttopreis": 55.69,
          "gesamtBruttopreisFuerZahlweise": 55.69,
          "gesamtBruttopreisJaehrlich": 111.38
        },
        {
          "zahlweise": "VIERTELJAEHRLICH",
          "selbstbeteiligung": "SELBSTBETEILIGUNG_0150",
          "laufzeit": "EIN_JAHR",
          "zaehlstuecke": 3,
          "bausteinPreise": [
            {
              "taasTarifrisikoschluessel": "H",
              "jahresNetto": 95.4,
              "bruttopreisFuerZahlweise": 28.38
            }
          ],
          "treuebonus": 0,
          "linienBruttopreis": 28.38,
          "gesamtBruttopreisFuerZahlweise": 28.38,
          "gesamtBruttopreisJaehrlich": 113.53
        },
        {
          "zahlweise": "MONATLICH",
          "selbstbeteiligung": "SELBSTBETEILIGUNG_0150",
          "laufzeit": "EIN_JAHR",
          "zaehlstuecke": 3,
          "bausteinPreise": [
            {
              "taasTarifrisikoschluessel": "H",
              "jahresNetto": 96.36,
              "bruttopreisFuerZahlweise": 9.56
            }
          ],
          "treuebonus": 0,
          "linienBruttopreis": 9.56,
          "gesamtBruttopreisFuerZahlweise": 9.56,
          "gesamtBruttopreisJaehrlich": 114.67
        },
        {
          "zahlweise": "JAEHRLICH",
          "selbstbeteiligung": "SELBSTBETEILIGUNG_0150",
          "laufzeit": "DREI_JAHRE",
          "zaehlstuecke": 3,
          "bausteinPreise": [
            {
              "taasTarifrisikoschluessel": "H",
              "jahresNetto": 81.84,
              "bruttopreisFuerZahlweise": 97.39
            }
          ],
          "treuebonus": 25,
          "linienBruttopreis": 97.39,
          "gesamtBruttopreisFuerZahlweise": 97.39,
          "gesamtBruttopreisJaehrlich": 97.39
        },
        {
          "zahlweise": "HALBJAEHRLICH",
          "selbstbeteiligung": "SELBSTBETEILIGUNG_0150",
          "laufzeit": "DREI_JAHRE",
          "zaehlstuecke": 3,
          "bausteinPreise": [
            {
              "taasTarifrisikoschluessel": "H",
              "jahresNetto": 81.84,
              "bruttopreisFuerZahlweise": 48.69
            }
          ],
          "treuebonus": 25,
          "linienBruttopreis": 48.69,
          "gesamtBruttopreisFuerZahlweise": 48.69,
          "gesamtBruttopreisJaehrlich": 97.39
        },
        {
          "zahlweise": "VIERTELJAEHRLICH",
          "selbstbeteiligung": "SELBSTBETEILIGUNG_0150",
          "laufzeit": "DREI_JAHRE",
          "zaehlstuecke": 3,
          "bausteinPreise": [
            {
              "taasTarifrisikoschluessel": "H",
              "jahresNetto": 81.84,
              "bruttopreisFuerZahlweise": 24.35
            }
          ],
          "treuebonus": 25,
          "linienBruttopreis": 24.35,
          "gesamtBruttopreisFuerZahlweise": 24.35,
          "gesamtBruttopreisJaehrlich": 97.39
        },
        {
          "zahlweise": "MONATLICH",
          "selbstbeteiligung": "SELBSTBETEILIGUNG_0150",
          "laufzeit": "DREI_JAHRE",
          "zaehlstuecke": 3,
          "bausteinPreise": [
            {
              "taasTarifrisikoschluessel": "H",
              "jahresNetto": 81.84,
              "bruttopreisFuerZahlweise": 8.12
            }
          ],
          "treuebonus": 25,
          "linienBruttopreis": 8.12,
          "gesamtBruttopreisFuerZahlweise": 8.12,
          "gesamtBruttopreisJaehrlich": 97.39
        },
        {
          "zahlweise": "JAEHRLICH",
          "selbstbeteiligung": "SELBSTBETEILIGUNG_0150",
          "laufzeit": "EIN_JAHR",
          "zaehlstuecke": 4,
          "bausteinPreise": [
            {
              "taasTarifrisikoschluessel": "H",
              "jahresNetto": 90.84,
              "bruttopreisFuerZahlweise": 108.1
            }
          ],
          "treuebonus": 0,
          "linienBruttopreis": 108.1,
          "gesamtBruttopreisFuerZahlweise": 108.1,
          "gesamtBruttopreisJaehrlich": 108.1
        },
        {
          "zahlweise": "HALBJAEHRLICH",
          "selbstbeteiligung": "SELBSTBETEILIGUNG_0150",
          "laufzeit": "EIN_JAHR",
          "zaehlstuecke": 4,
          "bausteinPreise": [
            {
              "taasTarifrisikoschluessel": "H",
              "jahresNetto": 93.6,
              "bruttopreisFuerZahlweise": 55.69
            }
          ],
          "treuebonus": 0,
          "linienBruttopreis": 55.69,
          "gesamtBruttopreisFuerZahlweise": 55.69,
          "gesamtBruttopreisJaehrlich": 111.38
        },
        {
          "zahlweise": "VIERTELJAEHRLICH",
          "selbstbeteiligung": "SELBSTBETEILIGUNG_0150",
          "laufzeit": "EIN_JAHR",
          "zaehlstuecke": 4,
          "bausteinPreise": [
            {
              "taasTarifrisikoschluessel": "H",
              "jahresNetto": 95.4,
              "bruttopreisFuerZahlweise": 28.38
            }
          ],
          "treuebonus": 0,
          "linienBruttopreis": 28.38,
          "gesamtBruttopreisFuerZahlweise": 28.38,
          "gesamtBruttopreisJaehrlich": 113.53
        },
        {
          "zahlweise": "MONATLICH",
          "selbstbeteiligung": "SELBSTBETEILIGUNG_0150",
          "laufzeit": "EIN_JAHR",
          "zaehlstuecke": 4,
          "bausteinPreise": [
            {
              "taasTarifrisikoschluessel": "H",
              "jahresNetto": 96.36,
              "bruttopreisFuerZahlweise": 9.56
            }
          ],
          "treuebonus": 0,
          "linienBruttopreis": 9.56,
          "gesamtBruttopreisFuerZahlweise": 9.56,
          "gesamtBruttopreisJaehrlich": 114.67
        },
        {
          "zahlweise": "JAEHRLICH",
          "selbstbeteiligung": "SELBSTBETEILIGUNG_0150",
          "laufzeit": "DREI_JAHRE",
          "zaehlstuecke": 4,
          "bausteinPreise": [
            {
              "taasTarifrisikoschluessel": "H",
              "jahresNetto": 77.28,
              "bruttopreisFuerZahlweise": 91.96
            }
          ],
          "treuebonus": 25,
          "linienBruttopreis": 91.96,
          "gesamtBruttopreisFuerZahlweise": 91.96,
          "gesamtBruttopreisJaehrlich": 91.96
        },
        {
          "zahlweise": "HALBJAEHRLICH",
          "selbstbeteiligung": "SELBSTBETEILIGUNG_0150",
          "laufzeit": "DREI_JAHRE",
          "zaehlstuecke": 4,
          "bausteinPreise": [
            {
              "taasTarifrisikoschluessel": "H",
              "jahresNetto": 77.28,
              "bruttopreisFuerZahlweise": 45.98
            }
          ],
          "treuebonus": 25,
          "linienBruttopreis": 45.98,
          "gesamtBruttopreisFuerZahlweise": 45.98,
          "gesamtBruttopreisJaehrlich": 91.96
        },
        {
          "zahlweise": "VIERTELJAEHRLICH",
          "selbstbeteiligung": "SELBSTBETEILIGUNG_0150",
          "laufzeit": "DREI_JAHRE",
          "zaehlstuecke": 4,
          "bausteinPreise": [
            {
              "taasTarifrisikoschluessel": "H",
              "jahresNetto": 77.28,
              "bruttopreisFuerZahlweise": 22.99
            }
          ],
          "treuebonus": 25,
          "linienBruttopreis": 22.99,
          "gesamtBruttopreisFuerZahlweise": 22.99,
          "gesamtBruttopreisJaehrlich": 91.96
        },
        {
          "zahlweise": "MONATLICH",
          "selbstbeteiligung": "SELBSTBETEILIGUNG_0150",
          "laufzeit": "DREI_JAHRE",
          "zaehlstuecke": 4,
          "bausteinPreise": [
            {
              "taasTarifrisikoschluessel": "H",
              "jahresNetto": 77.28,
              "bruttopreisFuerZahlweise": 7.66
            }
          ],
          "treuebonus": 25,
          "linienBruttopreis": 7.66,
          "gesamtBruttopreisFuerZahlweise": 7.66,
          "gesamtBruttopreisJaehrlich": 91.96
        },
        {
          "zahlweise": "JAEHRLICH",
          "selbstbeteiligung": "SELBSTBETEILIGUNG_0150",
          "laufzeit": "EIN_JAHR",
          "zaehlstuecke": 5,
          "bausteinPreise": [
            {
              "taasTarifrisikoschluessel": "H",
              "jahresNetto": 90.84,
              "bruttopreisFuerZahlweise": 108.1
            }
          ],
          "treuebonus": 0,
          "linienBruttopreis": 108.1,
          "gesamtBruttopreisFuerZahlweise": 108.1,
          "gesamtBruttopreisJaehrlich": 108.1
        },
        {
          "zahlweise": "HALBJAEHRLICH",
          "selbstbeteiligung": "SELBSTBETEILIGUNG_0150",
          "laufzeit": "EIN_JAHR",
          "zaehlstuecke": 5,
          "bausteinPreise": [
            {
              "taasTarifrisikoschluessel": "H",
              "jahresNetto": 93.6,
              "bruttopreisFuerZahlweise": 55.69
            }
          ],
          "treuebonus": 0,
          "linienBruttopreis": 55.69,
          "gesamtBruttopreisFuerZahlweise": 55.69,
          "gesamtBruttopreisJaehrlich": 111.38
        },
        {
          "zahlweise": "VIERTELJAEHRLICH",
          "selbstbeteiligung": "SELBSTBETEILIGUNG_0150",
          "laufzeit": "EIN_JAHR",
          "zaehlstuecke": 5,
          "bausteinPreise": [
            {
              "taasTarifrisikoschluessel": "H",
              "jahresNetto": 95.4,
              "bruttopreisFuerZahlweise": 28.38
            }
          ],
          "treuebonus": 0,
          "linienBruttopreis": 28.38,
          "gesamtBruttopreisFuerZahlweise": 28.38,
          "gesamtBruttopreisJaehrlich": 113.53
        },
        {
          "zahlweise": "MONATLICH",
          "selbstbeteiligung": "SELBSTBETEILIGUNG_0150",
          "laufzeit": "EIN_JAHR",
          "zaehlstuecke": 5,
          "bausteinPreise": [
            {
              "taasTarifrisikoschluessel": "H",
              "jahresNetto": 96.36,
              "bruttopreisFuerZahlweise": 9.56
            }
          ],
          "treuebonus": 0,
          "linienBruttopreis": 9.56,
          "gesamtBruttopreisFuerZahlweise": 9.56,
          "gesamtBruttopreisJaehrlich": 114.67
        },
        {
          "zahlweise": "JAEHRLICH",
          "selbstbeteiligung": "SELBSTBETEILIGUNG_0150",
          "laufzeit": "DREI_JAHRE",
          "zaehlstuecke": 5,
          "bausteinPreise": [
            {
              "taasTarifrisikoschluessel": "H",
              "jahresNetto": 72.72,
              "bruttopreisFuerZahlweise": 86.54
            }
          ],
          "treuebonus": 25,
          "linienBruttopreis": 86.54,
          "gesamtBruttopreisFuerZahlweise": 86.54,
          "gesamtBruttopreisJaehrlich": 86.54
        },
        {
          "zahlweise": "HALBJAEHRLICH",
          "selbstbeteiligung": "SELBSTBETEILIGUNG_0150",
          "laufzeit": "DREI_JAHRE",
          "zaehlstuecke": 5,
          "bausteinPreise": [
            {
              "taasTarifrisikoschluessel": "H",
              "jahresNetto": 72.72,
              "bruttopreisFuerZahlweise": 43.27
            }
          ],
          "treuebonus": 25,
          "linienBruttopreis": 43.27,
          "gesamtBruttopreisFuerZahlweise": 43.27,
          "gesamtBruttopreisJaehrlich": 86.54
        },
        {
          "zahlweise": "VIERTELJAEHRLICH",
          "selbstbeteiligung": "SELBSTBETEILIGUNG_0150",
          "laufzeit": "DREI_JAHRE",
          "zaehlstuecke": 5,
          "bausteinPreise": [
            {
              "taasTarifrisikoschluessel": "H",
              "jahresNetto": 72.72,
              "bruttopreisFuerZahlweise": 21.63
            }
          ],
          "treuebonus": 25,
          "linienBruttopreis": 21.63,
          "gesamtBruttopreisFuerZahlweise": 21.63,
          "gesamtBruttopreisJaehrlich": 86.54
        },
        {
          "zahlweise": "MONATLICH",
          "selbstbeteiligung": "SELBSTBETEILIGUNG_0150",
          "laufzeit": "DREI_JAHRE",
          "zaehlstuecke": 5,
          "bausteinPreise": [
            {
              "taasTarifrisikoschluessel": "H",
              "jahresNetto": 72.72,
              "bruttopreisFuerZahlweise": 7.21
            }
          ],
          "treuebonus": 25,
          "linienBruttopreis": 7.21,
          "gesamtBruttopreisFuerZahlweise": 7.21,
          "gesamtBruttopreisJaehrlich": 86.54
        }
      ]
    }
  ],
  "gisDaten": null,
  "elementarSB": null,
  "taasStatus": {
    "fehlermeldung": "",
    "returnCodeTaas": "KEIN_FEHLER",
    "fehlerCode": null
  },
  "deltafaktoren": null,
  "vorvertraegeVorschaeden": null
}
