{
  "produktlinien": [
    {
      "salesProductName": "KOMFORT",
      "rbdMax": 0,
      "preisverzeichnis": 3,
      "salesProduktVariants": [
        {
          "zahlweise": "JAEHRLICH",
          "selbstbeteiligung": "SELBSTBETEILIGUNG_0000",
          "laufzeit": "EIN_JAHR",
          "zaehlstuecke": 0,
          "bausteinPreise": [
            {
              "taasTarifrisikoschluessel": "HA",
              "jahresNetto": 66.48,
              "bruttopreisFuerZahlweise": 79.11
            }
          ],
          "treuebonus": 0,
          "linienBruttopreis": 79.11,
          "gesamtBruttopreisFuerZahlweise": 79.11,
          "gesamtBruttopreisJaehrlich": 79.11
        },
        {
          "zahlweise": "HALBJAEHRLICH",
          "selbstbeteiligung": "SELBSTBETEILIGUNG_0000",
          "laufzeit": "EIN_JAHR",
          "zaehlstuecke": 0,
          "bausteinPreise": [
            {
              "taasTarifrisikoschluessel": "HA",
              "jahresNetto": 68.52,
              "bruttopreisFuerZahlweise": 40.77
            }
          ],
          "treuebonus": 0,
          "linienBruttopreis": 40.77,
          "gesamtBruttopreisFuerZahlweise": 40.77,
          "gesamtBruttopreisJaehrlich": 81.54
        },
        {
          "zahlweise": "VIERTELJAEHRLICH",
          "selbstbeteiligung": "SELBSTBETEILIGUNG_0000",
          "laufzeit": "EIN_JAHR",
          "zaehlstuecke": 0,
          "bausteinPreise": [
            {
              "taasTarifrisikoschluessel": "HA",
              "jahresNetto": 69.84,
              "bruttopreisFuerZahlweise": 20.78
            }
          ],
          "treuebonus": 0,
          "linienBruttopreis": 20.78,
          "gesamtBruttopreisFuerZahlweise": 20.78,
          "gesamtBruttopreisJaehrlich": 83.11
        },
        {
          "zahlweise": "MONATLICH",
          "selbstbeteiligung": "SELBSTBETEILIGUNG_0000",
          "laufzeit": "EIN_JAHR",
          "zaehlstuecke": 0,
          "bausteinPreise": [
            {
              "taasTarifrisikoschluessel": "HA",
              "jahresNetto": 70.44,
              "bruttopreisFuerZahlweise": 6.99
            }
          ],
          "treuebonus": 0,
          "linienBruttopreis": 6.99,
          "gesamtBruttopreisFuerZahlweise": 6.99,
          "gesamtBruttopreisJaehrlich": 83.82
        },
        {
          "zahlweise": "JAEHRLICH",
          "selbstbeteiligung": "SELBSTBETEILIGUNG_0000",
          "laufzeit": "DREI_JAHRE",
          "zaehlstuecke": 0,
          "bausteinPreise": [
            {
              "taasTarifrisikoschluessel": "HA",
              "jahresNetto": 66.48,
              "bruttopreisFuerZahlweise": 79.11
            }
          ],
          "treuebonus": 25,
          "linienBruttopreis": 79.11,
          "gesamtBruttopreisFuerZahlweise": 79.11,
          "gesamtBruttopreisJaehrlich": 79.11
        },
        {
          "zahlweise": "HALBJAEHRLICH",
          "selbstbeteiligung": "SELBSTBETEILIGUNG_0000",
          "laufzeit": "DREI_JAHRE",
          "zaehlstuecke": 0,
          "bausteinPreise": [
            {
              "taasTarifrisikoschluessel": "HA",
              "jahresNetto": 66.48,
              "bruttopreisFuerZahlweise": 39.56
            }
          ],
          "treuebonus": 25,
          "linienBruttopreis": 39.56,
          "gesamtBruttopreisFuerZahlweise": 39.56,
          "gesamtBruttopreisJaehrlich": 79.11
        },
        {
          "zahlweise": "VIERTELJAEHRLICH",
          "selbstbeteiligung": "SELBSTBETEILIGUNG_0000",
          "laufzeit": "DREI_JAHRE",
          "zaehlstuecke": 0,
          "bausteinPreise": [
            {
              "taasTarifrisikoschluessel": "HA",
              "jahresNetto": 66.48,
              "bruttopreisFuerZahlweise": 19.78
            }
          ],
          "treuebonus": 25,
          "linienBruttopreis": 19.78,
          "gesamtBruttopreisFuerZahlweise": 19.78,
          "gesamtBruttopreisJaehrlich": 79.11
        },
        {
          "zahlweise": "MONATLICH",
          "selbstbeteiligung": "SELBSTBETEILIGUNG_0000",
          "laufzeit": "DREI_JAHRE",
          "zaehlstuecke": 0,
          "bausteinPreise": [
            {
              "taasTarifrisikoschluessel": "HA",
              "jahresNetto": 66.48,
              "bruttopreisFuerZahlweise": 6.59
            }
          ],
          "treuebonus": 25,
          "linienBruttopreis": 6.59,
          "gesamtBruttopreisFuerZahlweise": 6.59,
          "gesamtBruttopreisJaehrlich": 79.11
        },
        {
          "zahlweise": "JAEHRLICH",
          "selbstbeteiligung": "SELBSTBETEILIGUNG_0000",
          "laufzeit": "EIN_JAHR",
          "zaehlstuecke": 1,
          "bausteinPreise": [
            {
              "taasTarifrisikoschluessel": "HA",
              "jahresNetto": 66.48,
              "bruttopreisFuerZahlweise": 79.11
            }
          ],
          "treuebonus": 0,
          "linienBruttopreis": 79.11,
          "gesamtBruttopreisFuerZahlweise": 79.11,
          "gesamtBruttopreisJaehrlich": 79.11
        },
        {
          "zahlweise": "HALBJAEHRLICH",
          "selbstbeteiligung": "SELBSTBETEILIGUNG_0000",
          "laufzeit": "EIN_JAHR",
          "zaehlstuecke": 1,
          "bausteinPreise": [
            {
              "taasTarifrisikoschluessel": "HA",
              "jahresNetto": 68.52,
              "bruttopreisFuerZahlweise": 40.77
            }
          ],
          "treuebonus": 0,
          "linienBruttopreis": 40.77,
          "gesamtBruttopreisFuerZahlweise": 40.77,
          "gesamtBruttopreisJaehrlich": 81.54
        },
        {
          "zahlweise": "VIERTELJAEHRLICH",
          "selbstbeteiligung": "SELBSTBETEILIGUNG_0000",
          "laufzeit": "EIN_JAHR",
          "zaehlstuecke": 1,
          "bausteinPreise": [
            {
              "taasTarifrisikoschluessel": "HA",
              "jahresNetto": 69.84,
              "bruttopreisFuerZahlweise": 20.78
            }
          ],
          "treuebonus": 0,
          "linienBruttopreis": 20.78,
          "gesamtBruttopreisFuerZahlweise": 20.78,
          "gesamtBruttopreisJaehrlich": 83.11
        },
        {
          "zahlweise": "MONATLICH",
          "selbstbeteiligung": "SELBSTBETEILIGUNG_0000",
          "laufzeit": "EIN_JAHR",
          "zaehlstuecke": 1,
          "bausteinPreise": [
            {
              "taasTarifrisikoschluessel": "HA",
              "jahresNetto": 70.44,
              "bruttopreisFuerZahlweise": 6.99
            }
          ],
          "treuebonus": 0,
          "linienBruttopreis": 6.99,
          "gesamtBruttopreisFuerZahlweise": 6.99,
          "gesamtBruttopreisJaehrlich": 83.82
        },
        {
          "zahlweise": "JAEHRLICH",
          "selbstbeteiligung": "SELBSTBETEILIGUNG_0000",
          "laufzeit": "DREI_JAHRE",
          "zaehlstuecke": 1,
          "bausteinPreise": [
            {
              "taasTarifrisikoschluessel": "HA",
              "jahresNetto": 66.48,
              "bruttopreisFuerZahlweise": 79.11
            }
          ],
          "treuebonus": 25,
          "linienBruttopreis": 79.11,
          "gesamtBruttopreisFuerZahlweise": 79.11,
          "gesamtBruttopreisJaehrlich": 79.11
        },
        {
          "zahlweise": "HALBJAEHRLICH",
          "selbstbeteiligung": "SELBSTBETEILIGUNG_0000",
          "laufzeit": "DREI_JAHRE",
          "zaehlstuecke": 1,
          "bausteinPreise": [
            {
              "taasTarifrisikoschluessel": "HA",
              "jahresNetto": 66.48,
              "bruttopreisFuerZahlweise": 39.56
            }
          ],
          "treuebonus": 25,
          "linienBruttopreis": 39.56,
          "gesamtBruttopreisFuerZahlweise": 39.56,
          "gesamtBruttopreisJaehrlich": 79.11
        },
        {
          "zahlweise": "VIERTELJAEHRLICH",
          "selbstbeteiligung": "SELBSTBETEILIGUNG_0000",
          "laufzeit": "DREI_JAHRE",
          "zaehlstuecke": 1,
          "bausteinPreise": [
            {
              "taasTarifrisikoschluessel": "HA",
              "jahresNetto": 66.48,
              "bruttopreisFuerZahlweise": 19.78
            }
          ],
          "treuebonus": 25,
          "linienBruttopreis": 19.78,
          "gesamtBruttopreisFuerZahlweise": 19.78,
          "gesamtBruttopreisJaehrlich": 79.11
        },
        {
          "zahlweise": "MONATLICH",
          "selbstbeteiligung": "SELBSTBETEILIGUNG_0000",
          "laufzeit": "DREI_JAHRE",
          "zaehlstuecke": 1,
          "bausteinPreise": [
            {
              "taasTarifrisikoschluessel": "HA",
              "jahresNetto": 66.48,
              "bruttopreisFuerZahlweise": 6.59
            }
          ],
          "treuebonus": 25,
          "linienBruttopreis": 6.59,
          "gesamtBruttopreisFuerZahlweise": 6.59,
          "gesamtBruttopreisJaehrlich": 79.11
        },
        {
          "zahlweise": "JAEHRLICH",
          "selbstbeteiligung": "SELBSTBETEILIGUNG_0000",
          "laufzeit": "EIN_JAHR",
          "zaehlstuecke": 2,
          "bausteinPreise": [
            {
              "taasTarifrisikoschluessel": "HA",
              "jahresNetto": 66.48,
              "bruttopreisFuerZahlweise": 79.11
            }
          ],
          "treuebonus": 0,
          "linienBruttopreis": 79.11,
          "gesamtBruttopreisFuerZahlweise": 79.11,
          "gesamtBruttopreisJaehrlich": 79.11
        },
        {
          "zahlweise": "HALBJAEHRLICH",
          "selbstbeteiligung": "SELBSTBETEILIGUNG_0000",
          "laufzeit": "EIN_JAHR",
          "zaehlstuecke": 2,
          "bausteinPreise": [
            {
              "taasTarifrisikoschluessel": "HA",
              "jahresNetto": 68.52,
              "bruttopreisFuerZahlweise": 40.77
            }
          ],
          "treuebonus": 0,
          "linienBruttopreis": 40.77,
          "gesamtBruttopreisFuerZahlweise": 40.77,
          "gesamtBruttopreisJaehrlich": 81.54
        },
        {
          "zahlweise": "VIERTELJAEHRLICH",
          "selbstbeteiligung": "SELBSTBETEILIGUNG_0000",
          "laufzeit": "EIN_JAHR",
          "zaehlstuecke": 2,
          "bausteinPreise": [
            {
              "taasTarifrisikoschluessel": "HA",
              "jahresNetto": 69.84,
              "bruttopreisFuerZahlweise": 20.78
            }
          ],
          "treuebonus": 0,
          "linienBruttopreis": 20.78,
          "gesamtBruttopreisFuerZahlweise": 20.78,
          "gesamtBruttopreisJaehrlich": 83.11
        },
        {
          "zahlweise": "MONATLICH",
          "selbstbeteiligung": "SELBSTBETEILIGUNG_0000",
          "laufzeit": "EIN_JAHR",
          "zaehlstuecke": 2,
          "bausteinPreise": [
            {
              "taasTarifrisikoschluessel": "HA",
              "jahresNetto": 70.44,
              "bruttopreisFuerZahlweise": 6.99
            }
          ],
          "treuebonus": 0,
          "linienBruttopreis": 6.99,
          "gesamtBruttopreisFuerZahlweise": 6.99,
          "gesamtBruttopreisJaehrlich": 83.82
        },
        {
          "zahlweise": "JAEHRLICH",
          "selbstbeteiligung": "SELBSTBETEILIGUNG_0000",
          "laufzeit": "DREI_JAHRE",
          "zaehlstuecke": 2,
          "bausteinPreise": [
            {
              "taasTarifrisikoschluessel": "HA",
              "jahresNetto": 63.12,
              "bruttopreisFuerZahlweise": 75.11
            }
          ],
          "treuebonus": 25,
          "linienBruttopreis": 75.11,
          "gesamtBruttopreisFuerZahlweise": 75.11,
          "gesamtBruttopreisJaehrlich": 75.11
        },
        {
          "zahlweise": "HALBJAEHRLICH",
          "selbstbeteiligung": "SELBSTBETEILIGUNG_0000",
          "laufzeit": "DREI_JAHRE",
          "zaehlstuecke": 2,
          "bausteinPreise": [
            {
              "taasTarifrisikoschluessel": "HA",
              "jahresNetto": 63.12,
              "bruttopreisFuerZahlweise": 37.56
            }
          ],
          "treuebonus": 25,
          "linienBruttopreis": 37.56,
          "gesamtBruttopreisFuerZahlweise": 37.56,
          "gesamtBruttopreisJaehrlich": 75.11
        },
        {
          "zahlweise": "VIERTELJAEHRLICH",
          "selbstbeteiligung": "SELBSTBETEILIGUNG_0000",
          "laufzeit": "DREI_JAHRE",
          "zaehlstuecke": 2,
          "bausteinPreise": [
            {
              "taasTarifrisikoschluessel": "HA",
              "jahresNetto": 63.12,
              "bruttopreisFuerZahlweise": 18.78
            }
          ],
          "treuebonus": 25,
          "linienBruttopreis": 18.78,
          "gesamtBruttopreisFuerZahlweise": 18.78,
          "gesamtBruttopreisJaehrlich": 75.11
        },
        {
          "zahlweise": "MONATLICH",
          "selbstbeteiligung": "SELBSTBETEILIGUNG_0000",
          "laufzeit": "DREI_JAHRE",
          "zaehlstuecke": 2,
          "bausteinPreise": [
            {
              "taasTarifrisikoschluessel": "HA",
              "jahresNetto": 63.12,
              "bruttopreisFuerZahlweise": 7.4
            }
          ],
          "treuebonus": 25,
          "linienBruttopreis": 7.4,
          "gesamtBruttopreisFuerZahlweise": 7.4,
          "gesamtBruttopreisJaehrlich": 75.11
        },
        {
          "zahlweise": "JAEHRLICH",
          "selbstbeteiligung": "SELBSTBETEILIGUNG_0000",
          "laufzeit": "EIN_JAHR",
          "zaehlstuecke": 3,
          "bausteinPreise": [
            {
              "taasTarifrisikoschluessel": "HA",
              "jahresNetto": 66.48,
              "bruttopreisFuerZahlweise": 79.11
            }
          ],
          "treuebonus": 0,
          "linienBruttopreis": 79.11,
          "gesamtBruttopreisFuerZahlweise": 79.11,
          "gesamtBruttopreisJaehrlich": 79.11
        },
        {
          "zahlweise": "HALBJAEHRLICH",
          "selbstbeteiligung": "SELBSTBETEILIGUNG_0000",
          "laufzeit": "EIN_JAHR",
          "zaehlstuecke": 3,
          "bausteinPreise": [
            {
              "taasTarifrisikoschluessel": "HA",
              "jahresNetto": 68.52,
              "bruttopreisFuerZahlweise": 40.77
            }
          ],
          "treuebonus": 0,
          "linienBruttopreis": 40.77,
          "gesamtBruttopreisFuerZahlweise": 40.77,
          "gesamtBruttopreisJaehrlich": 81.54
        },
        {
          "zahlweise": "VIERTELJAEHRLICH",
          "selbstbeteiligung": "SELBSTBETEILIGUNG_0000",
          "laufzeit": "EIN_JAHR",
          "zaehlstuecke": 3,
          "bausteinPreise": [
            {
              "taasTarifrisikoschluessel": "HA",
              "jahresNetto": 69.84,
              "bruttopreisFuerZahlweise": 20.78
            }
          ],
          "treuebonus": 0,
          "linienBruttopreis": 20.78,
          "gesamtBruttopreisFuerZahlweise": 20.78,
          "gesamtBruttopreisJaehrlich": 83.11
        },
        {
          "zahlweise": "MONATLICH",
          "selbstbeteiligung": "SELBSTBETEILIGUNG_0000",
          "laufzeit": "EIN_JAHR",
          "zaehlstuecke": 3,
          "bausteinPreise": [
            {
              "taasTarifrisikoschluessel": "HA",
              "jahresNetto": 70.44,
              "bruttopreisFuerZahlweise": 6.99
            }
          ],
          "treuebonus": 0,
          "linienBruttopreis": 6.99,
          "gesamtBruttopreisFuerZahlweise": 6.99,
          "gesamtBruttopreisJaehrlich": 83.82
        },
        {
          "zahlweise": "JAEHRLICH",
          "selbstbeteiligung": "SELBSTBETEILIGUNG_0000",
          "laufzeit": "DREI_JAHRE",
          "zaehlstuecke": 3,
          "bausteinPreise": [
            {
              "taasTarifrisikoschluessel": "HA",
              "jahresNetto": 59.88,
              "bruttopreisFuerZahlweise": 71.26
            }
          ],
          "treuebonus": 25,
          "linienBruttopreis": 71.26,
          "gesamtBruttopreisFuerZahlweise": 71.26,
          "gesamtBruttopreisJaehrlich": 71.26
        },
        {
          "zahlweise": "HALBJAEHRLICH",
          "selbstbeteiligung": "SELBSTBETEILIGUNG_0000",
          "laufzeit": "DREI_JAHRE",
          "zaehlstuecke": 3,
          "bausteinPreise": [
            {
              "taasTarifrisikoschluessel": "HA",
              "jahresNetto": 59.88,
              "bruttopreisFuerZahlweise": 35.63
            }
          ],
          "treuebonus": 25,
          "linienBruttopreis": 35.63,
          "gesamtBruttopreisFuerZahlweise": 35.63,
          "gesamtBruttopreisJaehrlich": 71.26
        },
        {
          "zahlweise": "VIERTELJAEHRLICH",
          "selbstbeteiligung": "SELBSTBETEILIGUNG_0000",
          "laufzeit": "DREI_JAHRE",
          "zaehlstuecke": 3,
          "bausteinPreise": [
            {
              "taasTarifrisikoschluessel": "HA",
              "jahresNetto": 59.88,
              "bruttopreisFuerZahlweise": 17.81
            }
          ],
          "treuebonus": 25,
          "linienBruttopreis": 17.81,
          "gesamtBruttopreisFuerZahlweise": 17.81,
          "gesamtBruttopreisJaehrlich": 71.26
        },
        {
          "zahlweise": "MONATLICH",
          "selbstbeteiligung": "SELBSTBETEILIGUNG_0000",
          "laufzeit": "DREI_JAHRE",
          "zaehlstuecke": 3,
          "bausteinPreise": [
            {
              "taasTarifrisikoschluessel": "HA",
              "jahresNetto": 59.88,
              "bruttopreisFuerZahlweise": 5.94
            }
          ],
          "treuebonus": 25,
          "linienBruttopreis": 5.94,
          "gesamtBruttopreisFuerZahlweise": 5.94,
          "gesamtBruttopreisJaehrlich": 71.26
        },
        {
          "zahlweise": "JAEHRLICH",
          "selbstbeteiligung": "SELBSTBETEILIGUNG_0000",
          "laufzeit": "EIN_JAHR",
          "zaehlstuecke": 4,
          "bausteinPreise": [
            {
              "taasTarifrisikoschluessel": "HA",
              "jahresNetto": 66.48,
              "bruttopreisFuerZahlweise": 79.11
            }
          ],
          "treuebonus": 0,
          "linienBruttopreis": 79.11,
          "gesamtBruttopreisFuerZahlweise": 79.11,
          "gesamtBruttopreisJaehrlich": 79.11
        },
        {
          "zahlweise": "HALBJAEHRLICH",
          "selbstbeteiligung": "SELBSTBETEILIGUNG_0000",
          "laufzeit": "EIN_JAHR",
          "zaehlstuecke": 4,
          "bausteinPreise": [
            {
              "taasTarifrisikoschluessel": "HA",
              "jahresNetto": 68.52,
              "bruttopreisFuerZahlweise": 40.77
            }
          ],
          "treuebonus": 0,
          "linienBruttopreis": 40.77,
          "gesamtBruttopreisFuerZahlweise": 40.77,
          "gesamtBruttopreisJaehrlich": 81.54
        },
        {
          "zahlweise": "VIERTELJAEHRLICH",
          "selbstbeteiligung": "SELBSTBETEILIGUNG_0000",
          "laufzeit": "EIN_JAHR",
          "zaehlstuecke": 4,
          "bausteinPreise": [
            {
              "taasTarifrisikoschluessel": "HA",
              "jahresNetto": 69.84,
              "bruttopreisFuerZahlweise": 20.78
            }
          ],
          "treuebonus": 0,
          "linienBruttopreis": 20.78,
          "gesamtBruttopreisFuerZahlweise": 20.78,
          "gesamtBruttopreisJaehrlich": 83.11
        },
        {
          "zahlweise": "MONATLICH",
          "selbstbeteiligung": "SELBSTBETEILIGUNG_0000",
          "laufzeit": "EIN_JAHR",
          "zaehlstuecke": 4,
          "bausteinPreise": [
            {
              "taasTarifrisikoschluessel": "HA",
              "jahresNetto": 70.44,
              "bruttopreisFuerZahlweise": 6.99
            }
          ],
          "treuebonus": 0,
          "linienBruttopreis": 6.99,
          "gesamtBruttopreisFuerZahlweise": 6.99,
          "gesamtBruttopreisJaehrlich": 83.82
        },
        {
          "zahlweise": "JAEHRLICH",
          "selbstbeteiligung": "SELBSTBETEILIGUNG_0000",
          "laufzeit": "DREI_JAHRE",
          "zaehlstuecke": 4,
          "bausteinPreise": [
            {
              "taasTarifrisikoschluessel": "HA",
              "jahresNetto": 56.52,
              "bruttopreisFuerZahlweise": 67.26
            }
          ],
          "treuebonus": 25,
          "linienBruttopreis": 67.26,
          "gesamtBruttopreisFuerZahlweise": 67.26,
          "gesamtBruttopreisJaehrlich": 67.26
        },
        {
          "zahlweise": "HALBJAEHRLICH",
          "selbstbeteiligung": "SELBSTBETEILIGUNG_0000",
          "laufzeit": "DREI_JAHRE",
          "zaehlstuecke": 4,
          "bausteinPreise": [
            {
              "taasTarifrisikoschluessel": "HA",
              "jahresNetto": 56.52,
              "bruttopreisFuerZahlweise": 33.63
            }
          ],
          "treuebonus": 25,
          "linienBruttopreis": 33.63,
          "gesamtBruttopreisFuerZahlweise": 33.63,
          "gesamtBruttopreisJaehrlich": 67.26
        },
        {
          "zahlweise": "VIERTELJAEHRLICH",
          "selbstbeteiligung": "SELBSTBETEILIGUNG_0000",
          "laufzeit": "DREI_JAHRE",
          "zaehlstuecke": 4,
          "bausteinPreise": [
            {
              "taasTarifrisikoschluessel": "HA",
              "jahresNetto": 56.52,
              "bruttopreisFuerZahlweise": 16.81
            }
          ],
          "treuebonus": 25,
          "linienBruttopreis": 16.81,
          "gesamtBruttopreisFuerZahlweise": 16.81,
          "gesamtBruttopreisJaehrlich": 67.26
        },
        {
          "zahlweise": "MONATLICH",
          "selbstbeteiligung": "SELBSTBETEILIGUNG_0000",
          "laufzeit": "DREI_JAHRE",
          "zaehlstuecke": 4,
          "bausteinPreise": [
            {
              "taasTarifrisikoschluessel": "HA",
              "jahresNetto": 56.52,
              "bruttopreisFuerZahlweise": 5.6
            }
          ],
          "treuebonus": 25,
          "linienBruttopreis": 5.6,
          "gesamtBruttopreisFuerZahlweise": 5.6,
          "gesamtBruttopreisJaehrlich": 67.26
        },
        {
          "zahlweise": "JAEHRLICH",
          "selbstbeteiligung": "SELBSTBETEILIGUNG_0000",
          "laufzeit": "EIN_JAHR",
          "zaehlstuecke": 5,
          "bausteinPreise": [
            {
              "taasTarifrisikoschluessel": "HA",
              "jahresNetto": 66.48,
              "bruttopreisFuerZahlweise": 79.11
            }
          ],
          "treuebonus": 0,
          "linienBruttopreis": 79.11,
          "gesamtBruttopreisFuerZahlweise": 79.11,
          "gesamtBruttopreisJaehrlich": 79.11
        },
        {
          "zahlweise": "HALBJAEHRLICH",
          "selbstbeteiligung": "SELBSTBETEILIGUNG_0000",
          "laufzeit": "EIN_JAHR",
          "zaehlstuecke": 5,
          "bausteinPreise": [
            {
              "taasTarifrisikoschluessel": "HA",
              "jahresNetto": 68.52,
              "bruttopreisFuerZahlweise": 40.77
            }
          ],
          "treuebonus": 0,
          "linienBruttopreis": 40.77,
          "gesamtBruttopreisFuerZahlweise": 40.77,
          "gesamtBruttopreisJaehrlich": 81.54
        },
        {
          "zahlweise": "VIERTELJAEHRLICH",
          "selbstbeteiligung": "SELBSTBETEILIGUNG_0000",
          "laufzeit": "EIN_JAHR",
          "zaehlstuecke": 5,
          "bausteinPreise": [
            {
              "taasTarifrisikoschluessel": "HA",
              "jahresNetto": 69.84,
              "bruttopreisFuerZahlweise": 20.78
            }
          ],
          "treuebonus": 0,
          "linienBruttopreis": 20.78,
          "gesamtBruttopreisFuerZahlweise": 20.78,
          "gesamtBruttopreisJaehrlich": 83.11
        },
        {
          "zahlweise": "MONATLICH",
          "selbstbeteiligung": "SELBSTBETEILIGUNG_0000",
          "laufzeit": "EIN_JAHR",
          "zaehlstuecke": 5,
          "bausteinPreise": [
            {
              "taasTarifrisikoschluessel": "HA",
              "jahresNetto": 70.44,
              "bruttopreisFuerZahlweise": 6.99
            }
          ],
          "treuebonus": 0,
          "linienBruttopreis": 6.99,
          "gesamtBruttopreisFuerZahlweise": 6.99,
          "gesamtBruttopreisJaehrlich": 83.82
        },
        {
          "zahlweise": "JAEHRLICH",
          "selbstbeteiligung": "SELBSTBETEILIGUNG_0000",
          "laufzeit": "DREI_JAHRE",
          "zaehlstuecke": 5,
          "bausteinPreise": [
            {
              "taasTarifrisikoschluessel": "HA",
              "jahresNetto": 53.16,
              "bruttopreisFuerZahlweise": 63.26
            }
          ],
          "treuebonus": 25,
          "linienBruttopreis": 63.26,
          "gesamtBruttopreisFuerZahlweise": 63.26,
          "gesamtBruttopreisJaehrlich": 63.26
        },
        {
          "zahlweise": "HALBJAEHRLICH",
          "selbstbeteiligung": "SELBSTBETEILIGUNG_0000",
          "laufzeit": "DREI_JAHRE",
          "zaehlstuecke": 5,
          "bausteinPreise": [
            {
              "taasTarifrisikoschluessel": "HA",
              "jahresNetto": 53.16,
              "bruttopreisFuerZahlweise": 31.63
            }
          ],
          "treuebonus": 25,
          "linienBruttopreis": 31.63,
          "gesamtBruttopreisFuerZahlweise": 31.63,
          "gesamtBruttopreisJaehrlich": 63.26
        },
        {
          "zahlweise": "VIERTELJAEHRLICH",
          "selbstbeteiligung": "SELBSTBETEILIGUNG_0000",
          "laufzeit": "DREI_JAHRE",
          "zaehlstuecke": 5,
          "bausteinPreise": [
            {
              "taasTarifrisikoschluessel": "HA",
              "jahresNetto": 53.16,
              "bruttopreisFuerZahlweise": 15.82
            }
          ],
          "treuebonus": 25,
          "linienBruttopreis": 15.82,
          "gesamtBruttopreisFuerZahlweise": 15.82,
          "gesamtBruttopreisJaehrlich": 63.26
        },
        {
          "zahlweise": "MONATLICH",
          "selbstbeteiligung": "SELBSTBETEILIGUNG_0000",
          "laufzeit": "DREI_JAHRE",
          "zaehlstuecke": 5,
          "bausteinPreise": [
            {
              "taasTarifrisikoschluessel": "HA",
              "jahresNetto": 53.16,
              "bruttopreisFuerZahlweise": 5.27
            }
          ],
          "treuebonus": 25,
          "linienBruttopreis": 5.27,
          "gesamtBruttopreisFuerZahlweise": 5.27,
          "gesamtBruttopreisJaehrlich": 63.26
        }
      ]
    }
  ],
  "gisDaten": null,
  "elementarSB": null,
  "taasStatus": {
    "fehlermeldung": "",
    "returnCodeTaas": "KEIN_FEHLER",
    "fehlerCode": null
  },
  "deltafaktoren": {
    "bausteinDeltafaktoren": {
      "HA": 1
    },
    "mittelWert": 1.0,
    "grenzwertUeberschritten": false
  },
  "vorvertraegeVorschaeden": [
    {
      "vorschadenArt": null,
      "anzahl": 0
    }
  ]
}
