{
  "serviceError": null,
  "standardProdukte": [
    {
      "vertragsnummer": "AS-5224681666",
      "linkToSAbs": "https://abs.dev.azd.cloud.allianz:444/ATA1/rsbestak/az/vanz/vanz.html#/AS-5224681666/grunddaten/uebersicht?pid=null&aid=null&stage=ATA1&sabs:showAntrag=false",
      "anzeigename": "MeinHaushalt 03/2017",
      "zusatzinformation": "",
      "spLaufnummer": 34860,
      "zahlungsperiode": "MONATLICH",
      "berechnetePraemieBrutto": 13.34,
      "jahresbestandpraemieBrutto": 160.08,
      "jahresbestandpraemieNetto": 134.48,
      "ersetzen": true,
      "storniert": false,
      "vorvertragSofortschutz": false,
      "stornoDetail": null,
      "infoText": "Der Vertrag wird auf mindestens eine Privathaftpflicht- oder Hausratversicherung umgestellt.",
      "hinweismeldungen": [],
      "vorbelegungdaten": [
        {
          "spartenType": "PRIVATHAFTPFLICHT",
          "vorbelegungdaten": {
            "familienstand": null
          }
        },
        {
          "spartenType": "HAUSRAT",
          "vorbelegungdaten": {
            "risikoort": {
              "plz": "30989",
              "ort": "Gehrden",
              "strasse": "Am Friedhof",
              "hausnummer": "7",
              "postlandSchluessel": "DE",
              "ortsteil": null,
              "hausnrzus": null,
              "status": "OK"
            },
            "familienstand": null,
            "wohnflaeche": 62,
            "hausart": null,
            "stockwerk": null,
            "staendigBewohnt": true
          }
        }
      ],
      "vertragskennzeichen": "MEIN_HAUSHALT_VERSICHERUNG",
      "ablaufdatum": "2022-03-04",
      "spartenTypes": ["PRIVATHAFTPFLICHT", "HAUSRAT"],
      "produktlinieAnzeigename": null,
      "vorbelegungAktiv": false,
      "umstellungszwang": false,
      "beibehaltung": false,
      "neugeschaeftSperren": [
        {
          "spartenType": "PRIVATHAFTPFLICHT",
          "neugeschaeftSperren": true
        },
        {
          "spartenType": "HAUSRAT",
          "neugeschaeftSperren": false
        }
      ]
    },
    {
      "vertragsnummer": "AS-5224619858",
      "linkToSAbs": "https://abs.dev.azd.cloud.allianz:444/ATA1/rsbestak/az/vanz/vanz.html#/AS-5224619858/grunddaten/uebersicht?pid=null&aid=null&stage=ATA1&sabs:showAntrag=false",
      "anzeigename": "MeinHaushalt 03/2017",
      "zusatzinformation": "",
      "spLaufnummer": 34860,
      "zahlungsperiode": "MONATLICH",
      "berechnetePraemieBrutto": 13.34,
      "jahresbestandpraemieBrutto": 160.08,
      "jahresbestandpraemieNetto": 134.48,
      "ersetzen": true,
      "storniert": false,
      "vorvertragSofortschutz": false,
      "stornoDetail": null,
      "infoText": "Der Vertrag wird auf mindestens eine Privathaftpflicht- oder Hausratversicherung umgestellt.",
      "hinweismeldungen": [],
      "vorbelegungdaten": [
        {
          "spartenType": "HAUSRAT",
          "vorbelegungdaten": {
            "risikoort": {
              "plz": "30989",
              "ort": "Gehrden",
              "strasse": "Am Friedhof",
              "hausnummer": "7",
              "postlandSchluessel": "DE",
              "ortsteil": null,
              "hausnrzus": null,
              "status": "OK"
            },
            "familienstand": null,
            "wohnflaeche": 62,
            "hausart": null,
            "stockwerk": null,
            "staendigBewohnt": true
          }
        },
        {
          "spartenType": "PRIVATHAFTPFLICHT",
          "vorbelegungdaten": {
            "familienstand": null
          }
        }
      ],
      "vertragskennzeichen": "MEIN_HAUSHALT_VERSICHERUNG",
      "ablaufdatum": "2022-02-17",
      "spartenTypes": ["PRIVATHAFTPFLICHT", "HAUSRAT"],
      "produktlinieAnzeigename": null,
      "vorbelegungAktiv": false,
      "umstellungszwang": false,
      "beibehaltung": false,
      "neugeschaeftSperren": [
        {
          "spartenType": "PRIVATHAFTPFLICHT",
          "neugeschaeftSperren": true
        },
        {
          "spartenType": "HAUSRAT",
          "neugeschaeftSperren": false
        }
      ]
    },
    {
      "vertragsnummer": "AS-5224591389",
      "linkToSAbs": "https://abs.dev.azd.cloud.allianz:444/ATA1/rsbestak/az/vanz/vanz.html#/AS-5224591389/grunddaten/uebersicht?pid=null&aid=null&stage=ATA1&sabs:showAntrag=false",
      "anzeigename": "MeinHaushalt 03/2017",
      "zusatzinformation": "",
      "spLaufnummer": 34860,
      "zahlungsperiode": "MONATLICH",
      "berechnetePraemieBrutto": 13.34,
      "jahresbestandpraemieBrutto": 160.08,
      "jahresbestandpraemieNetto": 134.48,
      "ersetzen": true,
      "storniert": false,
      "vorvertragSofortschutz": false,
      "stornoDetail": null,
      "infoText": "Der Vertrag wird auf mindestens eine Privathaftpflicht- oder Hausratversicherung umgestellt.",
      "hinweismeldungen": [],
      "vorbelegungdaten": [
        {
          "spartenType": "PRIVATHAFTPFLICHT",
          "vorbelegungdaten": {
            "familienstand": null
          }
        },
        {
          "spartenType": "HAUSRAT",
          "vorbelegungdaten": {
            "risikoort": {
              "plz": "30989",
              "ort": "Gehrden",
              "strasse": "Am Friedhof",
              "hausnummer": "7",
              "postlandSchluessel": "DE",
              "ortsteil": null,
              "hausnrzus": null,
              "status": "OK"
            },
            "familienstand": null,
            "wohnflaeche": 62,
            "hausart": null,
            "stockwerk": null,
            "staendigBewohnt": true
          }
        }
      ],
      "vertragskennzeichen": "MEIN_HAUSHALT_VERSICHERUNG",
      "ablaufdatum": "2022-02-11",
      "spartenTypes": ["PRIVATHAFTPFLICHT", "HAUSRAT"],
      "produktlinieAnzeigename": null,
      "vorbelegungAktiv": false,
      "umstellungszwang": false,
      "beibehaltung": false,
      "neugeschaeftSperren": [
        {
          "spartenType": "PRIVATHAFTPFLICHT",
          "neugeschaeftSperren": true
        },
        {
          "spartenType": "HAUSRAT",
          "neugeschaeftSperren": false
        }
      ]
    },
    {
      "vertragsnummer": "AS-5224680698",
      "linkToSAbs": "https://abs.dev.azd.cloud.allianz:444/ATA1/rsbestak/az/vanz/vanz.html#/AS-5224680698/grunddaten/uebersicht?pid=null&aid=null&stage=ATA1&sabs:showAntrag=false",
      "anzeigename": "MeinHaushalt 03/2017",
      "zusatzinformation": "",
      "spLaufnummer": 34860,
      "zahlungsperiode": "MONATLICH",
      "berechnetePraemieBrutto": 13.34,
      "jahresbestandpraemieBrutto": 160.08,
      "jahresbestandpraemieNetto": 134.48,
      "ersetzen": true,
      "storniert": false,
      "vorvertragSofortschutz": false,
      "stornoDetail": null,
      "infoText": "Der Vertrag wird auf mindestens eine Privathaftpflicht- oder Hausratversicherung umgestellt.",
      "hinweismeldungen": [],
      "vorbelegungdaten": [
        {
          "spartenType": "HAUSRAT",
          "vorbelegungdaten": {
            "risikoort": {
              "plz": "30989",
              "ort": "Gehrden",
              "strasse": "Am Friedhof",
              "hausnummer": "7",
              "postlandSchluessel": "DE",
              "ortsteil": null,
              "hausnrzus": null,
              "status": "OK"
            },
            "familienstand": null,
            "wohnflaeche": 62,
            "hausart": null,
            "stockwerk": null,
            "staendigBewohnt": true
          }
        },
        {
          "spartenType": "PRIVATHAFTPFLICHT",
          "vorbelegungdaten": {
            "familienstand": null
          }
        }
      ],
      "vertragskennzeichen": "MEIN_HAUSHALT_VERSICHERUNG",
      "ablaufdatum": "2022-03-03",
      "spartenTypes": ["PRIVATHAFTPFLICHT", "HAUSRAT"],
      "produktlinieAnzeigename": null,
      "vorbelegungAktiv": false,
      "umstellungszwang": false,
      "beibehaltung": false,
      "neugeschaeftSperren": [
        {
          "spartenType": "PRIVATHAFTPFLICHT",
          "neugeschaeftSperren": true
        },
        {
          "spartenType": "HAUSRAT",
          "neugeschaeftSperren": false
        }
      ]
    },
    {
      "vertragsnummer": "AS-5224663440",
      "linkToSAbs": "https://abs.dev.azd.cloud.allianz:444/ATA1/rsbestak/az/vanz/vanz.html#/AS-5224663440/grunddaten/uebersicht?pid=null&aid=null&stage=ATA1&sabs:showAntrag=false",
      "anzeigename": "MeinHaushalt 03/2017",
      "zusatzinformation": "",
      "spLaufnummer": 34860,
      "zahlungsperiode": "MONATLICH",
      "berechnetePraemieBrutto": 13.34,
      "jahresbestandpraemieBrutto": 160.08,
      "jahresbestandpraemieNetto": 134.48,
      "ersetzen": true,
      "storniert": false,
      "vorvertragSofortschutz": false,
      "stornoDetail": null,
      "infoText": "Der Vertrag wird auf mindestens eine Privathaftpflicht- oder Hausratversicherung umgestellt.",
      "hinweismeldungen": [],
      "vorbelegungdaten": [
        {
          "spartenType": "PRIVATHAFTPFLICHT",
          "vorbelegungdaten": {
            "familienstand": null
          }
        },
        {
          "spartenType": "HAUSRAT",
          "vorbelegungdaten": {
            "risikoort": {
              "plz": "30989",
              "ort": "Gehrden",
              "strasse": "Am Friedhof",
              "hausnummer": "7",
              "postlandSchluessel": "DE",
              "ortsteil": null,
              "hausnrzus": null,
              "status": "OK"
            },
            "familienstand": null,
            "wohnflaeche": 62,
            "hausart": null,
            "stockwerk": null,
            "staendigBewohnt": true
          }
        }
      ],
      "vertragskennzeichen": "MEIN_HAUSHALT_VERSICHERUNG",
      "ablaufdatum": "2022-02-25",
      "spartenTypes": ["PRIVATHAFTPFLICHT", "HAUSRAT"],
      "produktlinieAnzeigename": null,
      "vorbelegungAktiv": false,
      "umstellungszwang": false,
      "beibehaltung": false,
      "neugeschaeftSperren": [
        {
          "spartenType": "PRIVATHAFTPFLICHT",
          "neugeschaeftSperren": true
        },
        {
          "spartenType": "HAUSRAT",
          "neugeschaeftSperren": false
        }
      ]
    },
    {
      "vertragsnummer": "AS-9406231748",
      "linkToSAbs": "https://abs.dev.azd.cloud.allianz:444/ATA1/rsbestak/az/vanz/vanz.html#/AS-9406231748/grunddaten/uebersicht?pid=null&aid=null&stage=ATA1&sabs:showAntrag=false",
      "anzeigename": "Privathaftpflicht 01/2012",
      "zusatzinformation": "",
      "spLaufnummer": 33432,
      "zahlungsperiode": "JAEHRLICH",
      "berechnetePraemieBrutto": 51.44,
      "jahresbestandpraemieBrutto": 51.44,
      "jahresbestandpraemieNetto": 43.23,
      "ersetzen": false,
      "storniert": true,
      "vorvertragSofortschutz": false,
      "stornoDetail": "SER",
      "infoText": "Dieser Vertrag wurde bereits storniert, es liegt ein Ersatzantrag vor.",
      "hinweismeldungen": null,
      "vorbelegungdaten": null,
      "vertragskennzeichen": null,
      "ablaufdatum": "2019-04-05",
      "spartenTypes": ["PRIVATHAFTPFLICHT"],
      "produktlinieAnzeigename": null,
      "vorbelegungAktiv": true,
      "umstellungszwang": false,
      "beibehaltung": false,
      "neugeschaeftSperren": [
        {
          "spartenType": "PRIVATHAFTPFLICHT",
          "neugeschaeftSperren": false
        }
      ]
    }
  ],
  "standaloneProdukte": [],
  "fremdStandardProdukte": [],
  "fremdStandaloneProdukte": [],
  "bankverbindungen": [],
  "invalidWarenkorbProdukte": []
}
