{
  "produktlinien": [
    {
      "salesProductName": "BASIS",
      "rbdMax": null,
      "preisverzeichnis": 1,
      "salesProduktVariants": [
        {
          "zahlweise": "MONATLICH",
          "selbstbeteiligung": "SELBSTBETEILIGUNG_0000",
          "laufzeit": "EIN_JAHR",
          "zaehlstuecke": 0,
          "bausteinPreise": [
            {
              "taasTarifrisikoschluessel": "OEL",
              "jahresNetto": 25.08,
              "bruttopreisFuerZahlweise": 2.49
            },
            {
              "taasTarifrisikoschluessel": "OED",
              "jahresNetto": 33.12,
              "bruttopreisFuerZahlweise": 3.28
            },
            {
              "taasTarifrisikoschluessel": "HA",
              "jahresNetto": 45.01,
              "bruttopreisFuerZahlweise": 4.46
            },
            {
              "taasTarifrisikoschluessel": "VM",
              "jahresNetto": 15.48,
              "bruttopreisFuerZahlweise": 1.54
            }
          ],
          "treuebonus": 0,
          "linienBruttopreis": 4.46,
          "gesamtBruttopreisFuerZahlweise": 4.46,
          "gesamtBruttopreisJaehrlich": 53.56
        },
        {
          "zahlweise": "MONATLICH",
          "selbstbeteiligung": "SELBSTBETEILIGUNG_0150",
          "laufzeit": "EIN_JAHR",
          "zaehlstuecke": 0,
          "bausteinPreise": [
            {
              "taasTarifrisikoschluessel": "OEL",
              "jahresNetto": 22.56,
              "bruttopreisFuerZahlweise": 2.24
            },
            {
              "taasTarifrisikoschluessel": "OED",
              "jahresNetto": 26.4,
              "bruttopreisFuerZahlweise": 2.62
            },
            {
              "taasTarifrisikoschluessel": "HA",
              "jahresNetto": 37.09,
              "bruttopreisFuerZahlweise": 3.68
            },
            {
              "taasTarifrisikoschluessel": "VM",
              "jahresNetto": 13.92,
              "bruttopreisFuerZahlweise": 1.38
            }
          ],
          "treuebonus": 0,
          "linienBruttopreis": 3.68,
          "gesamtBruttopreisFuerZahlweise": 3.68,
          "gesamtBruttopreisJaehrlich": 44.14
        },
        {
          "zahlweise": "MONATLICH",
          "selbstbeteiligung": "SELBSTBETEILIGUNG_0300",
          "laufzeit": "EIN_JAHR",
          "zaehlstuecke": 0,
          "bausteinPreise": [
            {
              "taasTarifrisikoschluessel": "OEL",
              "jahresNetto": 21.24,
              "bruttopreisFuerZahlweise": 2.11
            },
            {
              "taasTarifrisikoschluessel": "OED",
              "jahresNetto": 23.16,
              "bruttopreisFuerZahlweise": 2.3
            },
            {
              "taasTarifrisikoschluessel": "HA",
              "jahresNetto": 32.34,
              "bruttopreisFuerZahlweise": 3.21
            },
            {
              "taasTarifrisikoschluessel": "VM",
              "jahresNetto": 13.2,
              "bruttopreisFuerZahlweise": 1.31
            }
          ],
          "treuebonus": 0,
          "linienBruttopreis": 3.21,
          "gesamtBruttopreisFuerZahlweise": 3.21,
          "gesamtBruttopreisJaehrlich": 38.48
        },
        {
          "zahlweise": "MONATLICH",
          "selbstbeteiligung": "SELBSTBETEILIGUNG_0500",
          "laufzeit": "EIN_JAHR",
          "zaehlstuecke": 0,
          "bausteinPreise": [
            {
              "taasTarifrisikoschluessel": "OEL",
              "jahresNetto": 20.04,
              "bruttopreisFuerZahlweise": 1.99
            },
            {
              "taasTarifrisikoschluessel": "OED",
              "jahresNetto": 19.8,
              "bruttopreisFuerZahlweise": 1.96
            },
            {
              "taasTarifrisikoschluessel": "HA",
              "jahresNetto": 28.91,
              "bruttopreisFuerZahlweise": 2.87
            },
            {
              "taasTarifrisikoschluessel": "VM",
              "jahresNetto": 12.36,
              "bruttopreisFuerZahlweise": 1.23
            }
          ],
          "treuebonus": 0,
          "linienBruttopreis": 2.87,
          "gesamtBruttopreisFuerZahlweise": 2.87,
          "gesamtBruttopreisJaehrlich": 34.4
        },
        {
          "zahlweise": "MONATLICH",
          "selbstbeteiligung": "SELBSTBETEILIGUNG_1000",
          "laufzeit": "EIN_JAHR",
          "zaehlstuecke": 0,
          "bausteinPreise": [
            {
              "taasTarifrisikoschluessel": "OEL",
              "jahresNetto": 18.72,
              "bruttopreisFuerZahlweise": 1.86
            },
            {
              "taasTarifrisikoschluessel": "OED",
              "jahresNetto": 16.56,
              "bruttopreisFuerZahlweise": 1.64
            },
            {
              "taasTarifrisikoschluessel": "HA",
              "jahresNetto": 24.82,
              "bruttopreisFuerZahlweise": 2.46
            },
            {
              "taasTarifrisikoschluessel": "VM",
              "jahresNetto": 11.64,
              "bruttopreisFuerZahlweise": 1.15
            }
          ],
          "treuebonus": 0,
          "linienBruttopreis": 2.46,
          "gesamtBruttopreisFuerZahlweise": 2.46,
          "gesamtBruttopreisJaehrlich": 29.54
        },
        {
          "zahlweise": "MONATLICH",
          "selbstbeteiligung": "SELBSTBETEILIGUNG_0000",
          "laufzeit": "DREI_JAHRE",
          "zaehlstuecke": 0,
          "bausteinPreise": [
            {
              "taasTarifrisikoschluessel": "OEL",
              "jahresNetto": 25.08,
              "bruttopreisFuerZahlweise": 2.49
            },
            {
              "taasTarifrisikoschluessel": "OED",
              "jahresNetto": 33.12,
              "bruttopreisFuerZahlweise": 3.28
            },
            {
              "taasTarifrisikoschluessel": "HA",
              "jahresNetto": 45.01,
              "bruttopreisFuerZahlweise": 4.46
            },
            {
              "taasTarifrisikoschluessel": "VM",
              "jahresNetto": 15.48,
              "bruttopreisFuerZahlweise": 1.54
            }
          ],
          "treuebonus": 0,
          "linienBruttopreis": 4.46,
          "gesamtBruttopreisFuerZahlweise": 4.46,
          "gesamtBruttopreisJaehrlich": 53.56
        },
        {
          "zahlweise": "MONATLICH",
          "selbstbeteiligung": "SELBSTBETEILIGUNG_0150",
          "laufzeit": "DREI_JAHRE",
          "zaehlstuecke": 0,
          "bausteinPreise": [
            {
              "taasTarifrisikoschluessel": "OEL",
              "jahresNetto": 22.56,
              "bruttopreisFuerZahlweise": 2.24
            },
            {
              "taasTarifrisikoschluessel": "OED",
              "jahresNetto": 26.4,
              "bruttopreisFuerZahlweise": 2.62
            },
            {
              "taasTarifrisikoschluessel": "HA",
              "jahresNetto": 37.09,
              "bruttopreisFuerZahlweise": 3.68
            },
            {
              "taasTarifrisikoschluessel": "VM",
              "jahresNetto": 13.92,
              "bruttopreisFuerZahlweise": 1.38
            }
          ],
          "treuebonus": 0,
          "linienBruttopreis": 3.68,
          "gesamtBruttopreisFuerZahlweise": 3.68,
          "gesamtBruttopreisJaehrlich": 44.14
        },
        {
          "zahlweise": "MONATLICH",
          "selbstbeteiligung": "SELBSTBETEILIGUNG_0300",
          "laufzeit": "DREI_JAHRE",
          "zaehlstuecke": 0,
          "bausteinPreise": [
            {
              "taasTarifrisikoschluessel": "OEL",
              "jahresNetto": 21.24,
              "bruttopreisFuerZahlweise": 2.11
            },
            {
              "taasTarifrisikoschluessel": "OED",
              "jahresNetto": 23.16,
              "bruttopreisFuerZahlweise": 2.3
            },
            {
              "taasTarifrisikoschluessel": "HA",
              "jahresNetto": 32.34,
              "bruttopreisFuerZahlweise": 3.21
            },
            {
              "taasTarifrisikoschluessel": "VM",
              "jahresNetto": 13.2,
              "bruttopreisFuerZahlweise": 1.31
            }
          ],
          "treuebonus": 0,
          "linienBruttopreis": 3.21,
          "gesamtBruttopreisFuerZahlweise": 3.21,
          "gesamtBruttopreisJaehrlich": 38.48
        },
        {
          "zahlweise": "MONATLICH",
          "selbstbeteiligung": "SELBSTBETEILIGUNG_0500",
          "laufzeit": "DREI_JAHRE",
          "zaehlstuecke": 0,
          "bausteinPreise": [
            {
              "taasTarifrisikoschluessel": "OEL",
              "jahresNetto": 20.04,
              "bruttopreisFuerZahlweise": 1.99
            },
            {
              "taasTarifrisikoschluessel": "OED",
              "jahresNetto": 19.8,
              "bruttopreisFuerZahlweise": 1.96
            },
            {
              "taasTarifrisikoschluessel": "HA",
              "jahresNetto": 28.91,
              "bruttopreisFuerZahlweise": 2.87
            },
            {
              "taasTarifrisikoschluessel": "VM",
              "jahresNetto": 12.36,
              "bruttopreisFuerZahlweise": 1.23
            }
          ],
          "treuebonus": 0,
          "linienBruttopreis": 2.87,
          "gesamtBruttopreisFuerZahlweise": 2.87,
          "gesamtBruttopreisJaehrlich": 34.4
        },
        {
          "zahlweise": "MONATLICH",
          "selbstbeteiligung": "SELBSTBETEILIGUNG_1000",
          "laufzeit": "DREI_JAHRE",
          "zaehlstuecke": 0,
          "bausteinPreise": [
            {
              "taasTarifrisikoschluessel": "OEL",
              "jahresNetto": 18.72,
              "bruttopreisFuerZahlweise": 1.86
            },
            {
              "taasTarifrisikoschluessel": "OED",
              "jahresNetto": 16.56,
              "bruttopreisFuerZahlweise": 1.64
            },
            {
              "taasTarifrisikoschluessel": "HA",
              "jahresNetto": 24.82,
              "bruttopreisFuerZahlweise": 2.46
            },
            {
              "taasTarifrisikoschluessel": "VM",
              "jahresNetto": 11.64,
              "bruttopreisFuerZahlweise": 1.15
            }
          ],
          "treuebonus": 0,
          "linienBruttopreis": 2.46,
          "gesamtBruttopreisFuerZahlweise": 2.46,
          "gesamtBruttopreisJaehrlich": 29.54
        }
      ]
    },
    {
      "salesProductName": "SMART",
      "rbdMax": null,
      "preisverzeichnis": 1,
      "salesProduktVariants": [
        {
          "zahlweise": "MONATLICH",
          "selbstbeteiligung": "SELBSTBETEILIGUNG_0000",
          "laufzeit": "EIN_JAHR",
          "zaehlstuecke": 0,
          "bausteinPreise": [
            {
              "taasTarifrisikoschluessel": "OEL",
              "jahresNetto": 25.08,
              "bruttopreisFuerZahlweise": 2.49
            },
            {
              "taasTarifrisikoschluessel": "OED",
              "jahresNetto": 33.12,
              "bruttopreisFuerZahlweise": 3.28
            },
            {
              "taasTarifrisikoschluessel": "HA",
              "jahresNetto": 61.64,
              "bruttopreisFuerZahlweise": 6.11
            },
            {
              "taasTarifrisikoschluessel": "VM",
              "jahresNetto": 15.48,
              "bruttopreisFuerZahlweise": 1.54
            }
          ],
          "treuebonus": 0,
          "linienBruttopreis": 6.11,
          "gesamtBruttopreisFuerZahlweise": 6.11,
          "gesamtBruttopreisJaehrlich": 73.35
        },
        {
          "zahlweise": "MONATLICH",
          "selbstbeteiligung": "SELBSTBETEILIGUNG_0150",
          "laufzeit": "EIN_JAHR",
          "zaehlstuecke": 0,
          "bausteinPreise": [
            {
              "taasTarifrisikoschluessel": "OEL",
              "jahresNetto": 22.56,
              "bruttopreisFuerZahlweise": 2.24
            },
            {
              "taasTarifrisikoschluessel": "OED",
              "jahresNetto": 26.4,
              "bruttopreisFuerZahlweise": 2.62
            },
            {
              "taasTarifrisikoschluessel": "HA",
              "jahresNetto": 50.82,
              "bruttopreisFuerZahlweise": 5.04
            },
            {
              "taasTarifrisikoschluessel": "VM",
              "jahresNetto": 13.92,
              "bruttopreisFuerZahlweise": 1.38
            }
          ],
          "treuebonus": 0,
          "linienBruttopreis": 5.04,
          "gesamtBruttopreisFuerZahlweise": 5.04,
          "gesamtBruttopreisJaehrlich": 60.48
        },
        {
          "zahlweise": "MONATLICH",
          "selbstbeteiligung": "SELBSTBETEILIGUNG_0300",
          "laufzeit": "EIN_JAHR",
          "zaehlstuecke": 0,
          "bausteinPreise": [
            {
              "taasTarifrisikoschluessel": "OEL",
              "jahresNetto": 21.24,
              "bruttopreisFuerZahlweise": 2.11
            },
            {
              "taasTarifrisikoschluessel": "OED",
              "jahresNetto": 23.16,
              "bruttopreisFuerZahlweise": 2.3
            },
            {
              "taasTarifrisikoschluessel": "HA",
              "jahresNetto": 44.35,
              "bruttopreisFuerZahlweise": 4.4
            },
            {
              "taasTarifrisikoschluessel": "VM",
              "jahresNetto": 13.2,
              "bruttopreisFuerZahlweise": 1.31
            }
          ],
          "treuebonus": 0,
          "linienBruttopreis": 4.4,
          "gesamtBruttopreisFuerZahlweise": 4.4,
          "gesamtBruttopreisJaehrlich": 52.78
        },
        {
          "zahlweise": "MONATLICH",
          "selbstbeteiligung": "SELBSTBETEILIGUNG_0500",
          "laufzeit": "EIN_JAHR",
          "zaehlstuecke": 0,
          "bausteinPreise": [
            {
              "taasTarifrisikoschluessel": "OEL",
              "jahresNetto": 20.04,
              "bruttopreisFuerZahlweise": 1.99
            },
            {
              "taasTarifrisikoschluessel": "OED",
              "jahresNetto": 19.8,
              "bruttopreisFuerZahlweise": 1.96
            },
            {
              "taasTarifrisikoschluessel": "HA",
              "jahresNetto": 39.6,
              "bruttopreisFuerZahlweise": 3.93
            },
            {
              "taasTarifrisikoschluessel": "VM",
              "jahresNetto": 12.36,
              "bruttopreisFuerZahlweise": 1.23
            }
          ],
          "treuebonus": 0,
          "linienBruttopreis": 3.93,
          "gesamtBruttopreisFuerZahlweise": 3.93,
          "gesamtBruttopreisJaehrlich": 47.12
        },
        {
          "zahlweise": "MONATLICH",
          "selbstbeteiligung": "SELBSTBETEILIGUNG_1000",
          "laufzeit": "EIN_JAHR",
          "zaehlstuecke": 0,
          "bausteinPreise": [
            {
              "taasTarifrisikoschluessel": "OEL",
              "jahresNetto": 18.72,
              "bruttopreisFuerZahlweise": 1.86
            },
            {
              "taasTarifrisikoschluessel": "OED",
              "jahresNetto": 16.56,
              "bruttopreisFuerZahlweise": 1.64
            },
            {
              "taasTarifrisikoschluessel": "HA",
              "jahresNetto": 34.06,
              "bruttopreisFuerZahlweise": 3.38
            },
            {
              "taasTarifrisikoschluessel": "VM",
              "jahresNetto": 11.64,
              "bruttopreisFuerZahlweise": 1.15
            }
          ],
          "treuebonus": 0,
          "linienBruttopreis": 3.38,
          "gesamtBruttopreisFuerZahlweise": 3.38,
          "gesamtBruttopreisJaehrlich": 40.53
        },
        {
          "zahlweise": "MONATLICH",
          "selbstbeteiligung": "SELBSTBETEILIGUNG_0000",
          "laufzeit": "DREI_JAHRE",
          "zaehlstuecke": 0,
          "bausteinPreise": [
            {
              "taasTarifrisikoschluessel": "OEL",
              "jahresNetto": 25.08,
              "bruttopreisFuerZahlweise": 2.49
            },
            {
              "taasTarifrisikoschluessel": "OED",
              "jahresNetto": 33.12,
              "bruttopreisFuerZahlweise": 3.28
            },
            {
              "taasTarifrisikoschluessel": "HA",
              "jahresNetto": 61.64,
              "bruttopreisFuerZahlweise": 6.11
            },
            {
              "taasTarifrisikoschluessel": "VM",
              "jahresNetto": 15.48,
              "bruttopreisFuerZahlweise": 1.54
            }
          ],
          "treuebonus": 0,
          "linienBruttopreis": 6.11,
          "gesamtBruttopreisFuerZahlweise": 6.11,
          "gesamtBruttopreisJaehrlich": 73.35
        },
        {
          "zahlweise": "MONATLICH",
          "selbstbeteiligung": "SELBSTBETEILIGUNG_0150",
          "laufzeit": "DREI_JAHRE",
          "zaehlstuecke": 0,
          "bausteinPreise": [
            {
              "taasTarifrisikoschluessel": "OEL",
              "jahresNetto": 22.56,
              "bruttopreisFuerZahlweise": 2.24
            },
            {
              "taasTarifrisikoschluessel": "OED",
              "jahresNetto": 26.4,
              "bruttopreisFuerZahlweise": 2.62
            },
            {
              "taasTarifrisikoschluessel": "HA",
              "jahresNetto": 50.82,
              "bruttopreisFuerZahlweise": 5.04
            },
            {
              "taasTarifrisikoschluessel": "VM",
              "jahresNetto": 13.92,
              "bruttopreisFuerZahlweise": 1.38
            }
          ],
          "treuebonus": 0,
          "linienBruttopreis": 5.04,
          "gesamtBruttopreisFuerZahlweise": 5.04,
          "gesamtBruttopreisJaehrlich": 60.48
        },
        {
          "zahlweise": "MONATLICH",
          "selbstbeteiligung": "SELBSTBETEILIGUNG_0300",
          "laufzeit": "DREI_JAHRE",
          "zaehlstuecke": 0,
          "bausteinPreise": [
            {
              "taasTarifrisikoschluessel": "OEL",
              "jahresNetto": 21.24,
              "bruttopreisFuerZahlweise": 2.11
            },
            {
              "taasTarifrisikoschluessel": "OED",
              "jahresNetto": 23.16,
              "bruttopreisFuerZahlweise": 2.3
            },
            {
              "taasTarifrisikoschluessel": "HA",
              "jahresNetto": 44.35,
              "bruttopreisFuerZahlweise": 4.4
            },
            {
              "taasTarifrisikoschluessel": "VM",
              "jahresNetto": 13.2,
              "bruttopreisFuerZahlweise": 1.31
            }
          ],
          "treuebonus": 0,
          "linienBruttopreis": 4.4,
          "gesamtBruttopreisFuerZahlweise": 4.4,
          "gesamtBruttopreisJaehrlich": 52.78
        },
        {
          "zahlweise": "MONATLICH",
          "selbstbeteiligung": "SELBSTBETEILIGUNG_0500",
          "laufzeit": "DREI_JAHRE",
          "zaehlstuecke": 0,
          "bausteinPreise": [
            {
              "taasTarifrisikoschluessel": "OEL",
              "jahresNetto": 20.04,
              "bruttopreisFuerZahlweise": 1.99
            },
            {
              "taasTarifrisikoschluessel": "OED",
              "jahresNetto": 19.8,
              "bruttopreisFuerZahlweise": 1.96
            },
            {
              "taasTarifrisikoschluessel": "HA",
              "jahresNetto": 39.6,
              "bruttopreisFuerZahlweise": 3.93
            },
            {
              "taasTarifrisikoschluessel": "VM",
              "jahresNetto": 12.36,
              "bruttopreisFuerZahlweise": 1.23
            }
          ],
          "treuebonus": 0,
          "linienBruttopreis": 3.93,
          "gesamtBruttopreisFuerZahlweise": 3.93,
          "gesamtBruttopreisJaehrlich": 47.12
        },
        {
          "zahlweise": "MONATLICH",
          "selbstbeteiligung": "SELBSTBETEILIGUNG_1000",
          "laufzeit": "DREI_JAHRE",
          "zaehlstuecke": 0,
          "bausteinPreise": [
            {
              "taasTarifrisikoschluessel": "OEL",
              "jahresNetto": 18.72,
              "bruttopreisFuerZahlweise": 1.86
            },
            {
              "taasTarifrisikoschluessel": "OED",
              "jahresNetto": 16.56,
              "bruttopreisFuerZahlweise": 1.64
            },
            {
              "taasTarifrisikoschluessel": "HA",
              "jahresNetto": 34.06,
              "bruttopreisFuerZahlweise": 3.38
            },
            {
              "taasTarifrisikoschluessel": "VM",
              "jahresNetto": 11.64,
              "bruttopreisFuerZahlweise": 1.15
            }
          ],
          "treuebonus": 0,
          "linienBruttopreis": 3.38,
          "gesamtBruttopreisFuerZahlweise": 3.38,
          "gesamtBruttopreisJaehrlich": 40.53
        }
      ]
    },
    {
      "salesProductName": "KOMFORT",
      "rbdMax": null,
      "preisverzeichnis": 1,
      "salesProduktVariants": [
        {
          "zahlweise": "MONATLICH",
          "selbstbeteiligung": "SELBSTBETEILIGUNG_0000",
          "laufzeit": "DREI_JAHRE",
          "zaehlstuecke": 1,
          "bausteinPreise": [
            {
              "taasTarifrisikoschluessel": "OEL",
              "jahresNetto": 25.08,
              "bruttopreisFuerZahlweise": 2.49
            },
            {
              "taasTarifrisikoschluessel": "OED",
              "jahresNetto": 33.12,
              "bruttopreisFuerZahlweise": 3.28
            },
            {
              "taasTarifrisikoschluessel": "HA",
              "jahresNetto": 77.48,
              "bruttopreisFuerZahlweise": 7.68
            },
            {
              "taasTarifrisikoschluessel": "VM",
              "jahresNetto": 15.48,
              "bruttopreisFuerZahlweise": 1.54
            }
          ],
          "treuebonus": 0,
          "linienBruttopreis": 7.68,
          "gesamtBruttopreisFuerZahlweise": 7.68,
          "gesamtBruttopreisJaehrlich": 92.2
        },
        {
          "zahlweise": "MONATLICH",
          "selbstbeteiligung": "SELBSTBETEILIGUNG_0150",
          "laufzeit": "EIN_JAHR",
          "zaehlstuecke": 0,
          "bausteinPreise": [
            {
              "taasTarifrisikoschluessel": "OEL",
              "jahresNetto": 22.56,
              "bruttopreisFuerZahlweise": 2.24
            },
            {
              "taasTarifrisikoschluessel": "OED",
              "jahresNetto": 26.4,
              "bruttopreisFuerZahlweise": 2.62
            },
            {
              "taasTarifrisikoschluessel": "HA",
              "jahresNetto": 63.62,
              "bruttopreisFuerZahlweise": 6.31
            },
            {
              "taasTarifrisikoschluessel": "VM",
              "jahresNetto": 13.92,
              "bruttopreisFuerZahlweise": 1.38
            }
          ],
          "treuebonus": 0,
          "linienBruttopreis": 6.31,
          "gesamtBruttopreisFuerZahlweise": 6.31,
          "gesamtBruttopreisJaehrlich": 75.71
        },
        {
          "zahlweise": "MONATLICH",
          "selbstbeteiligung": "SELBSTBETEILIGUNG_0300",
          "laufzeit": "EIN_JAHR",
          "zaehlstuecke": 0,
          "bausteinPreise": [
            {
              "taasTarifrisikoschluessel": "OEL",
              "jahresNetto": 21.24,
              "bruttopreisFuerZahlweise": 2.11
            },
            {
              "taasTarifrisikoschluessel": "OED",
              "jahresNetto": 23.16,
              "bruttopreisFuerZahlweise": 2.3
            },
            {
              "taasTarifrisikoschluessel": "HA",
              "jahresNetto": 55.31,
              "bruttopreisFuerZahlweise": 5.48
            },
            {
              "taasTarifrisikoschluessel": "VM",
              "jahresNetto": 13.2,
              "bruttopreisFuerZahlweise": 1.31
            }
          ],
          "treuebonus": 0,
          "linienBruttopreis": 5.48,
          "gesamtBruttopreisFuerZahlweise": 5.48,
          "gesamtBruttopreisJaehrlich": 65.82
        },
        {
          "zahlweise": "MONATLICH",
          "selbstbeteiligung": "SELBSTBETEILIGUNG_0500",
          "laufzeit": "EIN_JAHR",
          "zaehlstuecke": 0,
          "bausteinPreise": [
            {
              "taasTarifrisikoschluessel": "OEL",
              "jahresNetto": 20.04,
              "bruttopreisFuerZahlweise": 1.99
            },
            {
              "taasTarifrisikoschluessel": "OED",
              "jahresNetto": 19.8,
              "bruttopreisFuerZahlweise": 1.96
            },
            {
              "taasTarifrisikoschluessel": "HA",
              "jahresNetto": 49.24,
              "bruttopreisFuerZahlweise": 4.88
            },
            {
              "taasTarifrisikoschluessel": "VM",
              "jahresNetto": 12.36,
              "bruttopreisFuerZahlweise": 1.23
            }
          ],
          "treuebonus": 0,
          "linienBruttopreis": 4.88,
          "gesamtBruttopreisFuerZahlweise": 4.88,
          "gesamtBruttopreisJaehrlich": 58.6
        },
        {
          "zahlweise": "MONATLICH",
          "selbstbeteiligung": "SELBSTBETEILIGUNG_1000",
          "laufzeit": "EIN_JAHR",
          "zaehlstuecke": 0,
          "bausteinPreise": [
            {
              "taasTarifrisikoschluessel": "OEL",
              "jahresNetto": 18.72,
              "bruttopreisFuerZahlweise": 1.86
            },
            {
              "taasTarifrisikoschluessel": "OED",
              "jahresNetto": 16.56,
              "bruttopreisFuerZahlweise": 1.64
            },
            {
              "taasTarifrisikoschluessel": "HA",
              "jahresNetto": 41.98,
              "bruttopreisFuerZahlweise": 4.16
            },
            {
              "taasTarifrisikoschluessel": "VM",
              "jahresNetto": 11.64,
              "bruttopreisFuerZahlweise": 1.15
            }
          ],
          "treuebonus": 0,
          "linienBruttopreis": 4.16,
          "gesamtBruttopreisFuerZahlweise": 4.16,
          "gesamtBruttopreisJaehrlich": 49.96
        },
        {
          "zahlweise": "MONATLICH",
          "selbstbeteiligung": "SELBSTBETEILIGUNG_0000",
          "laufzeit": "DREI_JAHRE",
          "zaehlstuecke": 0,
          "bausteinPreise": [
            {
              "taasTarifrisikoschluessel": "OEL",
              "jahresNetto": 23.64,
              "bruttopreisFuerZahlweise": 2.34
            },
            {
              "taasTarifrisikoschluessel": "OED",
              "jahresNetto": 31.2,
              "bruttopreisFuerZahlweise": 3.09
            },
            {
              "taasTarifrisikoschluessel": "HA",
              "jahresNetto": 73.13,
              "bruttopreisFuerZahlweise": 7.25
            },
            {
              "taasTarifrisikoschluessel": "VM",
              "jahresNetto": 14.64,
              "bruttopreisFuerZahlweise": 1.45
            }
          ],
          "treuebonus": 25,
          "linienBruttopreis": 7.25,
          "gesamtBruttopreisFuerZahlweise": 7.25,
          "gesamtBruttopreisJaehrlich": 87.02
        },
        {
          "zahlweise": "MONATLICH",
          "selbstbeteiligung": "SELBSTBETEILIGUNG_0150",
          "laufzeit": "DREI_JAHRE",
          "zaehlstuecke": 0,
          "bausteinPreise": [
            {
              "taasTarifrisikoschluessel": "OEL",
              "jahresNetto": 21.24,
              "bruttopreisFuerZahlweise": 2.11
            },
            {
              "taasTarifrisikoschluessel": "OED",
              "jahresNetto": 24.96,
              "bruttopreisFuerZahlweise": 2.48
            },
            {
              "taasTarifrisikoschluessel": "HA",
              "jahresNetto": 60.06,
              "bruttopreisFuerZahlweise": 5.96
            },
            {
              "taasTarifrisikoschluessel": "VM",
              "jahresNetto": 13.2,
              "bruttopreisFuerZahlweise": 1.31
            }
          ],
          "treuebonus": 25,
          "linienBruttopreis": 5.96,
          "gesamtBruttopreisFuerZahlweise": 5.96,
          "gesamtBruttopreisJaehrlich": 71.47
        },
        {
          "zahlweise": "MONATLICH",
          "selbstbeteiligung": "SELBSTBETEILIGUNG_0300",
          "laufzeit": "DREI_JAHRE",
          "zaehlstuecke": 0,
          "bausteinPreise": [
            {
              "taasTarifrisikoschluessel": "OEL",
              "jahresNetto": 20.04,
              "bruttopreisFuerZahlweise": 1.99
            },
            {
              "taasTarifrisikoschluessel": "OED",
              "jahresNetto": 21.84,
              "bruttopreisFuerZahlweise": 2.17
            },
            {
              "taasTarifrisikoschluessel": "HA",
              "jahresNetto": 52.14,
              "bruttopreisFuerZahlweise": 5.17
            },
            {
              "taasTarifrisikoschluessel": "VM",
              "jahresNetto": 12.48,
              "bruttopreisFuerZahlweise": 1.24
            }
          ],
          "treuebonus": 25,
          "linienBruttopreis": 5.17,
          "gesamtBruttopreisFuerZahlweise": 5.17,
          "gesamtBruttopreisJaehrlich": 62.05
        },
        {
          "zahlweise": "MONATLICH",
          "selbstbeteiligung": "SELBSTBETEILIGUNG_0500",
          "laufzeit": "DREI_JAHRE",
          "zaehlstuecke": 0,
          "bausteinPreise": [
            {
              "taasTarifrisikoschluessel": "OEL",
              "jahresNetto": 18.84,
              "bruttopreisFuerZahlweise": 1.87
            },
            {
              "taasTarifrisikoschluessel": "OED",
              "jahresNetto": 18.72,
              "bruttopreisFuerZahlweise": 1.86
            },
            {
              "taasTarifrisikoschluessel": "HA",
              "jahresNetto": 46.46,
              "bruttopreisFuerZahlweise": 4.61
            },
            {
              "taasTarifrisikoschluessel": "VM",
              "jahresNetto": 11.64,
              "bruttopreisFuerZahlweise": 1.15
            }
          ],
          "treuebonus": 25,
          "linienBruttopreis": 4.61,
          "gesamtBruttopreisFuerZahlweise": 4.61,
          "gesamtBruttopreisJaehrlich": 55.29
        },
        {
          "zahlweise": "MONATLICH",
          "selbstbeteiligung": "SELBSTBETEILIGUNG_1000",
          "laufzeit": "DREI_JAHRE",
          "zaehlstuecke": 0,
          "bausteinPreise": [
            {
              "taasTarifrisikoschluessel": "OEL",
              "jahresNetto": 17.76,
              "bruttopreisFuerZahlweise": 1.76
            },
            {
              "taasTarifrisikoschluessel": "OED",
              "jahresNetto": 15.6,
              "bruttopreisFuerZahlweise": 1.55
            },
            {
              "taasTarifrisikoschluessel": "HA",
              "jahresNetto": 39.6,
              "bruttopreisFuerZahlweise": 3.93
            },
            {
              "taasTarifrisikoschluessel": "VM",
              "jahresNetto": 10.92,
              "bruttopreisFuerZahlweise": 1.08
            }
          ],
          "treuebonus": 25,
          "linienBruttopreis": 3.93,
          "gesamtBruttopreisFuerZahlweise": 3.93,
          "gesamtBruttopreisJaehrlich": 47.12
        }
      ]
    },
    {
      "salesProductName": "PREMIUM",
      "rbdMax": null,
      "preisverzeichnis": 1,
      "salesProduktVariants": [
        {
          "zahlweise": "MONATLICH",
          "selbstbeteiligung": "SELBSTBETEILIGUNG_0000",
          "laufzeit": "EIN_JAHR",
          "zaehlstuecke": 0,
          "bausteinPreise": [
            {
              "taasTarifrisikoschluessel": "OEL",
              "jahresNetto": 25.08,
              "bruttopreisFuerZahlweise": 2.49
            },
            {
              "taasTarifrisikoschluessel": "OED",
              "jahresNetto": 33.12,
              "bruttopreisFuerZahlweise": 3.28
            },
            {
              "taasTarifrisikoschluessel": "HA",
              "jahresNetto": 116.16,
              "bruttopreisFuerZahlweise": 11.52
            },
            {
              "taasTarifrisikoschluessel": "VM",
              "jahresNetto": 15.48,
              "bruttopreisFuerZahlweise": 1.54
            }
          ],
          "treuebonus": 0,
          "linienBruttopreis": 11.52,
          "gesamtBruttopreisFuerZahlweise": 11.52,
          "gesamtBruttopreisJaehrlich": 138.23
        },
        {
          "zahlweise": "MONATLICH",
          "selbstbeteiligung": "SELBSTBETEILIGUNG_0150",
          "laufzeit": "EIN_JAHR",
          "zaehlstuecke": 0,
          "bausteinPreise": [
            {
              "taasTarifrisikoschluessel": "OEL",
              "jahresNetto": 22.56,
              "bruttopreisFuerZahlweise": 2.24
            },
            {
              "taasTarifrisikoschluessel": "OED",
              "jahresNetto": 26.4,
              "bruttopreisFuerZahlweise": 2.62
            },
            {
              "taasTarifrisikoschluessel": "HA",
              "jahresNetto": 95.3,
              "bruttopreisFuerZahlweise": 9.45
            },
            {
              "taasTarifrisikoschluessel": "VM",
              "jahresNetto": 13.92,
              "bruttopreisFuerZahlweise": 1.38
            }
          ],
          "treuebonus": 0,
          "linienBruttopreis": 9.45,
          "gesamtBruttopreisFuerZahlweise": 9.45,
          "gesamtBruttopreisJaehrlich": 113.41
        },
        {
          "zahlweise": "MONATLICH",
          "selbstbeteiligung": "SELBSTBETEILIGUNG_0300",
          "laufzeit": "EIN_JAHR",
          "zaehlstuecke": 0,
          "bausteinPreise": [
            {
              "taasTarifrisikoschluessel": "OEL",
              "jahresNetto": 21.24,
              "bruttopreisFuerZahlweise": 2.11
            },
            {
              "taasTarifrisikoschluessel": "OED",
              "jahresNetto": 23.16,
              "bruttopreisFuerZahlweise": 2.3
            },
            {
              "taasTarifrisikoschluessel": "HA",
              "jahresNetto": 82.63,
              "bruttopreisFuerZahlweise": 8.19
            },
            {
              "taasTarifrisikoschluessel": "VM",
              "jahresNetto": 13.2,
              "bruttopreisFuerZahlweise": 1.31
            }
          ],
          "treuebonus": 0,
          "linienBruttopreis": 8.19,
          "gesamtBruttopreisFuerZahlweise": 8.19,
          "gesamtBruttopreisJaehrlich": 98.33
        },
        {
          "zahlweise": "MONATLICH",
          "selbstbeteiligung": "SELBSTBETEILIGUNG_0500",
          "laufzeit": "EIN_JAHR",
          "zaehlstuecke": 0,
          "bausteinPreise": [
            {
              "taasTarifrisikoschluessel": "OEL",
              "jahresNetto": 20.04,
              "bruttopreisFuerZahlweise": 1.99
            },
            {
              "taasTarifrisikoschluessel": "OED",
              "jahresNetto": 19.8,
              "bruttopreisFuerZahlweise": 1.96
            },
            {
              "taasTarifrisikoschluessel": "HA",
              "jahresNetto": 73.52,
              "bruttopreisFuerZahlweise": 7.29
            },
            {
              "taasTarifrisikoschluessel": "VM",
              "jahresNetto": 12.36,
              "bruttopreisFuerZahlweise": 1.23
            }
          ],
          "treuebonus": 0,
          "linienBruttopreis": 7.29,
          "gesamtBruttopreisFuerZahlweise": 7.29,
          "gesamtBruttopreisJaehrlich": 87.49
        },
        {
          "zahlweise": "MONATLICH",
          "selbstbeteiligung": "SELBSTBETEILIGUNG_1000",
          "laufzeit": "EIN_JAHR",
          "zaehlstuecke": 0,
          "bausteinPreise": [
            {
              "taasTarifrisikoschluessel": "OEL",
              "jahresNetto": 18.72,
              "bruttopreisFuerZahlweise": 1.86
            },
            {
              "taasTarifrisikoschluessel": "OED",
              "jahresNetto": 16.56,
              "bruttopreisFuerZahlweise": 1.64
            },
            {
              "taasTarifrisikoschluessel": "HA",
              "jahresNetto": 62.7,
              "bruttopreisFuerZahlweise": 6.22
            },
            {
              "taasTarifrisikoschluessel": "VM",
              "jahresNetto": 11.64,
              "bruttopreisFuerZahlweise": 1.15
            }
          ],
          "treuebonus": 0,
          "linienBruttopreis": 6.22,
          "gesamtBruttopreisFuerZahlweise": 6.22,
          "gesamtBruttopreisJaehrlich": 74.61
        },
        {
          "zahlweise": "MONATLICH",
          "selbstbeteiligung": "SELBSTBETEILIGUNG_0000",
          "laufzeit": "DREI_JAHRE",
          "zaehlstuecke": 0,
          "bausteinPreise": [
            {
              "taasTarifrisikoschluessel": "OEL",
              "jahresNetto": 23.64,
              "bruttopreisFuerZahlweise": 2.34
            },
            {
              "taasTarifrisikoschluessel": "OED",
              "jahresNetto": 31.2,
              "bruttopreisFuerZahlweise": 3.09
            },
            {
              "taasTarifrisikoschluessel": "HA",
              "jahresNetto": 109.56,
              "bruttopreisFuerZahlweise": 10.86
            },
            {
              "taasTarifrisikoschluessel": "VM",
              "jahresNetto": 14.64,
              "bruttopreisFuerZahlweise": 1.45
            }
          ],
          "treuebonus": 25,
          "linienBruttopreis": 10.86,
          "gesamtBruttopreisFuerZahlweise": 10.86,
          "gesamtBruttopreisJaehrlich": 130.38
        },
        {
          "zahlweise": "MONATLICH",
          "selbstbeteiligung": "SELBSTBETEILIGUNG_0150",
          "laufzeit": "DREI_JAHRE",
          "zaehlstuecke": 0,
          "bausteinPreise": [
            {
              "taasTarifrisikoschluessel": "OEL",
              "jahresNetto": 21.24,
              "bruttopreisFuerZahlweise": 2.11
            },
            {
              "taasTarifrisikoschluessel": "OED",
              "jahresNetto": 24.96,
              "bruttopreisFuerZahlweise": 2.48
            },
            {
              "taasTarifrisikoschluessel": "HA",
              "jahresNetto": 89.89,
              "bruttopreisFuerZahlweise": 8.91
            },
            {
              "taasTarifrisikoschluessel": "VM",
              "jahresNetto": 13.2,
              "bruttopreisFuerZahlweise": 1.31
            }
          ],
          "treuebonus": 25,
          "linienBruttopreis": 8.91,
          "gesamtBruttopreisFuerZahlweise": 8.91,
          "gesamtBruttopreisJaehrlich": 106.97
        },
        {
          "zahlweise": "MONATLICH",
          "selbstbeteiligung": "SELBSTBETEILIGUNG_0300",
          "laufzeit": "DREI_JAHRE",
          "zaehlstuecke": 0,
          "bausteinPreise": [
            {
              "taasTarifrisikoschluessel": "OEL",
              "jahresNetto": 20.04,
              "bruttopreisFuerZahlweise": 1.99
            },
            {
              "taasTarifrisikoschluessel": "OED",
              "jahresNetto": 21.84,
              "bruttopreisFuerZahlweise": 2.17
            },
            {
              "taasTarifrisikoschluessel": "HA",
              "jahresNetto": 77.88,
              "bruttopreisFuerZahlweise": 7.72
            },
            {
              "taasTarifrisikoschluessel": "VM",
              "jahresNetto": 12.48,
              "bruttopreisFuerZahlweise": 1.24
            }
          ],
          "treuebonus": 25,
          "linienBruttopreis": 7.72,
          "gesamtBruttopreisFuerZahlweise": 7.72,
          "gesamtBruttopreisJaehrlich": 92.68
        },
        {
          "zahlweise": "MONATLICH",
          "selbstbeteiligung": "SELBSTBETEILIGUNG_0500",
          "laufzeit": "DREI_JAHRE",
          "zaehlstuecke": 0,
          "bausteinPreise": [
            {
              "taasTarifrisikoschluessel": "OEL",
              "jahresNetto": 18.84,
              "bruttopreisFuerZahlweise": 1.87
            },
            {
              "taasTarifrisikoschluessel": "OED",
              "jahresNetto": 18.72,
              "bruttopreisFuerZahlweise": 1.86
            },
            {
              "taasTarifrisikoschluessel": "HA",
              "jahresNetto": 69.43,
              "bruttopreisFuerZahlweise": 6.89
            },
            {
              "taasTarifrisikoschluessel": "VM",
              "jahresNetto": 11.64,
              "bruttopreisFuerZahlweise": 1.15
            }
          ],
          "treuebonus": 25,
          "linienBruttopreis": 6.89,
          "gesamtBruttopreisFuerZahlweise": 6.89,
          "gesamtBruttopreisJaehrlich": 82.62
        },
        {
          "zahlweise": "MONATLICH",
          "selbstbeteiligung": "SELBSTBETEILIGUNG_1000",
          "laufzeit": "DREI_JAHRE",
          "zaehlstuecke": 0,
          "bausteinPreise": [
            {
              "taasTarifrisikoschluessel": "OEL",
              "jahresNetto": 17.76,
              "bruttopreisFuerZahlweise": 1.76
            },
            {
              "taasTarifrisikoschluessel": "OED",
              "jahresNetto": 15.6,
              "bruttopreisFuerZahlweise": 1.55
            },
            {
              "taasTarifrisikoschluessel": "HA",
              "jahresNetto": 59.14,
              "bruttopreisFuerZahlweise": 5.86
            },
            {
              "taasTarifrisikoschluessel": "VM",
              "jahresNetto": 10.92,
              "bruttopreisFuerZahlweise": 1.08
            }
          ],
          "treuebonus": 25,
          "linienBruttopreis": 5.86,
          "gesamtBruttopreisFuerZahlweise": 5.86,
          "gesamtBruttopreisJaehrlich": 70.38
        }
      ]
    }
  ],
  "gisDaten": null,
  "elementarSB": null,
  "taasStatus": {
    "fehlermeldung": "",
    "returnCodeTaas": "KEIN_FEHLER",
    "fehlerCode": null
  },
  "deltafaktoren": {
    "bausteinDeltafaktoren": { "HA": 1.1 },
    "mittelWert": 1.1,
    "grenzwertUeberschritten": false
  }
}
