{
  "produktlinien": [
    {
      "salesProductName": "KOMFORT",
      "rbdMax": null,
      "preisverzeichnis": 7,
      "salesProduktVariants": [
        {
          "zahlweise": "JAEHRLICH",
          "selbstbeteiligung": "SELBSTBETEILIGUNG_0000",
          "laufzeit": "EIN_JAHR",
          "zaehlstuecke": 0,
          "bausteinPreise": [
            {
              "taasTarifrisikoschluessel": "FELS",
              "jahresNetto": 190.44,
              "bruttopreisFuerZahlweise": 221.2
            },
            {
              "taasTarifrisikoschluessel": "HAUS_UND_WOHNSCHUTZBRIEF",
              "jahresNetto": 1.92,
              "bruttopreisFuerZahlweise": 2.23
            }
          ],
          "treuebonus": 0,
          "linienBruttopreis": 223.43,
          "gesamtBruttopreisFuerZahlweise": 223.43,
          "gesamtBruttopreisJaehrlich": 223.43
        },
        {
          "zahlweise": "HALBJAEHRLICH",
          "selbstbeteiligung": "SELBSTBETEILIGUNG_0000",
          "laufzeit": "EIN_JAHR",
          "zaehlstuecke": 0,
          "bausteinPreise": [
            {
              "taasTarifrisikoschluessel": "FELS",
              "jahresNetto": 196.08,
              "bruttopreisFuerZahlweise": 113.87
            },
            {
              "taasTarifrisikoschluessel": "HAUS_UND_WOHNSCHUTZBRIEF",
              "jahresNetto": 1.92,
              "bruttopreisFuerZahlweise": 1.12
            }
          ],
          "treuebonus": 0,
          "linienBruttopreis": 114.99,
          "gesamtBruttopreisFuerZahlweise": 114.99,
          "gesamtBruttopreisJaehrlich": 229.98
        },
        {
          "zahlweise": "VIERTELJAEHRLICH",
          "selbstbeteiligung": "SELBSTBETEILIGUNG_0000",
          "laufzeit": "EIN_JAHR",
          "zaehlstuecke": 0,
          "bausteinPreise": [
            {
              "taasTarifrisikoschluessel": "FELS",
              "jahresNetto": 199.92,
              "bruttopreisFuerZahlweise": 58.05
            },
            {
              "taasTarifrisikoschluessel": "HAUS_UND_WOHNSCHUTZBRIEF",
              "jahresNetto": 1.92,
              "bruttopreisFuerZahlweise": 0.56
            }
          ],
          "treuebonus": 0,
          "linienBruttopreis": 58.61,
          "gesamtBruttopreisFuerZahlweise": 58.61,
          "gesamtBruttopreisJaehrlich": 234.44
        },
        {
          "zahlweise": "MONATLICH",
          "selbstbeteiligung": "SELBSTBETEILIGUNG_0000",
          "laufzeit": "EIN_JAHR",
          "zaehlstuecke": 0,
          "bausteinPreise": [
            {
              "taasTarifrisikoschluessel": "FELS",
              "jahresNetto": 201.84,
              "bruttopreisFuerZahlweise": 19.54
            },
            {
              "taasTarifrisikoschluessel": "HAUS_UND_WOHNSCHUTZBRIEF",
              "jahresNetto": 1.92,
              "bruttopreisFuerZahlweise": 0.19
            }
          ],
          "treuebonus": 0,
          "linienBruttopreis": 19.72,
          "gesamtBruttopreisFuerZahlweise": 19.72,
          "gesamtBruttopreisJaehrlich": 236.67
        },
        {
          "zahlweise": "JAEHRLICH",
          "selbstbeteiligung": "SELBSTBETEILIGUNG_0000",
          "laufzeit": "DREI_JAHRE",
          "zaehlstuecke": 0,
          "bausteinPreise": [
            {
              "taasTarifrisikoschluessel": "FELS",
              "jahresNetto": 190.44,
              "bruttopreisFuerZahlweise": 221.2
            },
            {
              "taasTarifrisikoschluessel": "HAUS_UND_WOHNSCHUTZBRIEF",
              "jahresNetto": 1.92,
              "bruttopreisFuerZahlweise": 2.23
            }
          ],
          "treuebonus": 25,
          "linienBruttopreis": 223.43,
          "gesamtBruttopreisFuerZahlweise": 223.43,
          "gesamtBruttopreisJaehrlich": 223.43
        },
        {
          "zahlweise": "HALBJAEHRLICH",
          "selbstbeteiligung": "SELBSTBETEILIGUNG_0000",
          "laufzeit": "DREI_JAHRE",
          "zaehlstuecke": 0,
          "bausteinPreise": [
            {
              "taasTarifrisikoschluessel": "FELS",
              "jahresNetto": 190.44,
              "bruttopreisFuerZahlweise": 110.6
            },
            {
              "taasTarifrisikoschluessel": "HAUS_UND_WOHNSCHUTZBRIEF",
              "jahresNetto": 1.92,
              "bruttopreisFuerZahlweise": 1.12
            }
          ],
          "treuebonus": 25,
          "linienBruttopreis": 111.71,
          "gesamtBruttopreisFuerZahlweise": 111.71,
          "gesamtBruttopreisJaehrlich": 223.43
        },
        {
          "zahlweise": "VIERTELJAEHRLICH",
          "selbstbeteiligung": "SELBSTBETEILIGUNG_0000",
          "laufzeit": "DREI_JAHRE",
          "zaehlstuecke": 0,
          "bausteinPreise": [
            {
              "taasTarifrisikoschluessel": "FELS",
              "jahresNetto": 190.44,
              "bruttopreisFuerZahlweise": 55.3
            },
            {
              "taasTarifrisikoschluessel": "HAUS_UND_WOHNSCHUTZBRIEF",
              "jahresNetto": 1.92,
              "bruttopreisFuerZahlweise": 0.56
            }
          ],
          "treuebonus": 25,
          "linienBruttopreis": 55.86,
          "gesamtBruttopreisFuerZahlweise": 55.86,
          "gesamtBruttopreisJaehrlich": 223.43
        },
        {
          "zahlweise": "MONATLICH",
          "selbstbeteiligung": "SELBSTBETEILIGUNG_0000",
          "laufzeit": "DREI_JAHRE",
          "zaehlstuecke": 0,
          "bausteinPreise": [
            {
              "taasTarifrisikoschluessel": "FELS",
              "jahresNetto": 190.44,
              "bruttopreisFuerZahlweise": 18.43
            },
            {
              "taasTarifrisikoschluessel": "HAUS_UND_WOHNSCHUTZBRIEF",
              "jahresNetto": 1.92,
              "bruttopreisFuerZahlweise": 0.19
            }
          ],
          "treuebonus": 25,
          "linienBruttopreis": 18.62,
          "gesamtBruttopreisFuerZahlweise": 18.62,
          "gesamtBruttopreisJaehrlich": 223.43
        },
        {
          "zahlweise": "JAEHRLICH",
          "selbstbeteiligung": "SELBSTBETEILIGUNG_0000",
          "laufzeit": "EIN_JAHR",
          "zaehlstuecke": 1,
          "bausteinPreise": [
            {
              "taasTarifrisikoschluessel": "FELS",
              "jahresNetto": 190.44,
              "bruttopreisFuerZahlweise": 221.2
            },
            {
              "taasTarifrisikoschluessel": "HAUS_UND_WOHNSCHUTZBRIEF",
              "jahresNetto": 1.92,
              "bruttopreisFuerZahlweise": 2.23
            }
          ],
          "treuebonus": 0,
          "linienBruttopreis": 223.43,
          "gesamtBruttopreisFuerZahlweise": 223.43,
          "gesamtBruttopreisJaehrlich": 223.43
        },
        {
          "zahlweise": "HALBJAEHRLICH",
          "selbstbeteiligung": "SELBSTBETEILIGUNG_0000",
          "laufzeit": "EIN_JAHR",
          "zaehlstuecke": 1,
          "bausteinPreise": [
            {
              "taasTarifrisikoschluessel": "FELS",
              "jahresNetto": 196.08,
              "bruttopreisFuerZahlweise": 113.87
            },
            {
              "taasTarifrisikoschluessel": "HAUS_UND_WOHNSCHUTZBRIEF",
              "jahresNetto": 1.92,
              "bruttopreisFuerZahlweise": 1.12
            }
          ],
          "treuebonus": 0,
          "linienBruttopreis": 114.99,
          "gesamtBruttopreisFuerZahlweise": 114.99,
          "gesamtBruttopreisJaehrlich": 229.98
        },
        {
          "zahlweise": "VIERTELJAEHRLICH",
          "selbstbeteiligung": "SELBSTBETEILIGUNG_0000",
          "laufzeit": "EIN_JAHR",
          "zaehlstuecke": 1,
          "bausteinPreise": [
            {
              "taasTarifrisikoschluessel": "FELS",
              "jahresNetto": 199.92,
              "bruttopreisFuerZahlweise": 58.05
            },
            {
              "taasTarifrisikoschluessel": "HAUS_UND_WOHNSCHUTZBRIEF",
              "jahresNetto": 1.92,
              "bruttopreisFuerZahlweise": 0.56
            }
          ],
          "treuebonus": 0,
          "linienBruttopreis": 58.61,
          "gesamtBruttopreisFuerZahlweise": 58.61,
          "gesamtBruttopreisJaehrlich": 234.44
        },
        {
          "zahlweise": "MONATLICH",
          "selbstbeteiligung": "SELBSTBETEILIGUNG_0000",
          "laufzeit": "EIN_JAHR",
          "zaehlstuecke": 1,
          "bausteinPreise": [
            {
              "taasTarifrisikoschluessel": "FELS",
              "jahresNetto": 201.84,
              "bruttopreisFuerZahlweise": 19.54
            },
            {
              "taasTarifrisikoschluessel": "HAUS_UND_WOHNSCHUTZBRIEF",
              "jahresNetto": 1.92,
              "bruttopreisFuerZahlweise": 0.19
            }
          ],
          "treuebonus": 0,
          "linienBruttopreis": 19.72,
          "gesamtBruttopreisFuerZahlweise": 19.72,
          "gesamtBruttopreisJaehrlich": 236.67
        },
        {
          "zahlweise": "JAEHRLICH",
          "selbstbeteiligung": "SELBSTBETEILIGUNG_0000",
          "laufzeit": "DREI_JAHRE",
          "zaehlstuecke": 1,
          "bausteinPreise": [
            {
              "taasTarifrisikoschluessel": "FELS",
              "jahresNetto": 190.44,
              "bruttopreisFuerZahlweise": 221.2
            },
            {
              "taasTarifrisikoschluessel": "HAUS_UND_WOHNSCHUTZBRIEF",
              "jahresNetto": 1.92,
              "bruttopreisFuerZahlweise": 2.23
            }
          ],
          "treuebonus": 25,
          "linienBruttopreis": 223.43,
          "gesamtBruttopreisFuerZahlweise": 223.43,
          "gesamtBruttopreisJaehrlich": 223.43
        },
        {
          "zahlweise": "HALBJAEHRLICH",
          "selbstbeteiligung": "SELBSTBETEILIGUNG_0000",
          "laufzeit": "DREI_JAHRE",
          "zaehlstuecke": 1,
          "bausteinPreise": [
            {
              "taasTarifrisikoschluessel": "FELS",
              "jahresNetto": 190.44,
              "bruttopreisFuerZahlweise": 110.6
            },
            {
              "taasTarifrisikoschluessel": "HAUS_UND_WOHNSCHUTZBRIEF",
              "jahresNetto": 1.92,
              "bruttopreisFuerZahlweise": 1.12
            }
          ],
          "treuebonus": 25,
          "linienBruttopreis": 111.71,
          "gesamtBruttopreisFuerZahlweise": 111.71,
          "gesamtBruttopreisJaehrlich": 223.43
        },
        {
          "zahlweise": "VIERTELJAEHRLICH",
          "selbstbeteiligung": "SELBSTBETEILIGUNG_0000",
          "laufzeit": "DREI_JAHRE",
          "zaehlstuecke": 1,
          "bausteinPreise": [
            {
              "taasTarifrisikoschluessel": "FELS",
              "jahresNetto": 190.44,
              "bruttopreisFuerZahlweise": 55.3
            },
            {
              "taasTarifrisikoschluessel": "HAUS_UND_WOHNSCHUTZBRIEF",
              "jahresNetto": 1.92,
              "bruttopreisFuerZahlweise": 0.56
            }
          ],
          "treuebonus": 25,
          "linienBruttopreis": 55.86,
          "gesamtBruttopreisFuerZahlweise": 55.86,
          "gesamtBruttopreisJaehrlich": 223.43
        },
        {
          "zahlweise": "MONATLICH",
          "selbstbeteiligung": "SELBSTBETEILIGUNG_0000",
          "laufzeit": "DREI_JAHRE",
          "zaehlstuecke": 1,
          "bausteinPreise": [
            {
              "taasTarifrisikoschluessel": "FELS",
              "jahresNetto": 190.44,
              "bruttopreisFuerZahlweise": 18.43
            },
            {
              "taasTarifrisikoschluessel": "HAUS_UND_WOHNSCHUTZBRIEF",
              "jahresNetto": 1.92,
              "bruttopreisFuerZahlweise": 0.19
            }
          ],
          "treuebonus": 25,
          "linienBruttopreis": 18.62,
          "gesamtBruttopreisFuerZahlweise": 18.62,
          "gesamtBruttopreisJaehrlich": 223.43
        },
        {
          "zahlweise": "JAEHRLICH",
          "selbstbeteiligung": "SELBSTBETEILIGUNG_0000",
          "laufzeit": "EIN_JAHR",
          "zaehlstuecke": 2,
          "bausteinPreise": [
            {
              "taasTarifrisikoschluessel": "FELS",
              "jahresNetto": 190.44,
              "bruttopreisFuerZahlweise": 221.2
            },
            {
              "taasTarifrisikoschluessel": "HAUS_UND_WOHNSCHUTZBRIEF",
              "jahresNetto": 1.92,
              "bruttopreisFuerZahlweise": 2.23
            }
          ],
          "treuebonus": 0,
          "linienBruttopreis": 223.43,
          "gesamtBruttopreisFuerZahlweise": 223.43,
          "gesamtBruttopreisJaehrlich": 223.43
        },
        {
          "zahlweise": "HALBJAEHRLICH",
          "selbstbeteiligung": "SELBSTBETEILIGUNG_0000",
          "laufzeit": "EIN_JAHR",
          "zaehlstuecke": 2,
          "bausteinPreise": [
            {
              "taasTarifrisikoschluessel": "FELS",
              "jahresNetto": 196.08,
              "bruttopreisFuerZahlweise": 113.87
            },
            {
              "taasTarifrisikoschluessel": "HAUS_UND_WOHNSCHUTZBRIEF",
              "jahresNetto": 1.92,
              "bruttopreisFuerZahlweise": 1.12
            }
          ],
          "treuebonus": 0,
          "linienBruttopreis": 114.99,
          "gesamtBruttopreisFuerZahlweise": 114.99,
          "gesamtBruttopreisJaehrlich": 229.98
        },
        {
          "zahlweise": "VIERTELJAEHRLICH",
          "selbstbeteiligung": "SELBSTBETEILIGUNG_0000",
          "laufzeit": "EIN_JAHR",
          "zaehlstuecke": 2,
          "bausteinPreise": [
            {
              "taasTarifrisikoschluessel": "FELS",
              "jahresNetto": 199.92,
              "bruttopreisFuerZahlweise": 58.05
            },
            {
              "taasTarifrisikoschluessel": "HAUS_UND_WOHNSCHUTZBRIEF",
              "jahresNetto": 1.92,
              "bruttopreisFuerZahlweise": 0.56
            }
          ],
          "treuebonus": 0,
          "linienBruttopreis": 58.61,
          "gesamtBruttopreisFuerZahlweise": 58.61,
          "gesamtBruttopreisJaehrlich": 234.44
        },
        {
          "zahlweise": "MONATLICH",
          "selbstbeteiligung": "SELBSTBETEILIGUNG_0000",
          "laufzeit": "EIN_JAHR",
          "zaehlstuecke": 2,
          "bausteinPreise": [
            {
              "taasTarifrisikoschluessel": "FELS",
              "jahresNetto": 201.84,
              "bruttopreisFuerZahlweise": 19.54
            },
            {
              "taasTarifrisikoschluessel": "HAUS_UND_WOHNSCHUTZBRIEF",
              "jahresNetto": 1.92,
              "bruttopreisFuerZahlweise": 0.19
            }
          ],
          "treuebonus": 0,
          "linienBruttopreis": 19.72,
          "gesamtBruttopreisFuerZahlweise": 19.72,
          "gesamtBruttopreisJaehrlich": 236.67
        },
        {
          "zahlweise": "JAEHRLICH",
          "selbstbeteiligung": "SELBSTBETEILIGUNG_0000",
          "laufzeit": "DREI_JAHRE",
          "zaehlstuecke": 2,
          "bausteinPreise": [
            {
              "taasTarifrisikoschluessel": "FELS",
              "jahresNetto": 180.84,
              "bruttopreisFuerZahlweise": 210.05
            },
            {
              "taasTarifrisikoschluessel": "HAUS_UND_WOHNSCHUTZBRIEF",
              "jahresNetto": 1.8,
              "bruttopreisFuerZahlweise": 2.09
            }
          ],
          "treuebonus": 25,
          "linienBruttopreis": 212.14,
          "gesamtBruttopreisFuerZahlweise": 212.14,
          "gesamtBruttopreisJaehrlich": 212.14
        },
        {
          "zahlweise": "HALBJAEHRLICH",
          "selbstbeteiligung": "SELBSTBETEILIGUNG_0000",
          "laufzeit": "DREI_JAHRE",
          "zaehlstuecke": 2,
          "bausteinPreise": [
            {
              "taasTarifrisikoschluessel": "FELS",
              "jahresNetto": 180.84,
              "bruttopreisFuerZahlweise": 105.02
            },
            {
              "taasTarifrisikoschluessel": "HAUS_UND_WOHNSCHUTZBRIEF",
              "jahresNetto": 1.8,
              "bruttopreisFuerZahlweise": 1.05
            }
          ],
          "treuebonus": 25,
          "linienBruttopreis": 106.07,
          "gesamtBruttopreisFuerZahlweise": 106.07,
          "gesamtBruttopreisJaehrlich": 212.14
        },
        {
          "zahlweise": "VIERTELJAEHRLICH",
          "selbstbeteiligung": "SELBSTBETEILIGUNG_0000",
          "laufzeit": "DREI_JAHRE",
          "zaehlstuecke": 2,
          "bausteinPreise": [
            {
              "taasTarifrisikoschluessel": "FELS",
              "jahresNetto": 180.84,
              "bruttopreisFuerZahlweise": 52.51
            },
            {
              "taasTarifrisikoschluessel": "HAUS_UND_WOHNSCHUTZBRIEF",
              "jahresNetto": 1.8,
              "bruttopreisFuerZahlweise": 0.52
            }
          ],
          "treuebonus": 25,
          "linienBruttopreis": 53.03,
          "gesamtBruttopreisFuerZahlweise": 53.03,
          "gesamtBruttopreisJaehrlich": 212.14
        },
        {
          "zahlweise": "MONATLICH",
          "selbstbeteiligung": "SELBSTBETEILIGUNG_0000",
          "laufzeit": "DREI_JAHRE",
          "zaehlstuecke": 2,
          "bausteinPreise": [
            {
              "taasTarifrisikoschluessel": "FELS",
              "jahresNetto": 180.84,
              "bruttopreisFuerZahlweise": 17.5
            },
            {
              "taasTarifrisikoschluessel": "HAUS_UND_WOHNSCHUTZBRIEF",
              "jahresNetto": 1.8,
              "bruttopreisFuerZahlweise": 0.17
            }
          ],
          "treuebonus": 25,
          "linienBruttopreis": 17.68,
          "gesamtBruttopreisFuerZahlweise": 17.68,
          "gesamtBruttopreisJaehrlich": 212.14
        },
        {
          "zahlweise": "JAEHRLICH",
          "selbstbeteiligung": "SELBSTBETEILIGUNG_0000",
          "laufzeit": "EIN_JAHR",
          "zaehlstuecke": 3,
          "bausteinPreise": [
            {
              "taasTarifrisikoschluessel": "FELS",
              "jahresNetto": 190.44,
              "bruttopreisFuerZahlweise": 221.2
            },
            {
              "taasTarifrisikoschluessel": "HAUS_UND_WOHNSCHUTZBRIEF",
              "jahresNetto": 1.92,
              "bruttopreisFuerZahlweise": 2.23
            }
          ],
          "treuebonus": 0,
          "linienBruttopreis": 223.43,
          "gesamtBruttopreisFuerZahlweise": 223.43,
          "gesamtBruttopreisJaehrlich": 223.43
        },
        {
          "zahlweise": "HALBJAEHRLICH",
          "selbstbeteiligung": "SELBSTBETEILIGUNG_0000",
          "laufzeit": "EIN_JAHR",
          "zaehlstuecke": 3,
          "bausteinPreise": [
            {
              "taasTarifrisikoschluessel": "FELS",
              "jahresNetto": 196.08,
              "bruttopreisFuerZahlweise": 113.87
            },
            {
              "taasTarifrisikoschluessel": "HAUS_UND_WOHNSCHUTZBRIEF",
              "jahresNetto": 1.92,
              "bruttopreisFuerZahlweise": 1.12
            }
          ],
          "treuebonus": 0,
          "linienBruttopreis": 114.99,
          "gesamtBruttopreisFuerZahlweise": 114.99,
          "gesamtBruttopreisJaehrlich": 229.98
        },
        {
          "zahlweise": "VIERTELJAEHRLICH",
          "selbstbeteiligung": "SELBSTBETEILIGUNG_0000",
          "laufzeit": "EIN_JAHR",
          "zaehlstuecke": 3,
          "bausteinPreise": [
            {
              "taasTarifrisikoschluessel": "FELS",
              "jahresNetto": 199.92,
              "bruttopreisFuerZahlweise": 58.05
            },
            {
              "taasTarifrisikoschluessel": "HAUS_UND_WOHNSCHUTZBRIEF",
              "jahresNetto": 1.92,
              "bruttopreisFuerZahlweise": 0.56
            }
          ],
          "treuebonus": 0,
          "linienBruttopreis": 58.61,
          "gesamtBruttopreisFuerZahlweise": 58.61,
          "gesamtBruttopreisJaehrlich": 234.44
        },
        {
          "zahlweise": "MONATLICH",
          "selbstbeteiligung": "SELBSTBETEILIGUNG_0000",
          "laufzeit": "EIN_JAHR",
          "zaehlstuecke": 3,
          "bausteinPreise": [
            {
              "taasTarifrisikoschluessel": "FELS",
              "jahresNetto": 201.84,
              "bruttopreisFuerZahlweise": 19.54
            },
            {
              "taasTarifrisikoschluessel": "HAUS_UND_WOHNSCHUTZBRIEF",
              "jahresNetto": 1.92,
              "bruttopreisFuerZahlweise": 0.19
            }
          ],
          "treuebonus": 0,
          "linienBruttopreis": 19.72,
          "gesamtBruttopreisFuerZahlweise": 19.72,
          "gesamtBruttopreisJaehrlich": 236.67
        },
        {
          "zahlweise": "JAEHRLICH",
          "selbstbeteiligung": "SELBSTBETEILIGUNG_0000",
          "laufzeit": "DREI_JAHRE",
          "zaehlstuecke": 3,
          "bausteinPreise": [
            {
              "taasTarifrisikoschluessel": "FELS",
              "jahresNetto": 171.36,
              "bruttopreisFuerZahlweise": 199.03
            },
            {
              "taasTarifrisikoschluessel": "HAUS_UND_WOHNSCHUTZBRIEF",
              "jahresNetto": 1.68,
              "bruttopreisFuerZahlweise": 1.95
            }
          ],
          "treuebonus": 25,
          "linienBruttopreis": 200.99,
          "gesamtBruttopreisFuerZahlweise": 200.99,
          "gesamtBruttopreisJaehrlich": 200.99
        },
        {
          "zahlweise": "HALBJAEHRLICH",
          "selbstbeteiligung": "SELBSTBETEILIGUNG_0000",
          "laufzeit": "DREI_JAHRE",
          "zaehlstuecke": 3,
          "bausteinPreise": [
            {
              "taasTarifrisikoschluessel": "FELS",
              "jahresNetto": 171.36,
              "bruttopreisFuerZahlweise": 99.52
            },
            {
              "taasTarifrisikoschluessel": "HAUS_UND_WOHNSCHUTZBRIEF",
              "jahresNetto": 1.68,
              "bruttopreisFuerZahlweise": 0.98
            }
          ],
          "treuebonus": 25,
          "linienBruttopreis": 100.49,
          "gesamtBruttopreisFuerZahlweise": 100.49,
          "gesamtBruttopreisJaehrlich": 200.99
        },
        {
          "zahlweise": "VIERTELJAEHRLICH",
          "selbstbeteiligung": "SELBSTBETEILIGUNG_0000",
          "laufzeit": "DREI_JAHRE",
          "zaehlstuecke": 3,
          "bausteinPreise": [
            {
              "taasTarifrisikoschluessel": "FELS",
              "jahresNetto": 171.36,
              "bruttopreisFuerZahlweise": 49.76
            },
            {
              "taasTarifrisikoschluessel": "HAUS_UND_WOHNSCHUTZBRIEF",
              "jahresNetto": 1.68,
              "bruttopreisFuerZahlweise": 0.49
            }
          ],
          "treuebonus": 25,
          "linienBruttopreis": 50.25,
          "gesamtBruttopreisFuerZahlweise": 50.25,
          "gesamtBruttopreisJaehrlich": 200.99
        },
        {
          "zahlweise": "MONATLICH",
          "selbstbeteiligung": "SELBSTBETEILIGUNG_0000",
          "laufzeit": "DREI_JAHRE",
          "zaehlstuecke": 3,
          "bausteinPreise": [
            {
              "taasTarifrisikoschluessel": "FELS",
              "jahresNetto": 171.36,
              "bruttopreisFuerZahlweise": 16.59
            },
            {
              "taasTarifrisikoschluessel": "HAUS_UND_WOHNSCHUTZBRIEF",
              "jahresNetto": 1.68,
              "bruttopreisFuerZahlweise": 0.16
            }
          ],
          "treuebonus": 25,
          "linienBruttopreis": 16.75,
          "gesamtBruttopreisFuerZahlweise": 16.75,
          "gesamtBruttopreisJaehrlich": 200.99
        },
        {
          "zahlweise": "JAEHRLICH",
          "selbstbeteiligung": "SELBSTBETEILIGUNG_0000",
          "laufzeit": "EIN_JAHR",
          "zaehlstuecke": 4,
          "bausteinPreise": [
            {
              "taasTarifrisikoschluessel": "FELS",
              "jahresNetto": 190.44,
              "bruttopreisFuerZahlweise": 221.2
            },
            {
              "taasTarifrisikoschluessel": "HAUS_UND_WOHNSCHUTZBRIEF",
              "jahresNetto": 1.92,
              "bruttopreisFuerZahlweise": 2.23
            }
          ],
          "treuebonus": 0,
          "linienBruttopreis": 223.43,
          "gesamtBruttopreisFuerZahlweise": 223.43,
          "gesamtBruttopreisJaehrlich": 223.43
        },
        {
          "zahlweise": "HALBJAEHRLICH",
          "selbstbeteiligung": "SELBSTBETEILIGUNG_0000",
          "laufzeit": "EIN_JAHR",
          "zaehlstuecke": 4,
          "bausteinPreise": [
            {
              "taasTarifrisikoschluessel": "FELS",
              "jahresNetto": 196.08,
              "bruttopreisFuerZahlweise": 113.87
            },
            {
              "taasTarifrisikoschluessel": "HAUS_UND_WOHNSCHUTZBRIEF",
              "jahresNetto": 1.92,
              "bruttopreisFuerZahlweise": 1.12
            }
          ],
          "treuebonus": 0,
          "linienBruttopreis": 114.99,
          "gesamtBruttopreisFuerZahlweise": 114.99,
          "gesamtBruttopreisJaehrlich": 229.98
        },
        {
          "zahlweise": "VIERTELJAEHRLICH",
          "selbstbeteiligung": "SELBSTBETEILIGUNG_0000",
          "laufzeit": "EIN_JAHR",
          "zaehlstuecke": 4,
          "bausteinPreise": [
            {
              "taasTarifrisikoschluessel": "FELS",
              "jahresNetto": 199.92,
              "bruttopreisFuerZahlweise": 58.05
            },
            {
              "taasTarifrisikoschluessel": "HAUS_UND_WOHNSCHUTZBRIEF",
              "jahresNetto": 1.92,
              "bruttopreisFuerZahlweise": 0.56
            }
          ],
          "treuebonus": 0,
          "linienBruttopreis": 58.61,
          "gesamtBruttopreisFuerZahlweise": 58.61,
          "gesamtBruttopreisJaehrlich": 234.44
        },
        {
          "zahlweise": "MONATLICH",
          "selbstbeteiligung": "SELBSTBETEILIGUNG_0000",
          "laufzeit": "EIN_JAHR",
          "zaehlstuecke": 4,
          "bausteinPreise": [
            {
              "taasTarifrisikoschluessel": "FELS",
              "jahresNetto": 201.84,
              "bruttopreisFuerZahlweise": 19.54
            },
            {
              "taasTarifrisikoschluessel": "HAUS_UND_WOHNSCHUTZBRIEF",
              "jahresNetto": 1.92,
              "bruttopreisFuerZahlweise": 0.19
            }
          ],
          "treuebonus": 0,
          "linienBruttopreis": 19.72,
          "gesamtBruttopreisFuerZahlweise": 19.72,
          "gesamtBruttopreisJaehrlich": 236.67
        },
        {
          "zahlweise": "JAEHRLICH",
          "selbstbeteiligung": "SELBSTBETEILIGUNG_0000",
          "laufzeit": "DREI_JAHRE",
          "zaehlstuecke": 4,
          "bausteinPreise": [
            {
              "taasTarifrisikoschluessel": "FELS",
              "jahresNetto": 161.88,
              "bruttopreisFuerZahlweise": 188.02
            },
            {
              "taasTarifrisikoschluessel": "HAUS_UND_WOHNSCHUTZBRIEF",
              "jahresNetto": 1.56,
              "bruttopreisFuerZahlweise": 1.81
            }
          ],
          "treuebonus": 25,
          "linienBruttopreis": 189.84,
          "gesamtBruttopreisFuerZahlweise": 189.84,
          "gesamtBruttopreisJaehrlich": 189.84
        },
        {
          "zahlweise": "HALBJAEHRLICH",
          "selbstbeteiligung": "SELBSTBETEILIGUNG_0000",
          "laufzeit": "DREI_JAHRE",
          "zaehlstuecke": 4,
          "bausteinPreise": [
            {
              "taasTarifrisikoschluessel": "FELS",
              "jahresNetto": 161.88,
              "bruttopreisFuerZahlweise": 94.01
            },
            {
              "taasTarifrisikoschluessel": "HAUS_UND_WOHNSCHUTZBRIEF",
              "jahresNetto": 1.56,
              "bruttopreisFuerZahlweise": 0.91
            }
          ],
          "treuebonus": 25,
          "linienBruttopreis": 94.92,
          "gesamtBruttopreisFuerZahlweise": 94.92,
          "gesamtBruttopreisJaehrlich": 189.84
        },
        {
          "zahlweise": "VIERTELJAEHRLICH",
          "selbstbeteiligung": "SELBSTBETEILIGUNG_0000",
          "laufzeit": "DREI_JAHRE",
          "zaehlstuecke": 4,
          "bausteinPreise": [
            {
              "taasTarifrisikoschluessel": "FELS",
              "jahresNetto": 161.88,
              "bruttopreisFuerZahlweise": 47.01
            },
            {
              "taasTarifrisikoschluessel": "HAUS_UND_WOHNSCHUTZBRIEF",
              "jahresNetto": 1.56,
              "bruttopreisFuerZahlweise": 0.45
            }
          ],
          "treuebonus": 25,
          "linienBruttopreis": 47.46,
          "gesamtBruttopreisFuerZahlweise": 47.46,
          "gesamtBruttopreisJaehrlich": 189.84
        },
        {
          "zahlweise": "MONATLICH",
          "selbstbeteiligung": "SELBSTBETEILIGUNG_0000",
          "laufzeit": "DREI_JAHRE",
          "zaehlstuecke": 4,
          "bausteinPreise": [
            {
              "taasTarifrisikoschluessel": "FELS",
              "jahresNetto": 161.88,
              "bruttopreisFuerZahlweise": 15.67
            },
            {
              "taasTarifrisikoschluessel": "HAUS_UND_WOHNSCHUTZBRIEF",
              "jahresNetto": 1.56,
              "bruttopreisFuerZahlweise": 0.15
            }
          ],
          "treuebonus": 25,
          "linienBruttopreis": 15.82,
          "gesamtBruttopreisFuerZahlweise": 15.82,
          "gesamtBruttopreisJaehrlich": 189.84
        },
        {
          "zahlweise": "JAEHRLICH",
          "selbstbeteiligung": "SELBSTBETEILIGUNG_0000",
          "laufzeit": "EIN_JAHR",
          "zaehlstuecke": 5,
          "bausteinPreise": [
            {
              "taasTarifrisikoschluessel": "FELS",
              "jahresNetto": 190.44,
              "bruttopreisFuerZahlweise": 221.2
            },
            {
              "taasTarifrisikoschluessel": "HAUS_UND_WOHNSCHUTZBRIEF",
              "jahresNetto": 1.92,
              "bruttopreisFuerZahlweise": 2.23
            }
          ],
          "treuebonus": 0,
          "linienBruttopreis": 223.43,
          "gesamtBruttopreisFuerZahlweise": 223.43,
          "gesamtBruttopreisJaehrlich": 223.43
        },
        {
          "zahlweise": "HALBJAEHRLICH",
          "selbstbeteiligung": "SELBSTBETEILIGUNG_0000",
          "laufzeit": "EIN_JAHR",
          "zaehlstuecke": 5,
          "bausteinPreise": [
            {
              "taasTarifrisikoschluessel": "FELS",
              "jahresNetto": 196.08,
              "bruttopreisFuerZahlweise": 113.87
            },
            {
              "taasTarifrisikoschluessel": "HAUS_UND_WOHNSCHUTZBRIEF",
              "jahresNetto": 1.92,
              "bruttopreisFuerZahlweise": 1.12
            }
          ],
          "treuebonus": 0,
          "linienBruttopreis": 114.99,
          "gesamtBruttopreisFuerZahlweise": 114.99,
          "gesamtBruttopreisJaehrlich": 229.98
        },
        {
          "zahlweise": "VIERTELJAEHRLICH",
          "selbstbeteiligung": "SELBSTBETEILIGUNG_0000",
          "laufzeit": "EIN_JAHR",
          "zaehlstuecke": 5,
          "bausteinPreise": [
            {
              "taasTarifrisikoschluessel": "FELS",
              "jahresNetto": 199.92,
              "bruttopreisFuerZahlweise": 58.05
            },
            {
              "taasTarifrisikoschluessel": "HAUS_UND_WOHNSCHUTZBRIEF",
              "jahresNetto": 1.92,
              "bruttopreisFuerZahlweise": 0.56
            }
          ],
          "treuebonus": 0,
          "linienBruttopreis": 58.61,
          "gesamtBruttopreisFuerZahlweise": 58.61,
          "gesamtBruttopreisJaehrlich": 234.44
        },
        {
          "zahlweise": "MONATLICH",
          "selbstbeteiligung": "SELBSTBETEILIGUNG_0000",
          "laufzeit": "EIN_JAHR",
          "zaehlstuecke": 5,
          "bausteinPreise": [
            {
              "taasTarifrisikoschluessel": "FELS",
              "jahresNetto": 201.84,
              "bruttopreisFuerZahlweise": 19.54
            },
            {
              "taasTarifrisikoschluessel": "HAUS_UND_WOHNSCHUTZBRIEF",
              "jahresNetto": 1.92,
              "bruttopreisFuerZahlweise": 0.19
            }
          ],
          "treuebonus": 0,
          "linienBruttopreis": 19.72,
          "gesamtBruttopreisFuerZahlweise": 19.72,
          "gesamtBruttopreisJaehrlich": 236.67
        },
        {
          "zahlweise": "JAEHRLICH",
          "selbstbeteiligung": "SELBSTBETEILIGUNG_0000",
          "laufzeit": "DREI_JAHRE",
          "zaehlstuecke": 5,
          "bausteinPreise": [
            {
              "taasTarifrisikoschluessel": "FELS",
              "jahresNetto": 152.28,
              "bruttopreisFuerZahlweise": 176.87
            },
            {
              "taasTarifrisikoschluessel": "HAUS_UND_WOHNSCHUTZBRIEF",
              "jahresNetto": 1.44,
              "bruttopreisFuerZahlweise": 1.67
            }
          ],
          "treuebonus": 25,
          "linienBruttopreis": 178.55,
          "gesamtBruttopreisFuerZahlweise": 178.55,
          "gesamtBruttopreisJaehrlich": 178.55
        },
        {
          "zahlweise": "HALBJAEHRLICH",
          "selbstbeteiligung": "SELBSTBETEILIGUNG_0000",
          "laufzeit": "DREI_JAHRE",
          "zaehlstuecke": 5,
          "bausteinPreise": [
            {
              "taasTarifrisikoschluessel": "FELS",
              "jahresNetto": 152.28,
              "bruttopreisFuerZahlweise": 88.44
            },
            {
              "taasTarifrisikoschluessel": "HAUS_UND_WOHNSCHUTZBRIEF",
              "jahresNetto": 1.44,
              "bruttopreisFuerZahlweise": 0.84
            }
          ],
          "treuebonus": 25,
          "linienBruttopreis": 89.27,
          "gesamtBruttopreisFuerZahlweise": 89.27,
          "gesamtBruttopreisJaehrlich": 178.55
        },
        {
          "zahlweise": "VIERTELJAEHRLICH",
          "selbstbeteiligung": "SELBSTBETEILIGUNG_0000",
          "laufzeit": "DREI_JAHRE",
          "zaehlstuecke": 5,
          "bausteinPreise": [
            {
              "taasTarifrisikoschluessel": "FELS",
              "jahresNetto": 152.28,
              "bruttopreisFuerZahlweise": 44.22
            },
            {
              "taasTarifrisikoschluessel": "HAUS_UND_WOHNSCHUTZBRIEF",
              "jahresNetto": 1.44,
              "bruttopreisFuerZahlweise": 0.42
            }
          ],
          "treuebonus": 25,
          "linienBruttopreis": 44.64,
          "gesamtBruttopreisFuerZahlweise": 44.64,
          "gesamtBruttopreisJaehrlich": 178.55
        },
        {
          "zahlweise": "MONATLICH",
          "selbstbeteiligung": "SELBSTBETEILIGUNG_0000",
          "laufzeit": "DREI_JAHRE",
          "zaehlstuecke": 5,
          "bausteinPreise": [
            {
              "taasTarifrisikoschluessel": "FELS",
              "jahresNetto": 152.28,
              "bruttopreisFuerZahlweise": 14.74
            },
            {
              "taasTarifrisikoschluessel": "HAUS_UND_WOHNSCHUTZBRIEF",
              "jahresNetto": 1.44,
              "bruttopreisFuerZahlweise": 0.14
            }
          ],
          "treuebonus": 25,
          "linienBruttopreis": 14.88,
          "gesamtBruttopreisFuerZahlweise": 14.88,
          "gesamtBruttopreisJaehrlich": 178.55
        }
      ]
    }
  ],
  "gisDaten": {
    "konvergenz150": null,
    "konvergenz300": null,
    "steigung": null,
    "bodenversiegelung": null,
    "bewaldungsdichte": null,
    "bewaldungsart100": null,
    "bewaldungsart20": null,
    "hoehe": null,
    "flutzone": null,
    "landform": null,
    "senke": null,
    "bachzone": 0,
    "gebaeudeGrundflaeche": null,
    "starkregenzone": null,
    "zuersGefaehrdungsklasse": 1,
    "latitude": null,
    "longitude": null,
    "gleitenderNeuwert": null,
    "matchcode": null
  },
  "elementarSB": {
    "id": "1",
    "description": "<b>Vorteil bei Komfort und Premium:</b></br> Zusätzlich mitversichert sind Überschwemmungen von Terrassen, Balkonen, Flachdächern, Dachrinnen, Treppenabgängen und Lichtschächten. Beispiel: Eine Dachterrasse oder ein Balkon wird durch Starkregen überflutet und Wasser dringt in das Haus ein.</br> </br><b>Für diesen Baustein gilt eine Selbstbeteiligung je Schadenfall von maximal:</b> <ul><li>500 EUR für Überschwemmungsschäden</li><li>500 EUR für Rückstauschäden </li><li>3.000 EUR für Erdbebenschäden</li> </ul> </br> <b>Wartezeit:</b> </br>Für Schäden durch Ausuferung von oberirdischen Binnengewässern beginnt der Versicherungsschutz bei Neuabschluss einer Hausratversicherung erst 7 Tage nach dem vereinbarten Versicherungsbeginn. Die Wartezeit entfällt, sofern unmittelbar vor Versicherungsbeginn anderweitig bereits entsprechender Versicherungsschutz bestanden hat."
  },
  "taasStatus": {
    "fehlermeldung": "",
    "returnCodeTaas": "KEIN_FEHLER",
    "fehlerCode": "000000"
  },
  "deltafaktoren": null,
  "vorvertraegeVorschaeden": null
}
