{
  "produktlinien": [
    {
      "salesProductName": "KOMFORT",
      "rbdMax": null,
      "preisverzeichnis": 8,
      "salesProduktVariants": [
        {
          "zahlweise": "JAEHRLICH",
          "selbstbeteiligung": "SELBSTBETEILIGUNG_0150",
          "laufzeit": "EIN_JAHR",
          "zaehlstuecke": 0,
          "bausteinPreise": [
            {
              "taasTarifrisikoschluessel": "VERKEHR",
              "jahresNetto": 152.16,
              "bruttopreisFuerZahlweise": 181.07
            },
            {
              "taasTarifrisikoschluessel": "STRAFRECHTSSCHUTZ",
              "jahresNetto": 121.44,
              "bruttopreisFuerZahlweise": 144.51
            },
            {
              "taasTarifrisikoschluessel": "BERUF",
              "jahresNetto": 114.24,
              "bruttopreisFuerZahlweise": 135.95
            },
            {
              "taasTarifrisikoschluessel": "PRIVAT",
              "jahresNetto": 140.76,
              "bruttopreisFuerZahlweise": 167.5
            },
            {
              "taasTarifrisikoschluessel": "WOHNEINHEIT",
              "jahresNetto": 43.8,
              "bruttopreisFuerZahlweise": 52.12
            },
            {
              "taasTarifrisikoschluessel": "VERMIETER",
              "jahresNetto": 1236.36,
              "bruttopreisFuerZahlweise": 1471.27
            }
          ],
          "treuebonus": 0,
          "linienBruttopreis": 536.64,
          "gesamtBruttopreisFuerZahlweise": 2152.42,
          "gesamtBruttopreisJaehrlich": 2152.42
        },
        {
          "zahlweise": "HALBJAEHRLICH",
          "selbstbeteiligung": "SELBSTBETEILIGUNG_0150",
          "laufzeit": "EIN_JAHR",
          "zaehlstuecke": 0,
          "bausteinPreise": [
            {
              "taasTarifrisikoschluessel": "VERKEHR",
              "jahresNetto": 156.72,
              "bruttopreisFuerZahlweise": 93.25
            },
            {
              "taasTarifrisikoschluessel": "STRAFRECHTSSCHUTZ",
              "jahresNetto": 125.04,
              "bruttopreisFuerZahlweise": 74.4
            },
            {
              "taasTarifrisikoschluessel": "BERUF",
              "jahresNetto": 117.72,
              "bruttopreisFuerZahlweise": 70.04
            },
            {
              "taasTarifrisikoschluessel": "PRIVAT",
              "jahresNetto": 144.96,
              "bruttopreisFuerZahlweise": 86.25
            },
            {
              "taasTarifrisikoschluessel": "WOHNEINHEIT",
              "jahresNetto": 45.12,
              "bruttopreisFuerZahlweise": 26.85
            },
            {
              "taasTarifrisikoschluessel": "VERMIETER",
              "jahresNetto": 1273.44,
              "bruttopreisFuerZahlweise": 757.7
            }
          ],
          "treuebonus": 0,
          "linienBruttopreis": 276.39,
          "gesamtBruttopreisFuerZahlweise": 1108.49,
          "gesamtBruttopreisJaehrlich": 2216.97
        },
        {
          "zahlweise": "VIERTELJAEHRLICH",
          "selbstbeteiligung": "SELBSTBETEILIGUNG_0150",
          "laufzeit": "EIN_JAHR",
          "zaehlstuecke": 0,
          "bausteinPreise": [
            {
              "taasTarifrisikoschluessel": "VERKEHR",
              "jahresNetto": 159.72,
              "bruttopreisFuerZahlweise": 47.52
            },
            {
              "taasTarifrisikoschluessel": "STRAFRECHTSSCHUTZ",
              "jahresNetto": 127.44,
              "bruttopreisFuerZahlweise": 37.91
            },
            {
              "taasTarifrisikoschluessel": "BERUF",
              "jahresNetto": 120,
              "bruttopreisFuerZahlweise": 35.7
            },
            {
              "taasTarifrisikoschluessel": "PRIVAT",
              "jahresNetto": 147.84,
              "bruttopreisFuerZahlweise": 43.98
            },
            {
              "taasTarifrisikoschluessel": "WOHNEINHEIT",
              "jahresNetto": 45.96,
              "bruttopreisFuerZahlweise": 13.67
            },
            {
              "taasTarifrisikoschluessel": "VERMIETER",
              "jahresNetto": 1298.16,
              "bruttopreisFuerZahlweise": 386.2
            }
          ],
          "treuebonus": 0,
          "linienBruttopreis": 140.87,
          "gesamtBruttopreisFuerZahlweise": 564.99,
          "gesamtBruttopreisJaehrlich": 2259.95
        },
        {
          "zahlweise": "MONATLICH",
          "selbstbeteiligung": "SELBSTBETEILIGUNG_0150",
          "laufzeit": "EIN_JAHR",
          "zaehlstuecke": 0,
          "bausteinPreise": [
            {
              "taasTarifrisikoschluessel": "VERKEHR",
              "jahresNetto": 161.28,
              "bruttopreisFuerZahlweise": 15.99
            },
            {
              "taasTarifrisikoschluessel": "STRAFRECHTSSCHUTZ",
              "jahresNetto": 128.64,
              "bruttopreisFuerZahlweise": 12.76
            },
            {
              "taasTarifrisikoschluessel": "BERUF",
              "jahresNetto": 121.08,
              "bruttopreisFuerZahlweise": 12.01
            },
            {
              "taasTarifrisikoschluessel": "PRIVAT",
              "jahresNetto": 149.16,
              "bruttopreisFuerZahlweise": 14.79
            },
            {
              "taasTarifrisikoschluessel": "WOHNEINHEIT",
              "jahresNetto": 46.44,
              "bruttopreisFuerZahlweise": 4.61
            },
            {
              "taasTarifrisikoschluessel": "VERMIETER",
              "jahresNetto": 1310.52,
              "bruttopreisFuerZahlweise": 129.96
            }
          ],
          "treuebonus": 0,
          "linienBruttopreis": 47.4,
          "gesamtBruttopreisFuerZahlweise": 190.11,
          "gesamtBruttopreisJaehrlich": 2281.37
        },
        {
          "zahlweise": "JAEHRLICH",
          "selbstbeteiligung": "SELBSTBETEILIGUNG_0150",
          "laufzeit": "DREI_JAHRE",
          "zaehlstuecke": 0,
          "bausteinPreise": [
            {
              "taasTarifrisikoschluessel": "VERKEHR",
              "jahresNetto": 152.16,
              "bruttopreisFuerZahlweise": 181.07
            },
            {
              "taasTarifrisikoschluessel": "STRAFRECHTSSCHUTZ",
              "jahresNetto": 121.44,
              "bruttopreisFuerZahlweise": 144.51
            },
            {
              "taasTarifrisikoschluessel": "BERUF",
              "jahresNetto": 114.24,
              "bruttopreisFuerZahlweise": 135.95
            },
            {
              "taasTarifrisikoschluessel": "PRIVAT",
              "jahresNetto": 140.76,
              "bruttopreisFuerZahlweise": 167.5
            },
            {
              "taasTarifrisikoschluessel": "WOHNEINHEIT",
              "jahresNetto": 43.8,
              "bruttopreisFuerZahlweise": 52.12
            },
            {
              "taasTarifrisikoschluessel": "VERMIETER",
              "jahresNetto": 1236.36,
              "bruttopreisFuerZahlweise": 1471.27
            }
          ],
          "treuebonus": 25,
          "linienBruttopreis": 536.64,
          "gesamtBruttopreisFuerZahlweise": 2152.42,
          "gesamtBruttopreisJaehrlich": 2152.42
        },
        {
          "zahlweise": "HALBJAEHRLICH",
          "selbstbeteiligung": "SELBSTBETEILIGUNG_0150",
          "laufzeit": "DREI_JAHRE",
          "zaehlstuecke": 0,
          "bausteinPreise": [
            {
              "taasTarifrisikoschluessel": "VERKEHR",
              "jahresNetto": 152.16,
              "bruttopreisFuerZahlweise": 90.54
            },
            {
              "taasTarifrisikoschluessel": "STRAFRECHTSSCHUTZ",
              "jahresNetto": 121.44,
              "bruttopreisFuerZahlweise": 72.26
            },
            {
              "taasTarifrisikoschluessel": "BERUF",
              "jahresNetto": 114.24,
              "bruttopreisFuerZahlweise": 67.97
            },
            {
              "taasTarifrisikoschluessel": "PRIVAT",
              "jahresNetto": 140.76,
              "bruttopreisFuerZahlweise": 83.75
            },
            {
              "taasTarifrisikoschluessel": "WOHNEINHEIT",
              "jahresNetto": 43.8,
              "bruttopreisFuerZahlweise": 26.06
            },
            {
              "taasTarifrisikoschluessel": "VERMIETER",
              "jahresNetto": 1236.36,
              "bruttopreisFuerZahlweise": 735.63
            }
          ],
          "treuebonus": 25,
          "linienBruttopreis": 268.32,
          "gesamtBruttopreisFuerZahlweise": 1076.21,
          "gesamtBruttopreisJaehrlich": 2152.42
        },
        {
          "zahlweise": "VIERTELJAEHRLICH",
          "selbstbeteiligung": "SELBSTBETEILIGUNG_0150",
          "laufzeit": "DREI_JAHRE",
          "zaehlstuecke": 0,
          "bausteinPreise": [
            {
              "taasTarifrisikoschluessel": "VERKEHR",
              "jahresNetto": 152.16,
              "bruttopreisFuerZahlweise": 45.27
            },
            {
              "taasTarifrisikoschluessel": "STRAFRECHTSSCHUTZ",
              "jahresNetto": 121.44,
              "bruttopreisFuerZahlweise": 36.13
            },
            {
              "taasTarifrisikoschluessel": "BERUF",
              "jahresNetto": 114.24,
              "bruttopreisFuerZahlweise": 33.99
            },
            {
              "taasTarifrisikoschluessel": "PRIVAT",
              "jahresNetto": 140.76,
              "bruttopreisFuerZahlweise": 41.88
            },
            {
              "taasTarifrisikoschluessel": "WOHNEINHEIT",
              "jahresNetto": 43.8,
              "bruttopreisFuerZahlweise": 13.03
            },
            {
              "taasTarifrisikoschluessel": "VERMIETER",
              "jahresNetto": 1236.36,
              "bruttopreisFuerZahlweise": 367.82
            }
          ],
          "treuebonus": 25,
          "linienBruttopreis": 134.16,
          "gesamtBruttopreisFuerZahlweise": 538.11,
          "gesamtBruttopreisJaehrlich": 2152.42
        },
        {
          "zahlweise": "MONATLICH",
          "selbstbeteiligung": "SELBSTBETEILIGUNG_0150",
          "laufzeit": "DREI_JAHRE",
          "zaehlstuecke": 0,
          "bausteinPreise": [
            {
              "taasTarifrisikoschluessel": "VERKEHR",
              "jahresNetto": 152.16,
              "bruttopreisFuerZahlweise": 15.09
            },
            {
              "taasTarifrisikoschluessel": "STRAFRECHTSSCHUTZ",
              "jahresNetto": 121.44,
              "bruttopreisFuerZahlweise": 12.04
            },
            {
              "taasTarifrisikoschluessel": "BERUF",
              "jahresNetto": 114.24,
              "bruttopreisFuerZahlweise": 11.33
            },
            {
              "taasTarifrisikoschluessel": "PRIVAT",
              "jahresNetto": 140.76,
              "bruttopreisFuerZahlweise": 13.96
            },
            {
              "taasTarifrisikoschluessel": "WOHNEINHEIT",
              "jahresNetto": 43.8,
              "bruttopreisFuerZahlweise": 4.34
            },
            {
              "taasTarifrisikoschluessel": "VERMIETER",
              "jahresNetto": 1236.36,
              "bruttopreisFuerZahlweise": 122.61
            }
          ],
          "treuebonus": 25,
          "linienBruttopreis": 44.72,
          "gesamtBruttopreisFuerZahlweise": 179.37,
          "gesamtBruttopreisJaehrlich": 2152.42
        },
        {
          "zahlweise": "JAEHRLICH",
          "selbstbeteiligung": "SELBSTBETEILIGUNG_0150",
          "laufzeit": "EIN_JAHR",
          "zaehlstuecke": 1,
          "bausteinPreise": [
            {
              "taasTarifrisikoschluessel": "VERKEHR",
              "jahresNetto": 152.16,
              "bruttopreisFuerZahlweise": 181.07
            },
            {
              "taasTarifrisikoschluessel": "STRAFRECHTSSCHUTZ",
              "jahresNetto": 121.44,
              "bruttopreisFuerZahlweise": 144.51
            },
            {
              "taasTarifrisikoschluessel": "BERUF",
              "jahresNetto": 114.24,
              "bruttopreisFuerZahlweise": 135.95
            },
            {
              "taasTarifrisikoschluessel": "PRIVAT",
              "jahresNetto": 140.76,
              "bruttopreisFuerZahlweise": 167.5
            },
            {
              "taasTarifrisikoschluessel": "WOHNEINHEIT",
              "jahresNetto": 43.8,
              "bruttopreisFuerZahlweise": 52.12
            },
            {
              "taasTarifrisikoschluessel": "VERMIETER",
              "jahresNetto": 1236.36,
              "bruttopreisFuerZahlweise": 1471.27
            }
          ],
          "treuebonus": 0,
          "linienBruttopreis": 536.64,
          "gesamtBruttopreisFuerZahlweise": 2152.42,
          "gesamtBruttopreisJaehrlich": 2152.42
        },
        {
          "zahlweise": "HALBJAEHRLICH",
          "selbstbeteiligung": "SELBSTBETEILIGUNG_0150",
          "laufzeit": "EIN_JAHR",
          "zaehlstuecke": 1,
          "bausteinPreise": [
            {
              "taasTarifrisikoschluessel": "VERKEHR",
              "jahresNetto": 156.72,
              "bruttopreisFuerZahlweise": 93.25
            },
            {
              "taasTarifrisikoschluessel": "STRAFRECHTSSCHUTZ",
              "jahresNetto": 125.04,
              "bruttopreisFuerZahlweise": 74.4
            },
            {
              "taasTarifrisikoschluessel": "BERUF",
              "jahresNetto": 117.72,
              "bruttopreisFuerZahlweise": 70.04
            },
            {
              "taasTarifrisikoschluessel": "PRIVAT",
              "jahresNetto": 144.96,
              "bruttopreisFuerZahlweise": 86.25
            },
            {
              "taasTarifrisikoschluessel": "WOHNEINHEIT",
              "jahresNetto": 45.12,
              "bruttopreisFuerZahlweise": 26.85
            },
            {
              "taasTarifrisikoschluessel": "VERMIETER",
              "jahresNetto": 1273.44,
              "bruttopreisFuerZahlweise": 757.7
            }
          ],
          "treuebonus": 0,
          "linienBruttopreis": 276.39,
          "gesamtBruttopreisFuerZahlweise": 1108.49,
          "gesamtBruttopreisJaehrlich": 2216.97
        },
        {
          "zahlweise": "VIERTELJAEHRLICH",
          "selbstbeteiligung": "SELBSTBETEILIGUNG_0150",
          "laufzeit": "EIN_JAHR",
          "zaehlstuecke": 1,
          "bausteinPreise": [
            {
              "taasTarifrisikoschluessel": "VERKEHR",
              "jahresNetto": 159.72,
              "bruttopreisFuerZahlweise": 47.52
            },
            {
              "taasTarifrisikoschluessel": "STRAFRECHTSSCHUTZ",
              "jahresNetto": 127.44,
              "bruttopreisFuerZahlweise": 37.91
            },
            {
              "taasTarifrisikoschluessel": "BERUF",
              "jahresNetto": 120,
              "bruttopreisFuerZahlweise": 35.7
            },
            {
              "taasTarifrisikoschluessel": "PRIVAT",
              "jahresNetto": 147.84,
              "bruttopreisFuerZahlweise": 43.98
            },
            {
              "taasTarifrisikoschluessel": "WOHNEINHEIT",
              "jahresNetto": 45.96,
              "bruttopreisFuerZahlweise": 13.67
            },
            {
              "taasTarifrisikoschluessel": "VERMIETER",
              "jahresNetto": 1298.16,
              "bruttopreisFuerZahlweise": 386.2
            }
          ],
          "treuebonus": 0,
          "linienBruttopreis": 140.87,
          "gesamtBruttopreisFuerZahlweise": 564.99,
          "gesamtBruttopreisJaehrlich": 2259.95
        },
        {
          "zahlweise": "MONATLICH",
          "selbstbeteiligung": "SELBSTBETEILIGUNG_0150",
          "laufzeit": "EIN_JAHR",
          "zaehlstuecke": 1,
          "bausteinPreise": [
            {
              "taasTarifrisikoschluessel": "VERKEHR",
              "jahresNetto": 161.28,
              "bruttopreisFuerZahlweise": 15.99
            },
            {
              "taasTarifrisikoschluessel": "STRAFRECHTSSCHUTZ",
              "jahresNetto": 128.64,
              "bruttopreisFuerZahlweise": 12.76
            },
            {
              "taasTarifrisikoschluessel": "BERUF",
              "jahresNetto": 121.08,
              "bruttopreisFuerZahlweise": 12.01
            },
            {
              "taasTarifrisikoschluessel": "PRIVAT",
              "jahresNetto": 149.16,
              "bruttopreisFuerZahlweise": 14.79
            },
            {
              "taasTarifrisikoschluessel": "WOHNEINHEIT",
              "jahresNetto": 46.44,
              "bruttopreisFuerZahlweise": 4.61
            },
            {
              "taasTarifrisikoschluessel": "VERMIETER",
              "jahresNetto": 1310.52,
              "bruttopreisFuerZahlweise": 129.96
            }
          ],
          "treuebonus": 0,
          "linienBruttopreis": 47.4,
          "gesamtBruttopreisFuerZahlweise": 190.11,
          "gesamtBruttopreisJaehrlich": 2281.37
        },
        {
          "zahlweise": "JAEHRLICH",
          "selbstbeteiligung": "SELBSTBETEILIGUNG_0150",
          "laufzeit": "DREI_JAHRE",
          "zaehlstuecke": 1,
          "bausteinPreise": [
            {
              "taasTarifrisikoschluessel": "VERKEHR",
              "jahresNetto": 152.16,
              "bruttopreisFuerZahlweise": 181.07
            },
            {
              "taasTarifrisikoschluessel": "STRAFRECHTSSCHUTZ",
              "jahresNetto": 121.44,
              "bruttopreisFuerZahlweise": 144.51
            },
            {
              "taasTarifrisikoschluessel": "BERUF",
              "jahresNetto": 114.24,
              "bruttopreisFuerZahlweise": 135.95
            },
            {
              "taasTarifrisikoschluessel": "PRIVAT",
              "jahresNetto": 140.76,
              "bruttopreisFuerZahlweise": 167.5
            },
            {
              "taasTarifrisikoschluessel": "WOHNEINHEIT",
              "jahresNetto": 43.8,
              "bruttopreisFuerZahlweise": 52.12
            },
            {
              "taasTarifrisikoschluessel": "VERMIETER",
              "jahresNetto": 1236.36,
              "bruttopreisFuerZahlweise": 1471.27
            }
          ],
          "treuebonus": 25,
          "linienBruttopreis": 536.64,
          "gesamtBruttopreisFuerZahlweise": 2152.42,
          "gesamtBruttopreisJaehrlich": 2152.42
        },
        {
          "zahlweise": "HALBJAEHRLICH",
          "selbstbeteiligung": "SELBSTBETEILIGUNG_0150",
          "laufzeit": "DREI_JAHRE",
          "zaehlstuecke": 1,
          "bausteinPreise": [
            {
              "taasTarifrisikoschluessel": "VERKEHR",
              "jahresNetto": 152.16,
              "bruttopreisFuerZahlweise": 90.54
            },
            {
              "taasTarifrisikoschluessel": "STRAFRECHTSSCHUTZ",
              "jahresNetto": 121.44,
              "bruttopreisFuerZahlweise": 72.26
            },
            {
              "taasTarifrisikoschluessel": "BERUF",
              "jahresNetto": 114.24,
              "bruttopreisFuerZahlweise": 67.97
            },
            {
              "taasTarifrisikoschluessel": "PRIVAT",
              "jahresNetto": 140.76,
              "bruttopreisFuerZahlweise": 83.75
            },
            {
              "taasTarifrisikoschluessel": "WOHNEINHEIT",
              "jahresNetto": 43.8,
              "bruttopreisFuerZahlweise": 26.06
            },
            {
              "taasTarifrisikoschluessel": "VERMIETER",
              "jahresNetto": 1236.36,
              "bruttopreisFuerZahlweise": 735.63
            }
          ],
          "treuebonus": 25,
          "linienBruttopreis": 268.32,
          "gesamtBruttopreisFuerZahlweise": 1076.21,
          "gesamtBruttopreisJaehrlich": 2152.42
        },
        {
          "zahlweise": "VIERTELJAEHRLICH",
          "selbstbeteiligung": "SELBSTBETEILIGUNG_0150",
          "laufzeit": "DREI_JAHRE",
          "zaehlstuecke": 1,
          "bausteinPreise": [
            {
              "taasTarifrisikoschluessel": "VERKEHR",
              "jahresNetto": 152.16,
              "bruttopreisFuerZahlweise": 45.27
            },
            {
              "taasTarifrisikoschluessel": "STRAFRECHTSSCHUTZ",
              "jahresNetto": 121.44,
              "bruttopreisFuerZahlweise": 36.13
            },
            {
              "taasTarifrisikoschluessel": "BERUF",
              "jahresNetto": 114.24,
              "bruttopreisFuerZahlweise": 33.99
            },
            {
              "taasTarifrisikoschluessel": "PRIVAT",
              "jahresNetto": 140.76,
              "bruttopreisFuerZahlweise": 41.88
            },
            {
              "taasTarifrisikoschluessel": "WOHNEINHEIT",
              "jahresNetto": 43.8,
              "bruttopreisFuerZahlweise": 13.03
            },
            {
              "taasTarifrisikoschluessel": "VERMIETER",
              "jahresNetto": 1236.36,
              "bruttopreisFuerZahlweise": 367.82
            }
          ],
          "treuebonus": 25,
          "linienBruttopreis": 134.16,
          "gesamtBruttopreisFuerZahlweise": 538.11,
          "gesamtBruttopreisJaehrlich": 2152.42
        },
        {
          "zahlweise": "MONATLICH",
          "selbstbeteiligung": "SELBSTBETEILIGUNG_0150",
          "laufzeit": "DREI_JAHRE",
          "zaehlstuecke": 1,
          "bausteinPreise": [
            {
              "taasTarifrisikoschluessel": "VERKEHR",
              "jahresNetto": 152.16,
              "bruttopreisFuerZahlweise": 15.09
            },
            {
              "taasTarifrisikoschluessel": "STRAFRECHTSSCHUTZ",
              "jahresNetto": 121.44,
              "bruttopreisFuerZahlweise": 12.04
            },
            {
              "taasTarifrisikoschluessel": "BERUF",
              "jahresNetto": 114.24,
              "bruttopreisFuerZahlweise": 11.33
            },
            {
              "taasTarifrisikoschluessel": "PRIVAT",
              "jahresNetto": 140.76,
              "bruttopreisFuerZahlweise": 13.96
            },
            {
              "taasTarifrisikoschluessel": "WOHNEINHEIT",
              "jahresNetto": 43.8,
              "bruttopreisFuerZahlweise": 4.34
            },
            {
              "taasTarifrisikoschluessel": "VERMIETER",
              "jahresNetto": 1236.36,
              "bruttopreisFuerZahlweise": 122.61
            }
          ],
          "treuebonus": 25,
          "linienBruttopreis": 44.72,
          "gesamtBruttopreisFuerZahlweise": 179.37,
          "gesamtBruttopreisJaehrlich": 2152.42
        },
        {
          "zahlweise": "JAEHRLICH",
          "selbstbeteiligung": "SELBSTBETEILIGUNG_0150",
          "laufzeit": "EIN_JAHR",
          "zaehlstuecke": 2,
          "bausteinPreise": [
            {
              "taasTarifrisikoschluessel": "VERKEHR",
              "jahresNetto": 152.16,
              "bruttopreisFuerZahlweise": 181.07
            },
            {
              "taasTarifrisikoschluessel": "STRAFRECHTSSCHUTZ",
              "jahresNetto": 121.44,
              "bruttopreisFuerZahlweise": 144.51
            },
            {
              "taasTarifrisikoschluessel": "BERUF",
              "jahresNetto": 114.24,
              "bruttopreisFuerZahlweise": 135.95
            },
            {
              "taasTarifrisikoschluessel": "PRIVAT",
              "jahresNetto": 140.76,
              "bruttopreisFuerZahlweise": 167.5
            },
            {
              "taasTarifrisikoschluessel": "WOHNEINHEIT",
              "jahresNetto": 43.8,
              "bruttopreisFuerZahlweise": 52.12
            },
            {
              "taasTarifrisikoschluessel": "VERMIETER",
              "jahresNetto": 1236.36,
              "bruttopreisFuerZahlweise": 1471.27
            }
          ],
          "treuebonus": 0,
          "linienBruttopreis": 536.64,
          "gesamtBruttopreisFuerZahlweise": 2152.42,
          "gesamtBruttopreisJaehrlich": 2152.42
        },
        {
          "zahlweise": "HALBJAEHRLICH",
          "selbstbeteiligung": "SELBSTBETEILIGUNG_0150",
          "laufzeit": "EIN_JAHR",
          "zaehlstuecke": 2,
          "bausteinPreise": [
            {
              "taasTarifrisikoschluessel": "VERKEHR",
              "jahresNetto": 156.72,
              "bruttopreisFuerZahlweise": 93.25
            },
            {
              "taasTarifrisikoschluessel": "STRAFRECHTSSCHUTZ",
              "jahresNetto": 125.04,
              "bruttopreisFuerZahlweise": 74.4
            },
            {
              "taasTarifrisikoschluessel": "BERUF",
              "jahresNetto": 117.72,
              "bruttopreisFuerZahlweise": 70.04
            },
            {
              "taasTarifrisikoschluessel": "PRIVAT",
              "jahresNetto": 144.96,
              "bruttopreisFuerZahlweise": 86.25
            },
            {
              "taasTarifrisikoschluessel": "WOHNEINHEIT",
              "jahresNetto": 45.12,
              "bruttopreisFuerZahlweise": 26.85
            },
            {
              "taasTarifrisikoschluessel": "VERMIETER",
              "jahresNetto": 1273.44,
              "bruttopreisFuerZahlweise": 757.7
            }
          ],
          "treuebonus": 0,
          "linienBruttopreis": 276.39,
          "gesamtBruttopreisFuerZahlweise": 1108.49,
          "gesamtBruttopreisJaehrlich": 2216.97
        },
        {
          "zahlweise": "VIERTELJAEHRLICH",
          "selbstbeteiligung": "SELBSTBETEILIGUNG_0150",
          "laufzeit": "EIN_JAHR",
          "zaehlstuecke": 2,
          "bausteinPreise": [
            {
              "taasTarifrisikoschluessel": "VERKEHR",
              "jahresNetto": 159.72,
              "bruttopreisFuerZahlweise": 47.52
            },
            {
              "taasTarifrisikoschluessel": "STRAFRECHTSSCHUTZ",
              "jahresNetto": 127.44,
              "bruttopreisFuerZahlweise": 37.91
            },
            {
              "taasTarifrisikoschluessel": "BERUF",
              "jahresNetto": 120,
              "bruttopreisFuerZahlweise": 35.7
            },
            {
              "taasTarifrisikoschluessel": "PRIVAT",
              "jahresNetto": 147.84,
              "bruttopreisFuerZahlweise": 43.98
            },
            {
              "taasTarifrisikoschluessel": "WOHNEINHEIT",
              "jahresNetto": 45.96,
              "bruttopreisFuerZahlweise": 13.67
            },
            {
              "taasTarifrisikoschluessel": "VERMIETER",
              "jahresNetto": 1298.16,
              "bruttopreisFuerZahlweise": 386.2
            }
          ],
          "treuebonus": 0,
          "linienBruttopreis": 140.87,
          "gesamtBruttopreisFuerZahlweise": 564.99,
          "gesamtBruttopreisJaehrlich": 2259.95
        },
        {
          "zahlweise": "MONATLICH",
          "selbstbeteiligung": "SELBSTBETEILIGUNG_0150",
          "laufzeit": "EIN_JAHR",
          "zaehlstuecke": 2,
          "bausteinPreise": [
            {
              "taasTarifrisikoschluessel": "VERKEHR",
              "jahresNetto": 161.28,
              "bruttopreisFuerZahlweise": 15.99
            },
            {
              "taasTarifrisikoschluessel": "STRAFRECHTSSCHUTZ",
              "jahresNetto": 128.64,
              "bruttopreisFuerZahlweise": 12.76
            },
            {
              "taasTarifrisikoschluessel": "BERUF",
              "jahresNetto": 121.08,
              "bruttopreisFuerZahlweise": 12.01
            },
            {
              "taasTarifrisikoschluessel": "PRIVAT",
              "jahresNetto": 149.16,
              "bruttopreisFuerZahlweise": 14.79
            },
            {
              "taasTarifrisikoschluessel": "WOHNEINHEIT",
              "jahresNetto": 46.44,
              "bruttopreisFuerZahlweise": 4.61
            },
            {
              "taasTarifrisikoschluessel": "VERMIETER",
              "jahresNetto": 1310.52,
              "bruttopreisFuerZahlweise": 129.96
            }
          ],
          "treuebonus": 0,
          "linienBruttopreis": 47.4,
          "gesamtBruttopreisFuerZahlweise": 190.11,
          "gesamtBruttopreisJaehrlich": 2281.37
        },
        {
          "zahlweise": "JAEHRLICH",
          "selbstbeteiligung": "SELBSTBETEILIGUNG_0150",
          "laufzeit": "DREI_JAHRE",
          "zaehlstuecke": 2,
          "bausteinPreise": [
            {
              "taasTarifrisikoschluessel": "VERKEHR",
              "jahresNetto": 144.48,
              "bruttopreisFuerZahlweise": 171.93
            },
            {
              "taasTarifrisikoschluessel": "STRAFRECHTSSCHUTZ",
              "jahresNetto": 115.32,
              "bruttopreisFuerZahlweise": 137.23
            },
            {
              "taasTarifrisikoschluessel": "BERUF",
              "jahresNetto": 108.48,
              "bruttopreisFuerZahlweise": 129.09
            },
            {
              "taasTarifrisikoschluessel": "PRIVAT",
              "jahresNetto": 133.68,
              "bruttopreisFuerZahlweise": 159.08
            },
            {
              "taasTarifrisikoschluessel": "WOHNEINHEIT",
              "jahresNetto": 41.64,
              "bruttopreisFuerZahlweise": 49.55
            },
            {
              "taasTarifrisikoschluessel": "VERMIETER",
              "jahresNetto": 1174.44,
              "bruttopreisFuerZahlweise": 1397.58
            }
          ],
          "treuebonus": 25,
          "linienBruttopreis": 509.65,
          "gesamtBruttopreisFuerZahlweise": 2044.47,
          "gesamtBruttopreisJaehrlich": 2044.47
        },
        {
          "zahlweise": "HALBJAEHRLICH",
          "selbstbeteiligung": "SELBSTBETEILIGUNG_0150",
          "laufzeit": "DREI_JAHRE",
          "zaehlstuecke": 2,
          "bausteinPreise": [
            {
              "taasTarifrisikoschluessel": "VERKEHR",
              "jahresNetto": 144.48,
              "bruttopreisFuerZahlweise": 85.97
            },
            {
              "taasTarifrisikoschluessel": "STRAFRECHTSSCHUTZ",
              "jahresNetto": 115.32,
              "bruttopreisFuerZahlweise": 68.62
            },
            {
              "taasTarifrisikoschluessel": "BERUF",
              "jahresNetto": 108.48,
              "bruttopreisFuerZahlweise": 64.55
            },
            {
              "taasTarifrisikoschluessel": "PRIVAT",
              "jahresNetto": 133.68,
              "bruttopreisFuerZahlweise": 79.54
            },
            {
              "taasTarifrisikoschluessel": "WOHNEINHEIT",
              "jahresNetto": 41.64,
              "bruttopreisFuerZahlweise": 24.78
            },
            {
              "taasTarifrisikoschluessel": "VERMIETER",
              "jahresNetto": 1174.44,
              "bruttopreisFuerZahlweise": 698.79
            }
          ],
          "treuebonus": 25,
          "linienBruttopreis": 254.83,
          "gesamtBruttopreisFuerZahlweise": 1022.23,
          "gesamtBruttopreisJaehrlich": 2044.47
        },
        {
          "zahlweise": "VIERTELJAEHRLICH",
          "selbstbeteiligung": "SELBSTBETEILIGUNG_0150",
          "laufzeit": "DREI_JAHRE",
          "zaehlstuecke": 2,
          "bausteinPreise": [
            {
              "taasTarifrisikoschluessel": "VERKEHR",
              "jahresNetto": 144.48,
              "bruttopreisFuerZahlweise": 42.98
            },
            {
              "taasTarifrisikoschluessel": "STRAFRECHTSSCHUTZ",
              "jahresNetto": 115.32,
              "bruttopreisFuerZahlweise": 34.31
            },
            {
              "taasTarifrisikoschluessel": "BERUF",
              "jahresNetto": 108.48,
              "bruttopreisFuerZahlweise": 32.27
            },
            {
              "taasTarifrisikoschluessel": "PRIVAT",
              "jahresNetto": 133.68,
              "bruttopreisFuerZahlweise": 39.77
            },
            {
              "taasTarifrisikoschluessel": "WOHNEINHEIT",
              "jahresNetto": 41.64,
              "bruttopreisFuerZahlweise": 12.39
            },
            {
              "taasTarifrisikoschluessel": "VERMIETER",
              "jahresNetto": 1174.44,
              "bruttopreisFuerZahlweise": 349.4
            }
          ],
          "treuebonus": 25,
          "linienBruttopreis": 127.41,
          "gesamtBruttopreisFuerZahlweise": 511.12,
          "gesamtBruttopreisJaehrlich": 2044.47
        },
        {
          "zahlweise": "MONATLICH",
          "selbstbeteiligung": "SELBSTBETEILIGUNG_0150",
          "laufzeit": "DREI_JAHRE",
          "zaehlstuecke": 2,
          "bausteinPreise": [
            {
              "taasTarifrisikoschluessel": "VERKEHR",
              "jahresNetto": 144.48,
              "bruttopreisFuerZahlweise": 14.33
            },
            {
              "taasTarifrisikoschluessel": "STRAFRECHTSSCHUTZ",
              "jahresNetto": 115.32,
              "bruttopreisFuerZahlweise": 11.44
            },
            {
              "taasTarifrisikoschluessel": "BERUF",
              "jahresNetto": 108.48,
              "bruttopreisFuerZahlweise": 10.76
            },
            {
              "taasTarifrisikoschluessel": "PRIVAT",
              "jahresNetto": 133.68,
              "bruttopreisFuerZahlweise": 13.26
            },
            {
              "taasTarifrisikoschluessel": "WOHNEINHEIT",
              "jahresNetto": 41.64,
              "bruttopreisFuerZahlweise": 4.13
            },
            {
              "taasTarifrisikoschluessel": "VERMIETER",
              "jahresNetto": 1174.44,
              "bruttopreisFuerZahlweise": 116.47
            }
          ],
          "treuebonus": 25,
          "linienBruttopreis": 42.47,
          "gesamtBruttopreisFuerZahlweise": 170.37,
          "gesamtBruttopreisJaehrlich": 2044.47
        },
        {
          "zahlweise": "JAEHRLICH",
          "selbstbeteiligung": "SELBSTBETEILIGUNG_0150",
          "laufzeit": "EIN_JAHR",
          "zaehlstuecke": 3,
          "bausteinPreise": [
            {
              "taasTarifrisikoschluessel": "VERKEHR",
              "jahresNetto": 152.16,
              "bruttopreisFuerZahlweise": 181.07
            },
            {
              "taasTarifrisikoschluessel": "STRAFRECHTSSCHUTZ",
              "jahresNetto": 121.44,
              "bruttopreisFuerZahlweise": 144.51
            },
            {
              "taasTarifrisikoschluessel": "BERUF",
              "jahresNetto": 114.24,
              "bruttopreisFuerZahlweise": 135.95
            },
            {
              "taasTarifrisikoschluessel": "PRIVAT",
              "jahresNetto": 140.76,
              "bruttopreisFuerZahlweise": 167.5
            },
            {
              "taasTarifrisikoschluessel": "WOHNEINHEIT",
              "jahresNetto": 43.8,
              "bruttopreisFuerZahlweise": 52.12
            },
            {
              "taasTarifrisikoschluessel": "VERMIETER",
              "jahresNetto": 1236.36,
              "bruttopreisFuerZahlweise": 1471.27
            }
          ],
          "treuebonus": 0,
          "linienBruttopreis": 536.64,
          "gesamtBruttopreisFuerZahlweise": 2152.42,
          "gesamtBruttopreisJaehrlich": 2152.42
        },
        {
          "zahlweise": "HALBJAEHRLICH",
          "selbstbeteiligung": "SELBSTBETEILIGUNG_0150",
          "laufzeit": "EIN_JAHR",
          "zaehlstuecke": 3,
          "bausteinPreise": [
            {
              "taasTarifrisikoschluessel": "VERKEHR",
              "jahresNetto": 156.72,
              "bruttopreisFuerZahlweise": 93.25
            },
            {
              "taasTarifrisikoschluessel": "STRAFRECHTSSCHUTZ",
              "jahresNetto": 125.04,
              "bruttopreisFuerZahlweise": 74.4
            },
            {
              "taasTarifrisikoschluessel": "BERUF",
              "jahresNetto": 117.72,
              "bruttopreisFuerZahlweise": 70.04
            },
            {
              "taasTarifrisikoschluessel": "PRIVAT",
              "jahresNetto": 144.96,
              "bruttopreisFuerZahlweise": 86.25
            },
            {
              "taasTarifrisikoschluessel": "WOHNEINHEIT",
              "jahresNetto": 45.12,
              "bruttopreisFuerZahlweise": 26.85
            },
            {
              "taasTarifrisikoschluessel": "VERMIETER",
              "jahresNetto": 1273.44,
              "bruttopreisFuerZahlweise": 757.7
            }
          ],
          "treuebonus": 0,
          "linienBruttopreis": 276.39,
          "gesamtBruttopreisFuerZahlweise": 1108.49,
          "gesamtBruttopreisJaehrlich": 2216.97
        },
        {
          "zahlweise": "VIERTELJAEHRLICH",
          "selbstbeteiligung": "SELBSTBETEILIGUNG_0150",
          "laufzeit": "EIN_JAHR",
          "zaehlstuecke": 3,
          "bausteinPreise": [
            {
              "taasTarifrisikoschluessel": "VERKEHR",
              "jahresNetto": 159.72,
              "bruttopreisFuerZahlweise": 47.52
            },
            {
              "taasTarifrisikoschluessel": "STRAFRECHTSSCHUTZ",
              "jahresNetto": 127.44,
              "bruttopreisFuerZahlweise": 37.91
            },
            {
              "taasTarifrisikoschluessel": "BERUF",
              "jahresNetto": 120,
              "bruttopreisFuerZahlweise": 35.7
            },
            {
              "taasTarifrisikoschluessel": "PRIVAT",
              "jahresNetto": 147.84,
              "bruttopreisFuerZahlweise": 43.98
            },
            {
              "taasTarifrisikoschluessel": "WOHNEINHEIT",
              "jahresNetto": 45.96,
              "bruttopreisFuerZahlweise": 13.67
            },
            {
              "taasTarifrisikoschluessel": "VERMIETER",
              "jahresNetto": 1298.16,
              "bruttopreisFuerZahlweise": 386.2
            }
          ],
          "treuebonus": 0,
          "linienBruttopreis": 140.87,
          "gesamtBruttopreisFuerZahlweise": 564.99,
          "gesamtBruttopreisJaehrlich": 2259.95
        },
        {
          "zahlweise": "MONATLICH",
          "selbstbeteiligung": "SELBSTBETEILIGUNG_0150",
          "laufzeit": "EIN_JAHR",
          "zaehlstuecke": 3,
          "bausteinPreise": [
            {
              "taasTarifrisikoschluessel": "VERKEHR",
              "jahresNetto": 161.28,
              "bruttopreisFuerZahlweise": 15.99
            },
            {
              "taasTarifrisikoschluessel": "STRAFRECHTSSCHUTZ",
              "jahresNetto": 128.64,
              "bruttopreisFuerZahlweise": 12.76
            },
            {
              "taasTarifrisikoschluessel": "BERUF",
              "jahresNetto": 121.08,
              "bruttopreisFuerZahlweise": 12.01
            },
            {
              "taasTarifrisikoschluessel": "PRIVAT",
              "jahresNetto": 149.16,
              "bruttopreisFuerZahlweise": 14.79
            },
            {
              "taasTarifrisikoschluessel": "WOHNEINHEIT",
              "jahresNetto": 46.44,
              "bruttopreisFuerZahlweise": 4.61
            },
            {
              "taasTarifrisikoschluessel": "VERMIETER",
              "jahresNetto": 1310.52,
              "bruttopreisFuerZahlweise": 129.96
            }
          ],
          "treuebonus": 0,
          "linienBruttopreis": 47.4,
          "gesamtBruttopreisFuerZahlweise": 190.11,
          "gesamtBruttopreisJaehrlich": 2281.37
        },
        {
          "zahlweise": "JAEHRLICH",
          "selbstbeteiligung": "SELBSTBETEILIGUNG_0150",
          "laufzeit": "DREI_JAHRE",
          "zaehlstuecke": 3,
          "bausteinPreise": [
            {
              "taasTarifrisikoschluessel": "VERKEHR",
              "jahresNetto": 136.92,
              "bruttopreisFuerZahlweise": 162.93
            },
            {
              "taasTarifrisikoschluessel": "STRAFRECHTSSCHUTZ",
              "jahresNetto": 109.2,
              "bruttopreisFuerZahlweise": 129.95
            },
            {
              "taasTarifrisikoschluessel": "BERUF",
              "jahresNetto": 102.84,
              "bruttopreisFuerZahlweise": 122.38
            },
            {
              "taasTarifrisikoschluessel": "PRIVAT",
              "jahresNetto": 126.72,
              "bruttopreisFuerZahlweise": 150.8
            },
            {
              "taasTarifrisikoschluessel": "WOHNEINHEIT",
              "jahresNetto": 39.36,
              "bruttopreisFuerZahlweise": 46.84
            },
            {
              "taasTarifrisikoschluessel": "VERMIETER",
              "jahresNetto": 1112.64,
              "bruttopreisFuerZahlweise": 1324.04
            }
          ],
          "treuebonus": 25,
          "linienBruttopreis": 482.95,
          "gesamtBruttopreisFuerZahlweise": 1936.94,
          "gesamtBruttopreisJaehrlich": 1936.94
        },
        {
          "zahlweise": "HALBJAEHRLICH",
          "selbstbeteiligung": "SELBSTBETEILIGUNG_0150",
          "laufzeit": "DREI_JAHRE",
          "zaehlstuecke": 3,
          "bausteinPreise": [
            {
              "taasTarifrisikoschluessel": "VERKEHR",
              "jahresNetto": 136.92,
              "bruttopreisFuerZahlweise": 81.47
            },
            {
              "taasTarifrisikoschluessel": "STRAFRECHTSSCHUTZ",
              "jahresNetto": 109.2,
              "bruttopreisFuerZahlweise": 64.97
            },
            {
              "taasTarifrisikoschluessel": "BERUF",
              "jahresNetto": 102.84,
              "bruttopreisFuerZahlweise": 61.19
            },
            {
              "taasTarifrisikoschluessel": "PRIVAT",
              "jahresNetto": 126.72,
              "bruttopreisFuerZahlweise": 75.4
            },
            {
              "taasTarifrisikoschluessel": "WOHNEINHEIT",
              "jahresNetto": 39.36,
              "bruttopreisFuerZahlweise": 23.42
            },
            {
              "taasTarifrisikoschluessel": "VERMIETER",
              "jahresNetto": 1112.64,
              "bruttopreisFuerZahlweise": 662.02
            }
          ],
          "treuebonus": 25,
          "linienBruttopreis": 241.47,
          "gesamtBruttopreisFuerZahlweise": 968.47,
          "gesamtBruttopreisJaehrlich": 1936.94
        },
        {
          "zahlweise": "VIERTELJAEHRLICH",
          "selbstbeteiligung": "SELBSTBETEILIGUNG_0150",
          "laufzeit": "DREI_JAHRE",
          "zaehlstuecke": 3,
          "bausteinPreise": [
            {
              "taasTarifrisikoschluessel": "VERKEHR",
              "jahresNetto": 136.92,
              "bruttopreisFuerZahlweise": 40.73
            },
            {
              "taasTarifrisikoschluessel": "STRAFRECHTSSCHUTZ",
              "jahresNetto": 109.2,
              "bruttopreisFuerZahlweise": 32.49
            },
            {
              "taasTarifrisikoschluessel": "BERUF",
              "jahresNetto": 102.84,
              "bruttopreisFuerZahlweise": 30.59
            },
            {
              "taasTarifrisikoschluessel": "PRIVAT",
              "jahresNetto": 126.72,
              "bruttopreisFuerZahlweise": 37.7
            },
            {
              "taasTarifrisikoschluessel": "WOHNEINHEIT",
              "jahresNetto": 39.36,
              "bruttopreisFuerZahlweise": 11.71
            },
            {
              "taasTarifrisikoschluessel": "VERMIETER",
              "jahresNetto": 1112.64,
              "bruttopreisFuerZahlweise": 331.01
            }
          ],
          "treuebonus": 25,
          "linienBruttopreis": 120.74,
          "gesamtBruttopreisFuerZahlweise": 484.23,
          "gesamtBruttopreisJaehrlich": 1936.94
        },
        {
          "zahlweise": "MONATLICH",
          "selbstbeteiligung": "SELBSTBETEILIGUNG_0150",
          "laufzeit": "DREI_JAHRE",
          "zaehlstuecke": 3,
          "bausteinPreise": [
            {
              "taasTarifrisikoschluessel": "VERKEHR",
              "jahresNetto": 136.92,
              "bruttopreisFuerZahlweise": 13.58
            },
            {
              "taasTarifrisikoschluessel": "STRAFRECHTSSCHUTZ",
              "jahresNetto": 109.2,
              "bruttopreisFuerZahlweise": 10.83
            },
            {
              "taasTarifrisikoschluessel": "BERUF",
              "jahresNetto": 102.84,
              "bruttopreisFuerZahlweise": 10.2
            },
            {
              "taasTarifrisikoschluessel": "PRIVAT",
              "jahresNetto": 126.72,
              "bruttopreisFuerZahlweise": 12.57
            },
            {
              "taasTarifrisikoschluessel": "WOHNEINHEIT",
              "jahresNetto": 39.36,
              "bruttopreisFuerZahlweise": 3.9
            },
            {
              "taasTarifrisikoschluessel": "VERMIETER",
              "jahresNetto": 1112.64,
              "bruttopreisFuerZahlweise": 110.34
            }
          ],
          "treuebonus": 25,
          "linienBruttopreis": 40.25,
          "gesamtBruttopreisFuerZahlweise": 161.41,
          "gesamtBruttopreisJaehrlich": 1936.94
        },
        {
          "zahlweise": "JAEHRLICH",
          "selbstbeteiligung": "SELBSTBETEILIGUNG_0150",
          "laufzeit": "EIN_JAHR",
          "zaehlstuecke": 4,
          "bausteinPreise": [
            {
              "taasTarifrisikoschluessel": "VERKEHR",
              "jahresNetto": 152.16,
              "bruttopreisFuerZahlweise": 181.07
            },
            {
              "taasTarifrisikoschluessel": "STRAFRECHTSSCHUTZ",
              "jahresNetto": 121.44,
              "bruttopreisFuerZahlweise": 144.51
            },
            {
              "taasTarifrisikoschluessel": "BERUF",
              "jahresNetto": 114.24,
              "bruttopreisFuerZahlweise": 135.95
            },
            {
              "taasTarifrisikoschluessel": "PRIVAT",
              "jahresNetto": 140.76,
              "bruttopreisFuerZahlweise": 167.5
            },
            {
              "taasTarifrisikoschluessel": "WOHNEINHEIT",
              "jahresNetto": 43.8,
              "bruttopreisFuerZahlweise": 52.12
            },
            {
              "taasTarifrisikoschluessel": "VERMIETER",
              "jahresNetto": 1236.36,
              "bruttopreisFuerZahlweise": 1471.27
            }
          ],
          "treuebonus": 0,
          "linienBruttopreis": 536.64,
          "gesamtBruttopreisFuerZahlweise": 2152.42,
          "gesamtBruttopreisJaehrlich": 2152.42
        },
        {
          "zahlweise": "HALBJAEHRLICH",
          "selbstbeteiligung": "SELBSTBETEILIGUNG_0150",
          "laufzeit": "EIN_JAHR",
          "zaehlstuecke": 4,
          "bausteinPreise": [
            {
              "taasTarifrisikoschluessel": "VERKEHR",
              "jahresNetto": 156.72,
              "bruttopreisFuerZahlweise": 93.25
            },
            {
              "taasTarifrisikoschluessel": "STRAFRECHTSSCHUTZ",
              "jahresNetto": 125.04,
              "bruttopreisFuerZahlweise": 74.4
            },
            {
              "taasTarifrisikoschluessel": "BERUF",
              "jahresNetto": 117.72,
              "bruttopreisFuerZahlweise": 70.04
            },
            {
              "taasTarifrisikoschluessel": "PRIVAT",
              "jahresNetto": 144.96,
              "bruttopreisFuerZahlweise": 86.25
            },
            {
              "taasTarifrisikoschluessel": "WOHNEINHEIT",
              "jahresNetto": 45.12,
              "bruttopreisFuerZahlweise": 26.85
            },
            {
              "taasTarifrisikoschluessel": "VERMIETER",
              "jahresNetto": 1273.44,
              "bruttopreisFuerZahlweise": 757.7
            }
          ],
          "treuebonus": 0,
          "linienBruttopreis": 276.39,
          "gesamtBruttopreisFuerZahlweise": 1108.49,
          "gesamtBruttopreisJaehrlich": 2216.97
        },
        {
          "zahlweise": "VIERTELJAEHRLICH",
          "selbstbeteiligung": "SELBSTBETEILIGUNG_0150",
          "laufzeit": "EIN_JAHR",
          "zaehlstuecke": 4,
          "bausteinPreise": [
            {
              "taasTarifrisikoschluessel": "VERKEHR",
              "jahresNetto": 159.72,
              "bruttopreisFuerZahlweise": 47.52
            },
            {
              "taasTarifrisikoschluessel": "STRAFRECHTSSCHUTZ",
              "jahresNetto": 127.44,
              "bruttopreisFuerZahlweise": 37.91
            },
            {
              "taasTarifrisikoschluessel": "BERUF",
              "jahresNetto": 120,
              "bruttopreisFuerZahlweise": 35.7
            },
            {
              "taasTarifrisikoschluessel": "PRIVAT",
              "jahresNetto": 147.84,
              "bruttopreisFuerZahlweise": 43.98
            },
            {
              "taasTarifrisikoschluessel": "WOHNEINHEIT",
              "jahresNetto": 45.96,
              "bruttopreisFuerZahlweise": 13.67
            },
            {
              "taasTarifrisikoschluessel": "VERMIETER",
              "jahresNetto": 1298.16,
              "bruttopreisFuerZahlweise": 386.2
            }
          ],
          "treuebonus": 0,
          "linienBruttopreis": 140.87,
          "gesamtBruttopreisFuerZahlweise": 564.99,
          "gesamtBruttopreisJaehrlich": 2259.95
        },
        {
          "zahlweise": "MONATLICH",
          "selbstbeteiligung": "SELBSTBETEILIGUNG_0150",
          "laufzeit": "EIN_JAHR",
          "zaehlstuecke": 4,
          "bausteinPreise": [
            {
              "taasTarifrisikoschluessel": "VERKEHR",
              "jahresNetto": 161.28,
              "bruttopreisFuerZahlweise": 15.99
            },
            {
              "taasTarifrisikoschluessel": "STRAFRECHTSSCHUTZ",
              "jahresNetto": 128.64,
              "bruttopreisFuerZahlweise": 12.76
            },
            {
              "taasTarifrisikoschluessel": "BERUF",
              "jahresNetto": 121.08,
              "bruttopreisFuerZahlweise": 12.01
            },
            {
              "taasTarifrisikoschluessel": "PRIVAT",
              "jahresNetto": 149.16,
              "bruttopreisFuerZahlweise": 14.79
            },
            {
              "taasTarifrisikoschluessel": "WOHNEINHEIT",
              "jahresNetto": 46.44,
              "bruttopreisFuerZahlweise": 4.61
            },
            {
              "taasTarifrisikoschluessel": "VERMIETER",
              "jahresNetto": 1310.52,
              "bruttopreisFuerZahlweise": 129.96
            }
          ],
          "treuebonus": 0,
          "linienBruttopreis": 47.4,
          "gesamtBruttopreisFuerZahlweise": 190.11,
          "gesamtBruttopreisJaehrlich": 2281.37
        },
        {
          "zahlweise": "JAEHRLICH",
          "selbstbeteiligung": "SELBSTBETEILIGUNG_0150",
          "laufzeit": "DREI_JAHRE",
          "zaehlstuecke": 4,
          "bausteinPreise": [
            {
              "taasTarifrisikoschluessel": "VERKEHR",
              "jahresNetto": 129.36,
              "bruttopreisFuerZahlweise": 153.94
            },
            {
              "taasTarifrisikoschluessel": "STRAFRECHTSSCHUTZ",
              "jahresNetto": 103.2,
              "bruttopreisFuerZahlweise": 122.81
            },
            {
              "taasTarifrisikoschluessel": "BERUF",
              "jahresNetto": 97.08,
              "bruttopreisFuerZahlweise": 115.53
            },
            {
              "taasTarifrisikoschluessel": "PRIVAT",
              "jahresNetto": 119.64,
              "bruttopreisFuerZahlweise": 142.37
            },
            {
              "taasTarifrisikoschluessel": "WOHNEINHEIT",
              "jahresNetto": 37.2,
              "bruttopreisFuerZahlweise": 44.27
            },
            {
              "taasTarifrisikoschluessel": "VERMIETER",
              "jahresNetto": 1050.96,
              "bruttopreisFuerZahlweise": 1250.64
            }
          ],
          "treuebonus": 25,
          "linienBruttopreis": 456.1,
          "gesamtBruttopreisFuerZahlweise": 1829.55,
          "gesamtBruttopreisJaehrlich": 1829.55
        },
        {
          "zahlweise": "HALBJAEHRLICH",
          "selbstbeteiligung": "SELBSTBETEILIGUNG_0150",
          "laufzeit": "DREI_JAHRE",
          "zaehlstuecke": 4,
          "bausteinPreise": [
            {
              "taasTarifrisikoschluessel": "VERKEHR",
              "jahresNetto": 129.36,
              "bruttopreisFuerZahlweise": 76.97
            },
            {
              "taasTarifrisikoschluessel": "STRAFRECHTSSCHUTZ",
              "jahresNetto": 103.2,
              "bruttopreisFuerZahlweise": 61.4
            },
            {
              "taasTarifrisikoschluessel": "BERUF",
              "jahresNetto": 97.08,
              "bruttopreisFuerZahlweise": 57.76
            },
            {
              "taasTarifrisikoschluessel": "PRIVAT",
              "jahresNetto": 119.64,
              "bruttopreisFuerZahlweise": 71.19
            },
            {
              "taasTarifrisikoschluessel": "WOHNEINHEIT",
              "jahresNetto": 37.2,
              "bruttopreisFuerZahlweise": 22.13
            },
            {
              "taasTarifrisikoschluessel": "VERMIETER",
              "jahresNetto": 1050.96,
              "bruttopreisFuerZahlweise": 625.32
            }
          ],
          "treuebonus": 25,
          "linienBruttopreis": 228.05,
          "gesamtBruttopreisFuerZahlweise": 914.78,
          "gesamtBruttopreisJaehrlich": 1829.55
        },
        {
          "zahlweise": "VIERTELJAEHRLICH",
          "selbstbeteiligung": "SELBSTBETEILIGUNG_0150",
          "laufzeit": "DREI_JAHRE",
          "zaehlstuecke": 4,
          "bausteinPreise": [
            {
              "taasTarifrisikoschluessel": "VERKEHR",
              "jahresNetto": 129.36,
              "bruttopreisFuerZahlweise": 38.48
            },
            {
              "taasTarifrisikoschluessel": "STRAFRECHTSSCHUTZ",
              "jahresNetto": 103.2,
              "bruttopreisFuerZahlweise": 30.7
            },
            {
              "taasTarifrisikoschluessel": "BERUF",
              "jahresNetto": 97.08,
              "bruttopreisFuerZahlweise": 28.88
            },
            {
              "taasTarifrisikoschluessel": "PRIVAT",
              "jahresNetto": 119.64,
              "bruttopreisFuerZahlweise": 35.59
            },
            {
              "taasTarifrisikoschluessel": "WOHNEINHEIT",
              "jahresNetto": 37.2,
              "bruttopreisFuerZahlweise": 11.07
            },
            {
              "taasTarifrisikoschluessel": "VERMIETER",
              "jahresNetto": 1050.96,
              "bruttopreisFuerZahlweise": 312.66
            }
          ],
          "treuebonus": 25,
          "linienBruttopreis": 114.03,
          "gesamtBruttopreisFuerZahlweise": 457.39,
          "gesamtBruttopreisJaehrlich": 1829.55
        },
        {
          "zahlweise": "MONATLICH",
          "selbstbeteiligung": "SELBSTBETEILIGUNG_0150",
          "laufzeit": "DREI_JAHRE",
          "zaehlstuecke": 4,
          "bausteinPreise": [
            {
              "taasTarifrisikoschluessel": "VERKEHR",
              "jahresNetto": 129.36,
              "bruttopreisFuerZahlweise": 12.83
            },
            {
              "taasTarifrisikoschluessel": "STRAFRECHTSSCHUTZ",
              "jahresNetto": 103.2,
              "bruttopreisFuerZahlweise": 10.23
            },
            {
              "taasTarifrisikoschluessel": "BERUF",
              "jahresNetto": 97.08,
              "bruttopreisFuerZahlweise": 9.63
            },
            {
              "taasTarifrisikoschluessel": "PRIVAT",
              "jahresNetto": 119.64,
              "bruttopreisFuerZahlweise": 11.86
            },
            {
              "taasTarifrisikoschluessel": "WOHNEINHEIT",
              "jahresNetto": 37.2,
              "bruttopreisFuerZahlweise": 3.69
            },
            {
              "taasTarifrisikoschluessel": "VERMIETER",
              "jahresNetto": 1050.96,
              "bruttopreisFuerZahlweise": 104.22
            }
          ],
          "treuebonus": 25,
          "linienBruttopreis": 38.01,
          "gesamtBruttopreisFuerZahlweise": 152.46,
          "gesamtBruttopreisJaehrlich": 1829.55
        },
        {
          "zahlweise": "JAEHRLICH",
          "selbstbeteiligung": "SELBSTBETEILIGUNG_0150",
          "laufzeit": "EIN_JAHR",
          "zaehlstuecke": 5,
          "bausteinPreise": [
            {
              "taasTarifrisikoschluessel": "VERKEHR",
              "jahresNetto": 152.16,
              "bruttopreisFuerZahlweise": 181.07
            },
            {
              "taasTarifrisikoschluessel": "STRAFRECHTSSCHUTZ",
              "jahresNetto": 121.44,
              "bruttopreisFuerZahlweise": 144.51
            },
            {
              "taasTarifrisikoschluessel": "BERUF",
              "jahresNetto": 114.24,
              "bruttopreisFuerZahlweise": 135.95
            },
            {
              "taasTarifrisikoschluessel": "PRIVAT",
              "jahresNetto": 140.76,
              "bruttopreisFuerZahlweise": 167.5
            },
            {
              "taasTarifrisikoschluessel": "WOHNEINHEIT",
              "jahresNetto": 43.8,
              "bruttopreisFuerZahlweise": 52.12
            },
            {
              "taasTarifrisikoschluessel": "VERMIETER",
              "jahresNetto": 1236.36,
              "bruttopreisFuerZahlweise": 1471.27
            }
          ],
          "treuebonus": 0,
          "linienBruttopreis": 536.64,
          "gesamtBruttopreisFuerZahlweise": 2152.42,
          "gesamtBruttopreisJaehrlich": 2152.42
        },
        {
          "zahlweise": "HALBJAEHRLICH",
          "selbstbeteiligung": "SELBSTBETEILIGUNG_0150",
          "laufzeit": "EIN_JAHR",
          "zaehlstuecke": 5,
          "bausteinPreise": [
            {
              "taasTarifrisikoschluessel": "VERKEHR",
              "jahresNetto": 156.72,
              "bruttopreisFuerZahlweise": 93.25
            },
            {
              "taasTarifrisikoschluessel": "STRAFRECHTSSCHUTZ",
              "jahresNetto": 125.04,
              "bruttopreisFuerZahlweise": 74.4
            },
            {
              "taasTarifrisikoschluessel": "BERUF",
              "jahresNetto": 117.72,
              "bruttopreisFuerZahlweise": 70.04
            },
            {
              "taasTarifrisikoschluessel": "PRIVAT",
              "jahresNetto": 144.96,
              "bruttopreisFuerZahlweise": 86.25
            },
            {
              "taasTarifrisikoschluessel": "WOHNEINHEIT",
              "jahresNetto": 45.12,
              "bruttopreisFuerZahlweise": 26.85
            },
            {
              "taasTarifrisikoschluessel": "VERMIETER",
              "jahresNetto": 1273.44,
              "bruttopreisFuerZahlweise": 757.7
            }
          ],
          "treuebonus": 0,
          "linienBruttopreis": 276.39,
          "gesamtBruttopreisFuerZahlweise": 1108.49,
          "gesamtBruttopreisJaehrlich": 2216.97
        },
        {
          "zahlweise": "VIERTELJAEHRLICH",
          "selbstbeteiligung": "SELBSTBETEILIGUNG_0150",
          "laufzeit": "EIN_JAHR",
          "zaehlstuecke": 5,
          "bausteinPreise": [
            {
              "taasTarifrisikoschluessel": "VERKEHR",
              "jahresNetto": 159.72,
              "bruttopreisFuerZahlweise": 47.52
            },
            {
              "taasTarifrisikoschluessel": "STRAFRECHTSSCHUTZ",
              "jahresNetto": 127.44,
              "bruttopreisFuerZahlweise": 37.91
            },
            {
              "taasTarifrisikoschluessel": "BERUF",
              "jahresNetto": 120,
              "bruttopreisFuerZahlweise": 35.7
            },
            {
              "taasTarifrisikoschluessel": "PRIVAT",
              "jahresNetto": 147.84,
              "bruttopreisFuerZahlweise": 43.98
            },
            {
              "taasTarifrisikoschluessel": "WOHNEINHEIT",
              "jahresNetto": 45.96,
              "bruttopreisFuerZahlweise": 13.67
            },
            {
              "taasTarifrisikoschluessel": "VERMIETER",
              "jahresNetto": 1298.16,
              "bruttopreisFuerZahlweise": 386.2
            }
          ],
          "treuebonus": 0,
          "linienBruttopreis": 140.87,
          "gesamtBruttopreisFuerZahlweise": 564.99,
          "gesamtBruttopreisJaehrlich": 2259.95
        },
        {
          "zahlweise": "MONATLICH",
          "selbstbeteiligung": "SELBSTBETEILIGUNG_0150",
          "laufzeit": "EIN_JAHR",
          "zaehlstuecke": 5,
          "bausteinPreise": [
            {
              "taasTarifrisikoschluessel": "VERKEHR",
              "jahresNetto": 161.28,
              "bruttopreisFuerZahlweise": 15.99
            },
            {
              "taasTarifrisikoschluessel": "STRAFRECHTSSCHUTZ",
              "jahresNetto": 128.64,
              "bruttopreisFuerZahlweise": 12.76
            },
            {
              "taasTarifrisikoschluessel": "BERUF",
              "jahresNetto": 121.08,
              "bruttopreisFuerZahlweise": 12.01
            },
            {
              "taasTarifrisikoschluessel": "PRIVAT",
              "jahresNetto": 149.16,
              "bruttopreisFuerZahlweise": 14.79
            },
            {
              "taasTarifrisikoschluessel": "WOHNEINHEIT",
              "jahresNetto": 46.44,
              "bruttopreisFuerZahlweise": 4.61
            },
            {
              "taasTarifrisikoschluessel": "VERMIETER",
              "jahresNetto": 1310.52,
              "bruttopreisFuerZahlweise": 129.96
            }
          ],
          "treuebonus": 0,
          "linienBruttopreis": 47.4,
          "gesamtBruttopreisFuerZahlweise": 190.11,
          "gesamtBruttopreisJaehrlich": 2281.37
        },
        {
          "zahlweise": "JAEHRLICH",
          "selbstbeteiligung": "SELBSTBETEILIGUNG_0150",
          "laufzeit": "DREI_JAHRE",
          "zaehlstuecke": 5,
          "bausteinPreise": [
            {
              "taasTarifrisikoschluessel": "VERKEHR",
              "jahresNetto": 121.68,
              "bruttopreisFuerZahlweise": 144.8
            },
            {
              "taasTarifrisikoschluessel": "STRAFRECHTSSCHUTZ",
              "jahresNetto": 97.08,
              "bruttopreisFuerZahlweise": 115.53
            },
            {
              "taasTarifrisikoschluessel": "BERUF",
              "jahresNetto": 91.44,
              "bruttopreisFuerZahlweise": 108.81
            },
            {
              "taasTarifrisikoschluessel": "PRIVAT",
              "jahresNetto": 112.56,
              "bruttopreisFuerZahlweise": 133.95
            },
            {
              "taasTarifrisikoschluessel": "WOHNEINHEIT",
              "jahresNetto": 35.04,
              "bruttopreisFuerZahlweise": 41.7
            },
            {
              "taasTarifrisikoschluessel": "VERMIETER",
              "jahresNetto": 989.04,
              "bruttopreisFuerZahlweise": 1176.96
            }
          ],
          "treuebonus": 25,
          "linienBruttopreis": 429.26,
          "gesamtBruttopreisFuerZahlweise": 1721.74,
          "gesamtBruttopreisJaehrlich": 1721.74
        },
        {
          "zahlweise": "HALBJAEHRLICH",
          "selbstbeteiligung": "SELBSTBETEILIGUNG_0150",
          "laufzeit": "DREI_JAHRE",
          "zaehlstuecke": 5,
          "bausteinPreise": [
            {
              "taasTarifrisikoschluessel": "VERKEHR",
              "jahresNetto": 121.68,
              "bruttopreisFuerZahlweise": 72.4
            },
            {
              "taasTarifrisikoschluessel": "STRAFRECHTSSCHUTZ",
              "jahresNetto": 97.08,
              "bruttopreisFuerZahlweise": 57.76
            },
            {
              "taasTarifrisikoschluessel": "BERUF",
              "jahresNetto": 91.44,
              "bruttopreisFuerZahlweise": 54.41
            },
            {
              "taasTarifrisikoschluessel": "PRIVAT",
              "jahresNetto": 112.56,
              "bruttopreisFuerZahlweise": 66.97
            },
            {
              "taasTarifrisikoschluessel": "WOHNEINHEIT",
              "jahresNetto": 35.04,
              "bruttopreisFuerZahlweise": 20.85
            },
            {
              "taasTarifrisikoschluessel": "VERMIETER",
              "jahresNetto": 989.04,
              "bruttopreisFuerZahlweise": 588.48
            }
          ],
          "treuebonus": 25,
          "linienBruttopreis": 214.63,
          "gesamtBruttopreisFuerZahlweise": 860.87,
          "gesamtBruttopreisJaehrlich": 1721.74
        },
        {
          "zahlweise": "VIERTELJAEHRLICH",
          "selbstbeteiligung": "SELBSTBETEILIGUNG_0150",
          "laufzeit": "DREI_JAHRE",
          "zaehlstuecke": 5,
          "bausteinPreise": [
            {
              "taasTarifrisikoschluessel": "VERKEHR",
              "jahresNetto": 121.68,
              "bruttopreisFuerZahlweise": 36.2
            },
            {
              "taasTarifrisikoschluessel": "STRAFRECHTSSCHUTZ",
              "jahresNetto": 97.08,
              "bruttopreisFuerZahlweise": 28.88
            },
            {
              "taasTarifrisikoschluessel": "BERUF",
              "jahresNetto": 91.44,
              "bruttopreisFuerZahlweise": 27.2
            },
            {
              "taasTarifrisikoschluessel": "PRIVAT",
              "jahresNetto": 112.56,
              "bruttopreisFuerZahlweise": 33.49
            },
            {
              "taasTarifrisikoschluessel": "WOHNEINHEIT",
              "jahresNetto": 35.04,
              "bruttopreisFuerZahlweise": 10.42
            },
            {
              "taasTarifrisikoschluessel": "VERMIETER",
              "jahresNetto": 989.04,
              "bruttopreisFuerZahlweise": 294.24
            }
          ],
          "treuebonus": 25,
          "linienBruttopreis": 107.31,
          "gesamtBruttopreisFuerZahlweise": 430.43,
          "gesamtBruttopreisJaehrlich": 1721.74
        },
        {
          "zahlweise": "MONATLICH",
          "selbstbeteiligung": "SELBSTBETEILIGUNG_0150",
          "laufzeit": "DREI_JAHRE",
          "zaehlstuecke": 5,
          "bausteinPreise": [
            {
              "taasTarifrisikoschluessel": "VERKEHR",
              "jahresNetto": 121.68,
              "bruttopreisFuerZahlweise": 12.07
            },
            {
              "taasTarifrisikoschluessel": "STRAFRECHTSSCHUTZ",
              "jahresNetto": 97.08,
              "bruttopreisFuerZahlweise": 9.63
            },
            {
              "taasTarifrisikoschluessel": "BERUF",
              "jahresNetto": 91.44,
              "bruttopreisFuerZahlweise": 9.07
            },
            {
              "taasTarifrisikoschluessel": "PRIVAT",
              "jahresNetto": 112.56,
              "bruttopreisFuerZahlweise": 11.16
            },
            {
              "taasTarifrisikoschluessel": "WOHNEINHEIT",
              "jahresNetto": 35.04,
              "bruttopreisFuerZahlweise": 3.47
            },
            {
              "taasTarifrisikoschluessel": "VERMIETER",
              "jahresNetto": 989.04,
              "bruttopreisFuerZahlweise": 98.08
            }
          ],
          "treuebonus": 25,
          "linienBruttopreis": 35.77,
          "gesamtBruttopreisFuerZahlweise": 143.48,
          "gesamtBruttopreisJaehrlich": 1721.74
        }
      ]
    }
  ],
  "gisDaten": null,
  "elementarSB": null,
  "taasStatus": {
    "fehlermeldung": "",
    "returnCodeTaas": "KEIN_FEHLER",
    "fehlerCode": null
  },
  "deltafaktoren": null,
  "vorvertraegeVorschaeden": null
}
