{
  "sparte": "RECHTSSCHUTZ",
  "hspLfnr": 60574,
  "allgemeineFachschluessel": [],
  "uebergreifendeLeistungen": [
    {
      "label": "Telefonische Rechtsberatung (auch in nicht versicherten Fällen)",
      "info": "Unabhängig davon, ob ein Sachverhalt versichert ist, erhält der Versicherte eine erste Einschätzung von einem Rechtsexperten. Die Selbstbeteiligung wird nicht abgezogen."
    },
    {
      "label": "Kostenübernahme bei Rechtsstreitigkeiten",
      "info": "Die Rechtsschutzversicherung übernimmt die notwendigen Kosten für Rechtsstreitigkeiten (dazu zählen insbesondere Anwalts- und Gerichtskosten) bis zur vereinbarten Versicherungssumme."
    },
    {
      "label": "Mediationskosten für außergerichtliche Schlichtungen",
      "info": "Eine Mediation ist eine Schlichtung des Streits, ohne vor Gericht zu gehen. Ein Mediator bemüht sich darum, die Interessen beider Parteien bestmöglich zu berücksichtigen und den Konflikt einvernehmlich zu lösen."
    }
  ],
  "salesProdukte": [
    {
      "produktline": "L",
      "name": "Komfort",
      "rbdMax": null,
      "rbdAktuell": null,
      "segmentierungskennzeichen": "PK",
      "preisverzeichnis": null,
      "kurztext": "RS005",
      "langtext": "Verkehr Komfort 04/2020",
      "gefahrenPrefix": null,
      "initialSelektiert": true,
      "leistungen": [
        {
          "fachschluessel": "RS000402",
          "textId": "versicherungssummeEuropa",
          "name": null,
          "info": "Die Versicherungssumme gilt in Europa, den Anliegerstaaten des Mittelmeers, auf den Kanaren, Madeira und den Azoren.",
          "leistung": "Versicherungssumme",
          "weitereLeistung": null,
          "eigenschaft": "5 Mio. €",
          "hidden": null,
          "eigenschaftType": null,
          "eigenschaftInfo": "",
          "laufnummer": null,
          "reihenfolge": 30,
          "summenBezeichnung": null,
          "summe": null,
          "includedLeistungen": null,
          "fachschluesselTyp": "REQUIRED",
          "writeToEinreichenXML": true,
          "zusatzFeature": null,
          "kategorie": null,
          "kategorieId": null
        },
        {
          "fachschluessel": "RS000404",
          "textId": "versicherungssummeWeltweit",
          "name": null,
          "info": "Die Weltdeckung beinhaltet eine begrenzte Versicherungssume für Versicherungsfälle, die während eines Auslandsaufenthaltes außerhalb von Europa eingetreten sind und in denen ein außereuropäisches Gericht zuständig ist/wäre. Dies ist unabhängig von der Dauer des Aufenthalts.",
          "leistung": "Weltdeckung Versicherungssumme / Dauer",
          "weitereLeistung": null,
          "eigenschaft": "500.000 € / unbegrenzt",
          "hidden": null,
          "eigenschaftType": null,
          "eigenschaftInfo": "",
          "laufnummer": null,
          "reihenfolge": 30,
          "summenBezeichnung": null,
          "summe": null,
          "includedLeistungen": null,
          "fachschluesselTyp": "REQUIRED",
          "writeToEinreichenXML": true,
          "zusatzFeature": null,
          "kategorie": null,
          "kategorieId": null
        },
        {
          "fachschluessel": "",
          "textId": "Strafkaution",
          "name": null,
          "info": "Es wird eine Strafkaution als zinsloses Darlehen gezahlt, um den Versicherten vorübergehend von Strafverfolgungsmaßnahmen zu verschonen.",
          "leistung": "Strafkaution (als Darlehen)",
          "weitereLeistung": null,
          "eigenschaft": "500.000 €",
          "hidden": null,
          "eigenschaftType": null,
          "eigenschaftInfo": "",
          "laufnummer": null,
          "reihenfolge": 30,
          "summenBezeichnung": null,
          "summe": null,
          "includedLeistungen": null,
          "fachschluesselTyp": "REQUIRED",
          "writeToEinreichenXML": true,
          "zusatzFeature": null,
          "kategorie": null,
          "kategorieId": null
        },
        {
          "fachschluessel": "RS000484",
          "textId": "wartezeit",
          "name": null,
          "info": "Im Verkehrsbereich gilt keine Wartezeit. Der Versicherungsschutz besteht ab Versicherungsbeginn.",
          "leistung": "Wartezeit im Bereich Verkehr",
          "weitereLeistung": true,
          "eigenschaft": "keine",
          "hidden": null,
          "eigenschaftType": null,
          "eigenschaftInfo": "",
          "laufnummer": null,
          "reihenfolge": 30,
          "summenBezeichnung": null,
          "summe": null,
          "includedLeistungen": null,
          "fachschluesselTyp": "REQUIRED",
          "writeToEinreichenXML": true,
          "zusatzFeature": null,
          "kategorie": null,
          "kategorieId": null
        },
        {
          "fachschluessel": "",
          "textId": "schadenersatz",
          "name": null,
          "info": "Versichert ist z. B. die Forderung von Schmerzensgeld nach einem Verkehrsunfall.",
          "leistung": "Geltendmachung von Schadenersatz",
          "weitereLeistung": true,
          "eigenschaft": "Inklusive",
          "hidden": null,
          "eigenschaftType": null,
          "eigenschaftInfo": "",
          "laufnummer": null,
          "reihenfolge": 30,
          "summenBezeichnung": null,
          "summe": null,
          "includedLeistungen": null,
          "fachschluesselTyp": "REQUIRED",
          "writeToEinreichenXML": true,
          "zusatzFeature": null,
          "kategorie": null,
          "kategorieId": null
        },
        {
          "fachschluessel": "",
          "textId": "vertragsrecht",
          "name": null,
          "info": "Versichert sind Streitigkeiten aus (Internet-)Verträgen, wie z. B. Streit um Gewährleistungsrechte nach dem Kauf eines defekten Fahrzeugs.",
          "leistung": "Vertrags- und Sachen-Rechtsschutz im Verkehrsbereich",
          "weitereLeistung": true,
          "eigenschaft": "Inklusive",
          "hidden": null,
          "eigenschaftType": null,
          "eigenschaftInfo": "",
          "laufnummer": null,
          "reihenfolge": 30,
          "summenBezeichnung": null,
          "summe": null,
          "includedLeistungen": null,
          "fachschluesselTyp": "REQUIRED",
          "writeToEinreichenXML": true,
          "zusatzFeature": null,
          "kategorie": null,
          "kategorieId": null
        },
        {
          "fachschluessel": "",
          "textId": "steuerrecht",
          "name": null,
          "info": "Versichert sind Streitigkeiten mit deutschen Behörden und Gerichten, wie z. B. wegen eines Kfz-Steuerbescheides.",
          "leistung": "Steuer-Rechtsschutz",
          "weitereLeistung": true,
          "eigenschaft": "Inklusive",
          "hidden": null,
          "eigenschaftType": null,
          "eigenschaftInfo": "",
          "laufnummer": null,
          "reihenfolge": 30,
          "summenBezeichnung": null,
          "summe": null,
          "includedLeistungen": null,
          "fachschluesselTyp": "REQUIRED",
          "writeToEinreichenXML": true,
          "zusatzFeature": null,
          "kategorie": null,
          "kategorieId": null
        },
        {
          "fachschluessel": "",
          "textId": "sozialrecht",
          "name": null,
          "info": "Versichert sind Streitigkeiten mit deutschen Behörden und Gerichten, wie z. B. wegen eines Bescheides der Unfallversicherung aufgrund eines Verkehrsunfalles.",
          "leistung": "Sozial-Rechtsschutz",
          "weitereLeistung": true,
          "eigenschaft": "Inklusive",
          "hidden": null,
          "eigenschaftType": null,
          "eigenschaftInfo": "",
          "laufnummer": null,
          "reihenfolge": 30,
          "summenBezeichnung": null,
          "summe": null,
          "includedLeistungen": null,
          "fachschluesselTyp": "REQUIRED",
          "writeToEinreichenXML": true,
          "zusatzFeature": null,
          "kategorie": null,
          "kategorieId": null
        },
        {
          "fachschluessel": "",
          "textId": "verwaltungsrecht",
          "name": null,
          "info": "Versichert sind Streitigkeiten mit deutschen und ausländischen Behörden und Gerichten, wie z. B. wegen Entzug der Fahrerlaubnis.",
          "leistung": "Verwaltungs-Rechtsschutz in Verkehrssachen",
          "weitereLeistung": true,
          "eigenschaft": "Inklusive",
          "hidden": null,
          "eigenschaftType": null,
          "eigenschaftInfo": "",
          "laufnummer": null,
          "reihenfolge": 30,
          "summenBezeichnung": null,
          "summe": null,
          "includedLeistungen": null,
          "fachschluesselTyp": "REQUIRED",
          "writeToEinreichenXML": true,
          "zusatzFeature": null,
          "kategorie": null,
          "kategorieId": null
        },
        {
          "fachschluessel": "",
          "textId": "strafrecht",
          "name": null,
          "info": "Versichert ist z. B. die Verteidigung beim Vorwurf der fahrlässigen Körperverletzung.",
          "leistung": "Straf-Rechtsschutz",
          "weitereLeistung": true,
          "eigenschaft": "Inklusive",
          "hidden": null,
          "eigenschaftType": null,
          "eigenschaftInfo": "",
          "laufnummer": null,
          "reihenfolge": 30,
          "summenBezeichnung": null,
          "summe": null,
          "includedLeistungen": null,
          "fachschluesselTyp": "REQUIRED",
          "writeToEinreichenXML": true,
          "zusatzFeature": null,
          "kategorie": null,
          "kategorieId": null
        },
        {
          "fachschluessel": "",
          "textId": "ordnungswidrigkeit",
          "name": null,
          "info": "Versichert ist z. B.<br><ul><li>die Verteidigung beim Vorwurf eines Rotlichtverstoßes</li><li>eines punkterelevanten Halt- und Parkverstoßes</li></ul>",
          "leistung": "Ordnungswidrigkeiten-Rechtsschutz",
          "weitereLeistung": true,
          "eigenschaft": "Inklusive",
          "hidden": null,
          "eigenschaftType": null,
          "eigenschaftInfo": "",
          "laufnummer": null,
          "reihenfolge": 30,
          "summenBezeichnung": null,
          "summe": null,
          "includedLeistungen": null,
          "fachschluesselTyp": "REQUIRED",
          "writeToEinreichenXML": true,
          "zusatzFeature": null,
          "kategorie": null,
          "kategorieId": null
        },
        {
          "fachschluessel": "",
          "textId": "Disziplinar",
          "name": null,
          "info": "Versichert sind z. B. Dienstvergehen von Beamten.",
          "leistung": "Disziplinar-/ Standes-Rechtsschutz",
          "weitereLeistung": true,
          "eigenschaft": "Inklusive",
          "hidden": null,
          "eigenschaftType": null,
          "eigenschaftInfo": "",
          "laufnummer": null,
          "reihenfolge": 30,
          "summenBezeichnung": null,
          "summe": null,
          "includedLeistungen": null,
          "fachschluesselTyp": "REQUIRED",
          "writeToEinreichenXML": true,
          "zusatzFeature": null,
          "kategorie": null,
          "kategorieId": null
        },
        {
          "fachschluessel": "",
          "textId": "opferRS",
          "name": null,
          "info": "Versichert ist z. B. die Nebenklage als Opfer einer Gewalttat.",
          "leistung": "Opfer-Rechtsschutz",
          "weitereLeistung": true,
          "eigenschaft": "Inklusive",
          "hidden": null,
          "eigenschaftType": null,
          "eigenschaftInfo": "",
          "laufnummer": null,
          "reihenfolge": 30,
          "summenBezeichnung": null,
          "summe": null,
          "includedLeistungen": null,
          "fachschluesselTyp": "REQUIRED",
          "writeToEinreichenXML": true,
          "zusatzFeature": null,
          "kategorie": null,
          "kategorieId": null
        }
      ],
      "gefahren": [
        {
          "fachschluessel": "RS000447",
          "textId": "verkehr",
          "name": "VERKEHR",
          "info": null,
          "leistung": "Verkehr",
          "weitereLeistung": null,
          "eigenschaft": null,
          "hidden": null,
          "eigenschaftType": null,
          "eigenschaftInfo": null,
          "laufnummer": null,
          "reihenfolge": 20,
          "summenBezeichnung": null,
          "summe": null,
          "includedLeistungen": null,
          "fachschluesselTyp": "REQUIRED",
          "writeToEinreichenXML": true,
          "zusatzFeature": null,
          "kategorie": null,
          "kategorieId": null
        }
      ],
      "zusatzoptionen": []
    }
  ]
}
