{
  "produktlinien": [
    {
      "salesProductName": "BASIS",
      "rbdMax": 0,
      "preisverzeichnis": 2,
      "salesProduktVariants": [
        {
          "zahlweise": "JAEHRLICH",
          "selbstbeteiligung": "SELBSTBETEILIGUNG_0000",
          "laufzeit": "EIN_JAHR",
          "zaehlstuecke": 0,
          "bausteinPreise": [
            {
              "taasTarifrisikoschluessel": "OP",
              "jahresNetto": 306.6,
              "bruttopreisFuerZahlweise": 364.85
            }
          ],
          "treuebonus": 0,
          "linienBruttopreis": 364.85,
          "gesamtBruttopreisFuerZahlweise": 364.85,
          "gesamtBruttopreisJaehrlich": 364.85
        },
        {
          "zahlweise": "HALBJAEHRLICH",
          "selbstbeteiligung": "SELBSTBETEILIGUNG_0000",
          "laufzeit": "EIN_JAHR",
          "zaehlstuecke": 0,
          "bausteinPreise": [
            {
              "taasTarifrisikoschluessel": "OP",
              "jahresNetto": 315.84,
              "bruttopreisFuerZahlweise": 187.92
            }
          ],
          "treuebonus": 0,
          "linienBruttopreis": 187.92,
          "gesamtBruttopreisFuerZahlweise": 187.92,
          "gesamtBruttopreisJaehrlich": 375.85
        },
        {
          "zahlweise": "VIERTELJAEHRLICH",
          "selbstbeteiligung": "SELBSTBETEILIGUNG_0000",
          "laufzeit": "EIN_JAHR",
          "zaehlstuecke": 0,
          "bausteinPreise": [
            {
              "taasTarifrisikoschluessel": "OP",
              "jahresNetto": 321.96,
              "bruttopreisFuerZahlweise": 95.78
            }
          ],
          "treuebonus": 0,
          "linienBruttopreis": 95.78,
          "gesamtBruttopreisFuerZahlweise": 95.78,
          "gesamtBruttopreisJaehrlich": 383.13
        },
        {
          "zahlweise": "MONATLICH",
          "selbstbeteiligung": "SELBSTBETEILIGUNG_0000",
          "laufzeit": "EIN_JAHR",
          "zaehlstuecke": 0,
          "bausteinPreise": [
            {
              "taasTarifrisikoschluessel": "OP",
              "jahresNetto": 324.96,
              "bruttopreisFuerZahlweise": 32.23
            }
          ],
          "treuebonus": 0,
          "linienBruttopreis": 32.23,
          "gesamtBruttopreisFuerZahlweise": 32.23,
          "gesamtBruttopreisJaehrlich": 386.7
        },
        {
          "zahlweise": "JAEHRLICH",
          "selbstbeteiligung": "SELBSTBETEILIGUNG_0000",
          "laufzeit": "DREI_JAHRE",
          "zaehlstuecke": 0,
          "bausteinPreise": [
            {
              "taasTarifrisikoschluessel": "OP",
              "jahresNetto": 306.6,
              "bruttopreisFuerZahlweise": 364.85
            }
          ],
          "treuebonus": 0,
          "linienBruttopreis": 364.85,
          "gesamtBruttopreisFuerZahlweise": 364.85,
          "gesamtBruttopreisJaehrlich": 364.85
        },
        {
          "zahlweise": "HALBJAEHRLICH",
          "selbstbeteiligung": "SELBSTBETEILIGUNG_0000",
          "laufzeit": "DREI_JAHRE",
          "zaehlstuecke": 0,
          "bausteinPreise": [
            {
              "taasTarifrisikoschluessel": "OP",
              "jahresNetto": 315.84,
              "bruttopreisFuerZahlweise": 187.92
            }
          ],
          "treuebonus": 0,
          "linienBruttopreis": 187.92,
          "gesamtBruttopreisFuerZahlweise": 187.92,
          "gesamtBruttopreisJaehrlich": 375.85
        },
        {
          "zahlweise": "VIERTELJAEHRLICH",
          "selbstbeteiligung": "SELBSTBETEILIGUNG_0000",
          "laufzeit": "DREI_JAHRE",
          "zaehlstuecke": 0,
          "bausteinPreise": [
            {
              "taasTarifrisikoschluessel": "OP",
              "jahresNetto": 321.96,
              "bruttopreisFuerZahlweise": 95.78
            }
          ],
          "treuebonus": 0,
          "linienBruttopreis": 95.78,
          "gesamtBruttopreisFuerZahlweise": 95.78,
          "gesamtBruttopreisJaehrlich": 383.13
        },
        {
          "zahlweise": "MONATLICH",
          "selbstbeteiligung": "SELBSTBETEILIGUNG_0000",
          "laufzeit": "DREI_JAHRE",
          "zaehlstuecke": 0,
          "bausteinPreise": [
            {
              "taasTarifrisikoschluessel": "OP",
              "jahresNetto": 324.96,
              "bruttopreisFuerZahlweise": 32.23
            }
          ],
          "treuebonus": 0,
          "linienBruttopreis": 32.23,
          "gesamtBruttopreisFuerZahlweise": 32.23,
          "gesamtBruttopreisJaehrlich": 386.7
        },
        {
          "zahlweise": "JAEHRLICH",
          "selbstbeteiligung": "SELBSTBETEILIGUNG_0000",
          "laufzeit": "EIN_JAHR",
          "zaehlstuecke": 1,
          "bausteinPreise": [
            {
              "taasTarifrisikoschluessel": "OP",
              "jahresNetto": 306.6,
              "bruttopreisFuerZahlweise": 364.85
            }
          ],
          "treuebonus": 0,
          "linienBruttopreis": 364.85,
          "gesamtBruttopreisFuerZahlweise": 364.85,
          "gesamtBruttopreisJaehrlich": 364.85
        },
        {
          "zahlweise": "HALBJAEHRLICH",
          "selbstbeteiligung": "SELBSTBETEILIGUNG_0000",
          "laufzeit": "EIN_JAHR",
          "zaehlstuecke": 1,
          "bausteinPreise": [
            {
              "taasTarifrisikoschluessel": "OP",
              "jahresNetto": 315.84,
              "bruttopreisFuerZahlweise": 187.92
            }
          ],
          "treuebonus": 0,
          "linienBruttopreis": 187.92,
          "gesamtBruttopreisFuerZahlweise": 187.92,
          "gesamtBruttopreisJaehrlich": 375.85
        },
        {
          "zahlweise": "VIERTELJAEHRLICH",
          "selbstbeteiligung": "SELBSTBETEILIGUNG_0000",
          "laufzeit": "EIN_JAHR",
          "zaehlstuecke": 1,
          "bausteinPreise": [
            {
              "taasTarifrisikoschluessel": "OP",
              "jahresNetto": 321.96,
              "bruttopreisFuerZahlweise": 95.78
            }
          ],
          "treuebonus": 0,
          "linienBruttopreis": 95.78,
          "gesamtBruttopreisFuerZahlweise": 95.78,
          "gesamtBruttopreisJaehrlich": 383.13
        },
        {
          "zahlweise": "MONATLICH",
          "selbstbeteiligung": "SELBSTBETEILIGUNG_0000",
          "laufzeit": "EIN_JAHR",
          "zaehlstuecke": 1,
          "bausteinPreise": [
            {
              "taasTarifrisikoschluessel": "OP",
              "jahresNetto": 324.96,
              "bruttopreisFuerZahlweise": 32.23
            }
          ],
          "treuebonus": 0,
          "linienBruttopreis": 32.23,
          "gesamtBruttopreisFuerZahlweise": 32.23,
          "gesamtBruttopreisJaehrlich": 386.7
        },
        {
          "zahlweise": "JAEHRLICH",
          "selbstbeteiligung": "SELBSTBETEILIGUNG_0000",
          "laufzeit": "DREI_JAHRE",
          "zaehlstuecke": 1,
          "bausteinPreise": [
            {
              "taasTarifrisikoschluessel": "OP",
              "jahresNetto": 306.6,
              "bruttopreisFuerZahlweise": 364.85
            }
          ],
          "treuebonus": 0,
          "linienBruttopreis": 364.85,
          "gesamtBruttopreisFuerZahlweise": 364.85,
          "gesamtBruttopreisJaehrlich": 364.85
        },
        {
          "zahlweise": "HALBJAEHRLICH",
          "selbstbeteiligung": "SELBSTBETEILIGUNG_0000",
          "laufzeit": "DREI_JAHRE",
          "zaehlstuecke": 1,
          "bausteinPreise": [
            {
              "taasTarifrisikoschluessel": "OP",
              "jahresNetto": 315.84,
              "bruttopreisFuerZahlweise": 187.92
            }
          ],
          "treuebonus": 0,
          "linienBruttopreis": 187.92,
          "gesamtBruttopreisFuerZahlweise": 187.92,
          "gesamtBruttopreisJaehrlich": 375.85
        },
        {
          "zahlweise": "VIERTELJAEHRLICH",
          "selbstbeteiligung": "SELBSTBETEILIGUNG_0000",
          "laufzeit": "DREI_JAHRE",
          "zaehlstuecke": 1,
          "bausteinPreise": [
            {
              "taasTarifrisikoschluessel": "OP",
              "jahresNetto": 321.96,
              "bruttopreisFuerZahlweise": 95.78
            }
          ],
          "treuebonus": 0,
          "linienBruttopreis": 95.78,
          "gesamtBruttopreisFuerZahlweise": 95.78,
          "gesamtBruttopreisJaehrlich": 383.13
        },
        {
          "zahlweise": "MONATLICH",
          "selbstbeteiligung": "SELBSTBETEILIGUNG_0000",
          "laufzeit": "DREI_JAHRE",
          "zaehlstuecke": 1,
          "bausteinPreise": [
            {
              "taasTarifrisikoschluessel": "OP",
              "jahresNetto": 324.96,
              "bruttopreisFuerZahlweise": 32.23
            }
          ],
          "treuebonus": 0,
          "linienBruttopreis": 32.23,
          "gesamtBruttopreisFuerZahlweise": 32.23,
          "gesamtBruttopreisJaehrlich": 386.7
        },
        {
          "zahlweise": "JAEHRLICH",
          "selbstbeteiligung": "SELBSTBETEILIGUNG_0000",
          "laufzeit": "EIN_JAHR",
          "zaehlstuecke": 2,
          "bausteinPreise": [
            {
              "taasTarifrisikoschluessel": "OP",
              "jahresNetto": 306.6,
              "bruttopreisFuerZahlweise": 364.85
            }
          ],
          "treuebonus": 0,
          "linienBruttopreis": 364.85,
          "gesamtBruttopreisFuerZahlweise": 364.85,
          "gesamtBruttopreisJaehrlich": 364.85
        },
        {
          "zahlweise": "HALBJAEHRLICH",
          "selbstbeteiligung": "SELBSTBETEILIGUNG_0000",
          "laufzeit": "EIN_JAHR",
          "zaehlstuecke": 2,
          "bausteinPreise": [
            {
              "taasTarifrisikoschluessel": "OP",
              "jahresNetto": 315.84,
              "bruttopreisFuerZahlweise": 187.92
            }
          ],
          "treuebonus": 0,
          "linienBruttopreis": 187.92,
          "gesamtBruttopreisFuerZahlweise": 187.92,
          "gesamtBruttopreisJaehrlich": 375.85
        },
        {
          "zahlweise": "VIERTELJAEHRLICH",
          "selbstbeteiligung": "SELBSTBETEILIGUNG_0000",
          "laufzeit": "EIN_JAHR",
          "zaehlstuecke": 2,
          "bausteinPreise": [
            {
              "taasTarifrisikoschluessel": "OP",
              "jahresNetto": 321.96,
              "bruttopreisFuerZahlweise": 95.78
            }
          ],
          "treuebonus": 0,
          "linienBruttopreis": 95.78,
          "gesamtBruttopreisFuerZahlweise": 95.78,
          "gesamtBruttopreisJaehrlich": 383.13
        },
        {
          "zahlweise": "MONATLICH",
          "selbstbeteiligung": "SELBSTBETEILIGUNG_0000",
          "laufzeit": "EIN_JAHR",
          "zaehlstuecke": 2,
          "bausteinPreise": [
            {
              "taasTarifrisikoschluessel": "OP",
              "jahresNetto": 324.96,
              "bruttopreisFuerZahlweise": 32.23
            }
          ],
          "treuebonus": 0,
          "linienBruttopreis": 32.23,
          "gesamtBruttopreisFuerZahlweise": 32.23,
          "gesamtBruttopreisJaehrlich": 386.7
        },
        {
          "zahlweise": "JAEHRLICH",
          "selbstbeteiligung": "SELBSTBETEILIGUNG_0000",
          "laufzeit": "DREI_JAHRE",
          "zaehlstuecke": 2,
          "bausteinPreise": [
            {
              "taasTarifrisikoschluessel": "OP",
              "jahresNetto": 306.6,
              "bruttopreisFuerZahlweise": 364.85
            }
          ],
          "treuebonus": 0,
          "linienBruttopreis": 364.85,
          "gesamtBruttopreisFuerZahlweise": 364.85,
          "gesamtBruttopreisJaehrlich": 364.85
        },
        {
          "zahlweise": "HALBJAEHRLICH",
          "selbstbeteiligung": "SELBSTBETEILIGUNG_0000",
          "laufzeit": "DREI_JAHRE",
          "zaehlstuecke": 2,
          "bausteinPreise": [
            {
              "taasTarifrisikoschluessel": "OP",
              "jahresNetto": 315.84,
              "bruttopreisFuerZahlweise": 187.92
            }
          ],
          "treuebonus": 0,
          "linienBruttopreis": 187.92,
          "gesamtBruttopreisFuerZahlweise": 187.92,
          "gesamtBruttopreisJaehrlich": 375.85
        },
        {
          "zahlweise": "VIERTELJAEHRLICH",
          "selbstbeteiligung": "SELBSTBETEILIGUNG_0000",
          "laufzeit": "DREI_JAHRE",
          "zaehlstuecke": 2,
          "bausteinPreise": [
            {
              "taasTarifrisikoschluessel": "OP",
              "jahresNetto": 321.96,
              "bruttopreisFuerZahlweise": 95.78
            }
          ],
          "treuebonus": 0,
          "linienBruttopreis": 95.78,
          "gesamtBruttopreisFuerZahlweise": 95.78,
          "gesamtBruttopreisJaehrlich": 383.13
        },
        {
          "zahlweise": "MONATLICH",
          "selbstbeteiligung": "SELBSTBETEILIGUNG_0000",
          "laufzeit": "DREI_JAHRE",
          "zaehlstuecke": 2,
          "bausteinPreise": [
            {
              "taasTarifrisikoschluessel": "OP",
              "jahresNetto": 324.96,
              "bruttopreisFuerZahlweise": 32.23
            }
          ],
          "treuebonus": 0,
          "linienBruttopreis": 32.23,
          "gesamtBruttopreisFuerZahlweise": 32.23,
          "gesamtBruttopreisJaehrlich": 386.7
        },
        {
          "zahlweise": "JAEHRLICH",
          "selbstbeteiligung": "SELBSTBETEILIGUNG_0000",
          "laufzeit": "EIN_JAHR",
          "zaehlstuecke": 3,
          "bausteinPreise": [
            {
              "taasTarifrisikoschluessel": "OP",
              "jahresNetto": 306.6,
              "bruttopreisFuerZahlweise": 364.85
            }
          ],
          "treuebonus": 0,
          "linienBruttopreis": 364.85,
          "gesamtBruttopreisFuerZahlweise": 364.85,
          "gesamtBruttopreisJaehrlich": 364.85
        },
        {
          "zahlweise": "HALBJAEHRLICH",
          "selbstbeteiligung": "SELBSTBETEILIGUNG_0000",
          "laufzeit": "EIN_JAHR",
          "zaehlstuecke": 3,
          "bausteinPreise": [
            {
              "taasTarifrisikoschluessel": "OP",
              "jahresNetto": 315.84,
              "bruttopreisFuerZahlweise": 187.92
            }
          ],
          "treuebonus": 0,
          "linienBruttopreis": 187.92,
          "gesamtBruttopreisFuerZahlweise": 187.92,
          "gesamtBruttopreisJaehrlich": 375.85
        },
        {
          "zahlweise": "VIERTELJAEHRLICH",
          "selbstbeteiligung": "SELBSTBETEILIGUNG_0000",
          "laufzeit": "EIN_JAHR",
          "zaehlstuecke": 3,
          "bausteinPreise": [
            {
              "taasTarifrisikoschluessel": "OP",
              "jahresNetto": 321.96,
              "bruttopreisFuerZahlweise": 95.78
            }
          ],
          "treuebonus": 0,
          "linienBruttopreis": 95.78,
          "gesamtBruttopreisFuerZahlweise": 95.78,
          "gesamtBruttopreisJaehrlich": 383.13
        },
        {
          "zahlweise": "MONATLICH",
          "selbstbeteiligung": "SELBSTBETEILIGUNG_0000",
          "laufzeit": "EIN_JAHR",
          "zaehlstuecke": 3,
          "bausteinPreise": [
            {
              "taasTarifrisikoschluessel": "OP",
              "jahresNetto": 324.96,
              "bruttopreisFuerZahlweise": 32.23
            }
          ],
          "treuebonus": 0,
          "linienBruttopreis": 32.23,
          "gesamtBruttopreisFuerZahlweise": 32.23,
          "gesamtBruttopreisJaehrlich": 386.7
        },
        {
          "zahlweise": "JAEHRLICH",
          "selbstbeteiligung": "SELBSTBETEILIGUNG_0000",
          "laufzeit": "DREI_JAHRE",
          "zaehlstuecke": 3,
          "bausteinPreise": [
            {
              "taasTarifrisikoschluessel": "OP",
              "jahresNetto": 306.6,
              "bruttopreisFuerZahlweise": 364.85
            }
          ],
          "treuebonus": 0,
          "linienBruttopreis": 364.85,
          "gesamtBruttopreisFuerZahlweise": 364.85,
          "gesamtBruttopreisJaehrlich": 364.85
        },
        {
          "zahlweise": "HALBJAEHRLICH",
          "selbstbeteiligung": "SELBSTBETEILIGUNG_0000",
          "laufzeit": "DREI_JAHRE",
          "zaehlstuecke": 3,
          "bausteinPreise": [
            {
              "taasTarifrisikoschluessel": "OP",
              "jahresNetto": 315.84,
              "bruttopreisFuerZahlweise": 187.92
            }
          ],
          "treuebonus": 0,
          "linienBruttopreis": 187.92,
          "gesamtBruttopreisFuerZahlweise": 187.92,
          "gesamtBruttopreisJaehrlich": 375.85
        },
        {
          "zahlweise": "VIERTELJAEHRLICH",
          "selbstbeteiligung": "SELBSTBETEILIGUNG_0000",
          "laufzeit": "DREI_JAHRE",
          "zaehlstuecke": 3,
          "bausteinPreise": [
            {
              "taasTarifrisikoschluessel": "OP",
              "jahresNetto": 321.96,
              "bruttopreisFuerZahlweise": 95.78
            }
          ],
          "treuebonus": 0,
          "linienBruttopreis": 95.78,
          "gesamtBruttopreisFuerZahlweise": 95.78,
          "gesamtBruttopreisJaehrlich": 383.13
        },
        {
          "zahlweise": "MONATLICH",
          "selbstbeteiligung": "SELBSTBETEILIGUNG_0000",
          "laufzeit": "DREI_JAHRE",
          "zaehlstuecke": 3,
          "bausteinPreise": [
            {
              "taasTarifrisikoschluessel": "OP",
              "jahresNetto": 324.96,
              "bruttopreisFuerZahlweise": 32.23
            }
          ],
          "treuebonus": 0,
          "linienBruttopreis": 32.23,
          "gesamtBruttopreisFuerZahlweise": 32.23,
          "gesamtBruttopreisJaehrlich": 386.7
        },
        {
          "zahlweise": "JAEHRLICH",
          "selbstbeteiligung": "SELBSTBETEILIGUNG_0000",
          "laufzeit": "EIN_JAHR",
          "zaehlstuecke": 4,
          "bausteinPreise": [
            {
              "taasTarifrisikoschluessel": "OP",
              "jahresNetto": 306.6,
              "bruttopreisFuerZahlweise": 364.85
            }
          ],
          "treuebonus": 0,
          "linienBruttopreis": 364.85,
          "gesamtBruttopreisFuerZahlweise": 364.85,
          "gesamtBruttopreisJaehrlich": 364.85
        },
        {
          "zahlweise": "HALBJAEHRLICH",
          "selbstbeteiligung": "SELBSTBETEILIGUNG_0000",
          "laufzeit": "EIN_JAHR",
          "zaehlstuecke": 4,
          "bausteinPreise": [
            {
              "taasTarifrisikoschluessel": "OP",
              "jahresNetto": 315.84,
              "bruttopreisFuerZahlweise": 187.92
            }
          ],
          "treuebonus": 0,
          "linienBruttopreis": 187.92,
          "gesamtBruttopreisFuerZahlweise": 187.92,
          "gesamtBruttopreisJaehrlich": 375.85
        },
        {
          "zahlweise": "VIERTELJAEHRLICH",
          "selbstbeteiligung": "SELBSTBETEILIGUNG_0000",
          "laufzeit": "EIN_JAHR",
          "zaehlstuecke": 4,
          "bausteinPreise": [
            {
              "taasTarifrisikoschluessel": "OP",
              "jahresNetto": 321.96,
              "bruttopreisFuerZahlweise": 95.78
            }
          ],
          "treuebonus": 0,
          "linienBruttopreis": 95.78,
          "gesamtBruttopreisFuerZahlweise": 95.78,
          "gesamtBruttopreisJaehrlich": 383.13
        },
        {
          "zahlweise": "MONATLICH",
          "selbstbeteiligung": "SELBSTBETEILIGUNG_0000",
          "laufzeit": "EIN_JAHR",
          "zaehlstuecke": 4,
          "bausteinPreise": [
            {
              "taasTarifrisikoschluessel": "OP",
              "jahresNetto": 324.96,
              "bruttopreisFuerZahlweise": 32.23
            }
          ],
          "treuebonus": 0,
          "linienBruttopreis": 32.23,
          "gesamtBruttopreisFuerZahlweise": 32.23,
          "gesamtBruttopreisJaehrlich": 386.7
        },
        {
          "zahlweise": "JAEHRLICH",
          "selbstbeteiligung": "SELBSTBETEILIGUNG_0000",
          "laufzeit": "DREI_JAHRE",
          "zaehlstuecke": 4,
          "bausteinPreise": [
            {
              "taasTarifrisikoschluessel": "OP",
              "jahresNetto": 306.6,
              "bruttopreisFuerZahlweise": 364.85
            }
          ],
          "treuebonus": 0,
          "linienBruttopreis": 364.85,
          "gesamtBruttopreisFuerZahlweise": 364.85,
          "gesamtBruttopreisJaehrlich": 364.85
        },
        {
          "zahlweise": "HALBJAEHRLICH",
          "selbstbeteiligung": "SELBSTBETEILIGUNG_0000",
          "laufzeit": "DREI_JAHRE",
          "zaehlstuecke": 4,
          "bausteinPreise": [
            {
              "taasTarifrisikoschluessel": "OP",
              "jahresNetto": 315.84,
              "bruttopreisFuerZahlweise": 187.92
            }
          ],
          "treuebonus": 0,
          "linienBruttopreis": 187.92,
          "gesamtBruttopreisFuerZahlweise": 187.92,
          "gesamtBruttopreisJaehrlich": 375.85
        },
        {
          "zahlweise": "VIERTELJAEHRLICH",
          "selbstbeteiligung": "SELBSTBETEILIGUNG_0000",
          "laufzeit": "DREI_JAHRE",
          "zaehlstuecke": 4,
          "bausteinPreise": [
            {
              "taasTarifrisikoschluessel": "OP",
              "jahresNetto": 321.96,
              "bruttopreisFuerZahlweise": 95.78
            }
          ],
          "treuebonus": 0,
          "linienBruttopreis": 95.78,
          "gesamtBruttopreisFuerZahlweise": 95.78,
          "gesamtBruttopreisJaehrlich": 383.13
        },
        {
          "zahlweise": "MONATLICH",
          "selbstbeteiligung": "SELBSTBETEILIGUNG_0000",
          "laufzeit": "DREI_JAHRE",
          "zaehlstuecke": 4,
          "bausteinPreise": [
            {
              "taasTarifrisikoschluessel": "OP",
              "jahresNetto": 324.96,
              "bruttopreisFuerZahlweise": 32.23
            }
          ],
          "treuebonus": 0,
          "linienBruttopreis": 32.23,
          "gesamtBruttopreisFuerZahlweise": 32.23,
          "gesamtBruttopreisJaehrlich": 386.7
        },
        {
          "zahlweise": "JAEHRLICH",
          "selbstbeteiligung": "SELBSTBETEILIGUNG_0000",
          "laufzeit": "EIN_JAHR",
          "zaehlstuecke": 5,
          "bausteinPreise": [
            {
              "taasTarifrisikoschluessel": "OP",
              "jahresNetto": 306.6,
              "bruttopreisFuerZahlweise": 364.85
            }
          ],
          "treuebonus": 0,
          "linienBruttopreis": 364.85,
          "gesamtBruttopreisFuerZahlweise": 364.85,
          "gesamtBruttopreisJaehrlich": 364.85
        },
        {
          "zahlweise": "HALBJAEHRLICH",
          "selbstbeteiligung": "SELBSTBETEILIGUNG_0000",
          "laufzeit": "EIN_JAHR",
          "zaehlstuecke": 5,
          "bausteinPreise": [
            {
              "taasTarifrisikoschluessel": "OP",
              "jahresNetto": 315.84,
              "bruttopreisFuerZahlweise": 187.92
            }
          ],
          "treuebonus": 0,
          "linienBruttopreis": 187.92,
          "gesamtBruttopreisFuerZahlweise": 187.92,
          "gesamtBruttopreisJaehrlich": 375.85
        },
        {
          "zahlweise": "VIERTELJAEHRLICH",
          "selbstbeteiligung": "SELBSTBETEILIGUNG_0000",
          "laufzeit": "EIN_JAHR",
          "zaehlstuecke": 5,
          "bausteinPreise": [
            {
              "taasTarifrisikoschluessel": "OP",
              "jahresNetto": 321.96,
              "bruttopreisFuerZahlweise": 95.78
            }
          ],
          "treuebonus": 0,
          "linienBruttopreis": 95.78,
          "gesamtBruttopreisFuerZahlweise": 95.78,
          "gesamtBruttopreisJaehrlich": 383.13
        },
        {
          "zahlweise": "MONATLICH",
          "selbstbeteiligung": "SELBSTBETEILIGUNG_0000",
          "laufzeit": "EIN_JAHR",
          "zaehlstuecke": 5,
          "bausteinPreise": [
            {
              "taasTarifrisikoschluessel": "OP",
              "jahresNetto": 324.96,
              "bruttopreisFuerZahlweise": 32.23
            }
          ],
          "treuebonus": 0,
          "linienBruttopreis": 32.23,
          "gesamtBruttopreisFuerZahlweise": 32.23,
          "gesamtBruttopreisJaehrlich": 386.7
        },
        {
          "zahlweise": "JAEHRLICH",
          "selbstbeteiligung": "SELBSTBETEILIGUNG_0000",
          "laufzeit": "DREI_JAHRE",
          "zaehlstuecke": 5,
          "bausteinPreise": [
            {
              "taasTarifrisikoschluessel": "OP",
              "jahresNetto": 306.6,
              "bruttopreisFuerZahlweise": 364.85
            }
          ],
          "treuebonus": 0,
          "linienBruttopreis": 364.85,
          "gesamtBruttopreisFuerZahlweise": 364.85,
          "gesamtBruttopreisJaehrlich": 364.85
        },
        {
          "zahlweise": "HALBJAEHRLICH",
          "selbstbeteiligung": "SELBSTBETEILIGUNG_0000",
          "laufzeit": "DREI_JAHRE",
          "zaehlstuecke": 5,
          "bausteinPreise": [
            {
              "taasTarifrisikoschluessel": "OP",
              "jahresNetto": 315.84,
              "bruttopreisFuerZahlweise": 187.92
            }
          ],
          "treuebonus": 0,
          "linienBruttopreis": 187.92,
          "gesamtBruttopreisFuerZahlweise": 187.92,
          "gesamtBruttopreisJaehrlich": 375.85
        },
        {
          "zahlweise": "VIERTELJAEHRLICH",
          "selbstbeteiligung": "SELBSTBETEILIGUNG_0000",
          "laufzeit": "DREI_JAHRE",
          "zaehlstuecke": 5,
          "bausteinPreise": [
            {
              "taasTarifrisikoschluessel": "OP",
              "jahresNetto": 321.96,
              "bruttopreisFuerZahlweise": 95.78
            }
          ],
          "treuebonus": 0,
          "linienBruttopreis": 95.78,
          "gesamtBruttopreisFuerZahlweise": 95.78,
          "gesamtBruttopreisJaehrlich": 383.13
        },
        {
          "zahlweise": "MONATLICH",
          "selbstbeteiligung": "SELBSTBETEILIGUNG_0000",
          "laufzeit": "DREI_JAHRE",
          "zaehlstuecke": 5,
          "bausteinPreise": [
            {
              "taasTarifrisikoschluessel": "OP",
              "jahresNetto": 324.96,
              "bruttopreisFuerZahlweise": 32.23
            }
          ],
          "treuebonus": 0,
          "linienBruttopreis": 32.23,
          "gesamtBruttopreisFuerZahlweise": 32.23,
          "gesamtBruttopreisJaehrlich": 386.7
        }
      ]
    }
  ],
  "gisDaten": null,
  "elementarSB": null,
  "taasStatus": {
    "fehlermeldung": "",
    "returnCodeTaas": "KEIN_FEHLER",
    "fehlerCode": null
  },
  "deltafaktoren": null,
  "vorvertraegeVorschaeden": null
}
