{
  "produktlinien": [
    {
      "salesProductName": "KOMFORT",
      "rbdMax": null,
      "preisverzeichnis": 1,
      "nachlassAktion": 0,
      "salesProduktVariants": [
        {
          "zahlweise": "JAEHRLICH",
          "selbstbeteiligung": "SELBSTBETEILIGUNG_0000",
          "laufzeit": "EIN_JAHR",
          "zaehlstuecke": 0,
          "bausteinPreise": [
            {
              "taasTarifrisikoschluessel": "FELS",
              "jahresNetto": 72,
              "bruttopreisFuerZahlweise": 83.63
            },
            {
              "taasTarifrisikoschluessel": "HAUS_UND_WOHNSCHUTZBRIEF",
              "jahresNetto": 1.68,
              "bruttopreisFuerZahlweise": 1.95
            }
          ],
          "treuebonus": 0,
          "linienBruttopreis": 85.58,
          "gesamtBruttopreisFuerZahlweise": 85.58,
          "gesamtBruttopreisJaehrlich": 85.58
        },
        {
          "zahlweise": "HALBJAEHRLICH",
          "selbstbeteiligung": "SELBSTBETEILIGUNG_0000",
          "laufzeit": "EIN_JAHR",
          "zaehlstuecke": 0,
          "bausteinPreise": [
            {
              "taasTarifrisikoschluessel": "FELS",
              "jahresNetto": 74.04,
              "bruttopreisFuerZahlweise": 43.00
            },
            {
              "taasTarifrisikoschluessel": "HAUS_UND_WOHNSCHUTZBRIEF",
              "jahresNetto": 1.68,
              "bruttopreisFuerZahlweise": 0.98
            }
          ],
          "treuebonus": 0,
          "linienBruttopreis": 43.97,
          "gesamtBruttopreisFuerZahlweise": 43.97,
          "gesamtBruttopreisJaehrlich": 87.95
        },
        {
          "zahlweise": "VIERTELJAEHRLICH",
          "selbstbeteiligung": "SELBSTBETEILIGUNG_0000",
          "laufzeit": "EIN_JAHR",
          "zaehlstuecke": 0,
          "bausteinPreise": [
            {
              "taasTarifrisikoschluessel": "FELS",
              "jahresNetto": 75.48,
              "bruttopreisFuerZahlweise": 21.92
            },
            {
              "taasTarifrisikoschluessel": "HAUS_UND_WOHNSCHUTZBRIEF",
              "jahresNetto": 1.8,
              "bruttopreisFuerZahlweise": 0.52
            }
          ],
          "treuebonus": 0,
          "linienBruttopreis": 22.44,
          "gesamtBruttopreisFuerZahlweise": 22.44,
          "gesamtBruttopreisJaehrlich": 89.76
        },
        {
          "zahlweise": "MONATLICH",
          "selbstbeteiligung": "SELBSTBETEILIGUNG_0000",
          "laufzeit": "EIN_JAHR",
          "zaehlstuecke": 0,
          "bausteinPreise": [
            {
              "taasTarifrisikoschluessel": "FELS",
              "jahresNetto": 76.2,
              "bruttopreisFuerZahlweise": 7.38
            },
            {
              "taasTarifrisikoschluessel": "HAUS_UND_WOHNSCHUTZBRIEF",
              "jahresNetto": 1.8,
              "bruttopreisFuerZahlweise": 0.17
            }
          ],
          "treuebonus": 0,
          "linienBruttopreis": 7.55,
          "gesamtBruttopreisFuerZahlweise": 7.55,
          "gesamtBruttopreisJaehrlich": 90.60
        },
        {
          "zahlweise": "JAEHRLICH",
          "selbstbeteiligung": "SELBSTBETEILIGUNG_0000",
          "laufzeit": "DREI_JAHRE",
          "zaehlstuecke": 0,
          "bausteinPreise": [
            {
              "taasTarifrisikoschluessel": "FELS",
              "jahresNetto": 72,
              "bruttopreisFuerZahlweise": 83.63
            },
            {
              "taasTarifrisikoschluessel": "HAUS_UND_WOHNSCHUTZBRIEF",
              "jahresNetto": 1.68,
              "bruttopreisFuerZahlweise": 1.95
            }
          ],
          "treuebonus": 25,
          "linienBruttopreis": 85.58,
          "gesamtBruttopreisFuerZahlweise": 85.58,
          "gesamtBruttopreisJaehrlich": 85.58
        },
        {
          "zahlweise": "HALBJAEHRLICH",
          "selbstbeteiligung": "SELBSTBETEILIGUNG_0000",
          "laufzeit": "DREI_JAHRE",
          "zaehlstuecke": 0,
          "bausteinPreise": [
            {
              "taasTarifrisikoschluessel": "FELS",
              "jahresNetto": 72,
              "bruttopreisFuerZahlweise": 41.81
            },
            {
              "taasTarifrisikoschluessel": "HAUS_UND_WOHNSCHUTZBRIEF",
              "jahresNetto": 1.68,
              "bruttopreisFuerZahlweise": 0.98
            }
          ],
          "treuebonus": 25,
          "linienBruttopreis": 42.79,
          "gesamtBruttopreisFuerZahlweise": 42.79,
          "gesamtBruttopreisJaehrlich": 85.58
        },
        {
          "zahlweise": "VIERTELJAEHRLICH",
          "selbstbeteiligung": "SELBSTBETEILIGUNG_0000",
          "laufzeit": "DREI_JAHRE",
          "zaehlstuecke": 0,
          "bausteinPreise": [
            {
              "taasTarifrisikoschluessel": "FELS",
              "jahresNetto": 72,
              "bruttopreisFuerZahlweise": 20.91
            },
            {
              "taasTarifrisikoschluessel": "HAUS_UND_WOHNSCHUTZBRIEF",
              "jahresNetto": 1.68,
              "bruttopreisFuerZahlweise": 0.49
            }
          ],
          "treuebonus": 25,
          "linienBruttopreis": 21.39,
          "gesamtBruttopreisFuerZahlweise": 21.39,
          "gesamtBruttopreisJaehrlich": 85.58
        },
        {
          "zahlweise": "MONATLICH",
          "selbstbeteiligung": "SELBSTBETEILIGUNG_0000",
          "laufzeit": "DREI_JAHRE",
          "zaehlstuecke": 0,
          "bausteinPreise": [
            {
              "taasTarifrisikoschluessel": "FELS",
              "jahresNetto": 72,
              "bruttopreisFuerZahlweise": 6.97
            },
            {
              "taasTarifrisikoschluessel": "HAUS_UND_WOHNSCHUTZBRIEF",
              "jahresNetto": 1.68,
              "bruttopreisFuerZahlweise": 0.16
            }
          ],
          "treuebonus": 25,
          "linienBruttopreis": 7.13,
          "gesamtBruttopreisFuerZahlweise": 7.13,
          "gesamtBruttopreisJaehrlich": 85.58
        },
        {
          "zahlweise": "JAEHRLICH",
          "selbstbeteiligung": "SELBSTBETEILIGUNG_0000",
          "laufzeit": "EIN_JAHR",
          "zaehlstuecke": 1,
          "bausteinPreise": [
            {
              "taasTarifrisikoschluessel": "FELS",
              "jahresNetto": 72,
              "bruttopreisFuerZahlweise": 83.63
            },
            {
              "taasTarifrisikoschluessel": "HAUS_UND_WOHNSCHUTZBRIEF",
              "jahresNetto": 1.68,
              "bruttopreisFuerZahlweise": 1.95
            }
          ],
          "treuebonus": 0,
          "linienBruttopreis": 85.58,
          "gesamtBruttopreisFuerZahlweise": 85.58,
          "gesamtBruttopreisJaehrlich": 85.58
        },
        {
          "zahlweise": "HALBJAEHRLICH",
          "selbstbeteiligung": "SELBSTBETEILIGUNG_0000",
          "laufzeit": "EIN_JAHR",
          "zaehlstuecke": 1,
          "bausteinPreise": [
            {
              "taasTarifrisikoschluessel": "FELS",
              "jahresNetto": 74.04,
              "bruttopreisFuerZahlweise": 43.00
            },
            {
              "taasTarifrisikoschluessel": "HAUS_UND_WOHNSCHUTZBRIEF",
              "jahresNetto": 1.68,
              "bruttopreisFuerZahlweise": 0.98
            }
          ],
          "treuebonus": 0,
          "linienBruttopreis": 43.97,
          "gesamtBruttopreisFuerZahlweise": 43.97,
          "gesamtBruttopreisJaehrlich": 87.95
        },
        {
          "zahlweise": "VIERTELJAEHRLICH",
          "selbstbeteiligung": "SELBSTBETEILIGUNG_0000",
          "laufzeit": "EIN_JAHR",
          "zaehlstuecke": 1,
          "bausteinPreise": [
            {
              "taasTarifrisikoschluessel": "FELS",
              "jahresNetto": 75.48,
              "bruttopreisFuerZahlweise": 21.92
            },
            {
              "taasTarifrisikoschluessel": "HAUS_UND_WOHNSCHUTZBRIEF",
              "jahresNetto": 1.8,
              "bruttopreisFuerZahlweise": 0.52
            }
          ],
          "treuebonus": 0,
          "linienBruttopreis": 22.44,
          "gesamtBruttopreisFuerZahlweise": 22.44,
          "gesamtBruttopreisJaehrlich": 89.76
        },
        {
          "zahlweise": "MONATLICH",
          "selbstbeteiligung": "SELBSTBETEILIGUNG_0000",
          "laufzeit": "EIN_JAHR",
          "zaehlstuecke": 1,
          "bausteinPreise": [
            {
              "taasTarifrisikoschluessel": "FELS",
              "jahresNetto": 76.2,
              "bruttopreisFuerZahlweise": 7.38
            },
            {
              "taasTarifrisikoschluessel": "HAUS_UND_WOHNSCHUTZBRIEF",
              "jahresNetto": 1.8,
              "bruttopreisFuerZahlweise": 0.17
            }
          ],
          "treuebonus": 0,
          "linienBruttopreis": 7.55,
          "gesamtBruttopreisFuerZahlweise": 7.55,
          "gesamtBruttopreisJaehrlich": 90.60
        },
        {
          "zahlweise": "JAEHRLICH",
          "selbstbeteiligung": "SELBSTBETEILIGUNG_0000",
          "laufzeit": "DREI_JAHRE",
          "zaehlstuecke": 1,
          "bausteinPreise": [
            {
              "taasTarifrisikoschluessel": "FELS",
              "jahresNetto": 72,
              "bruttopreisFuerZahlweise": 83.63
            },
            {
              "taasTarifrisikoschluessel": "HAUS_UND_WOHNSCHUTZBRIEF",
              "jahresNetto": 1.68,
              "bruttopreisFuerZahlweise": 1.95
            }
          ],
          "treuebonus": 25,
          "linienBruttopreis": 85.58,
          "gesamtBruttopreisFuerZahlweise": 85.58,
          "gesamtBruttopreisJaehrlich": 85.58
        },
        {
          "zahlweise": "HALBJAEHRLICH",
          "selbstbeteiligung": "SELBSTBETEILIGUNG_0000",
          "laufzeit": "DREI_JAHRE",
          "zaehlstuecke": 1,
          "bausteinPreise": [
            {
              "taasTarifrisikoschluessel": "FELS",
              "jahresNetto": 72,
              "bruttopreisFuerZahlweise": 41.81
            },
            {
              "taasTarifrisikoschluessel": "HAUS_UND_WOHNSCHUTZBRIEF",
              "jahresNetto": 1.68,
              "bruttopreisFuerZahlweise": 0.98
            }
          ],
          "treuebonus": 25,
          "linienBruttopreis": 42.79,
          "gesamtBruttopreisFuerZahlweise": 42.79,
          "gesamtBruttopreisJaehrlich": 85.58
        },
        {
          "zahlweise": "VIERTELJAEHRLICH",
          "selbstbeteiligung": "SELBSTBETEILIGUNG_0000",
          "laufzeit": "DREI_JAHRE",
          "zaehlstuecke": 1,
          "bausteinPreise": [
            {
              "taasTarifrisikoschluessel": "FELS",
              "jahresNetto": 72,
              "bruttopreisFuerZahlweise": 20.91
            },
            {
              "taasTarifrisikoschluessel": "HAUS_UND_WOHNSCHUTZBRIEF",
              "jahresNetto": 1.68,
              "bruttopreisFuerZahlweise": 0.49
            }
          ],
          "treuebonus": 25,
          "linienBruttopreis": 21.39,
          "gesamtBruttopreisFuerZahlweise": 21.39,
          "gesamtBruttopreisJaehrlich": 85.58
        },
        {
          "zahlweise": "MONATLICH",
          "selbstbeteiligung": "SELBSTBETEILIGUNG_0000",
          "laufzeit": "DREI_JAHRE",
          "zaehlstuecke": 1,
          "bausteinPreise": [
            {
              "taasTarifrisikoschluessel": "FELS",
              "jahresNetto": 72,
              "bruttopreisFuerZahlweise": 6.97
            },
            {
              "taasTarifrisikoschluessel": "HAUS_UND_WOHNSCHUTZBRIEF",
              "jahresNetto": 1.68,
              "bruttopreisFuerZahlweise": 0.16
            }
          ],
          "treuebonus": 25,
          "linienBruttopreis": 7.13,
          "gesamtBruttopreisFuerZahlweise": 7.13,
          "gesamtBruttopreisJaehrlich": 85.58
        },
        {
          "zahlweise": "JAEHRLICH",
          "selbstbeteiligung": "SELBSTBETEILIGUNG_0000",
          "laufzeit": "EIN_JAHR",
          "zaehlstuecke": 2,
          "bausteinPreise": [
            {
              "taasTarifrisikoschluessel": "FELS",
              "jahresNetto": 72,
              "bruttopreisFuerZahlweise": 83.63
            },
            {
              "taasTarifrisikoschluessel": "HAUS_UND_WOHNSCHUTZBRIEF",
              "jahresNetto": 1.68,
              "bruttopreisFuerZahlweise": 1.95
            }
          ],
          "treuebonus": 0,
          "linienBruttopreis": 85.58,
          "gesamtBruttopreisFuerZahlweise": 85.58,
          "gesamtBruttopreisJaehrlich": 85.58
        },
        {
          "zahlweise": "HALBJAEHRLICH",
          "selbstbeteiligung": "SELBSTBETEILIGUNG_0000",
          "laufzeit": "EIN_JAHR",
          "zaehlstuecke": 2,
          "bausteinPreise": [
            {
              "taasTarifrisikoschluessel": "FELS",
              "jahresNetto": 74.04,
              "bruttopreisFuerZahlweise": 43.00
            },
            {
              "taasTarifrisikoschluessel": "HAUS_UND_WOHNSCHUTZBRIEF",
              "jahresNetto": 1.68,
              "bruttopreisFuerZahlweise": 0.98
            }
          ],
          "treuebonus": 0,
          "linienBruttopreis": 43.97,
          "gesamtBruttopreisFuerZahlweise": 43.97,
          "gesamtBruttopreisJaehrlich": 87.95
        },
        {
          "zahlweise": "VIERTELJAEHRLICH",
          "selbstbeteiligung": "SELBSTBETEILIGUNG_0000",
          "laufzeit": "EIN_JAHR",
          "zaehlstuecke": 2,
          "bausteinPreise": [
            {
              "taasTarifrisikoschluessel": "FELS",
              "jahresNetto": 75.48,
              "bruttopreisFuerZahlweise": 21.92
            },
            {
              "taasTarifrisikoschluessel": "HAUS_UND_WOHNSCHUTZBRIEF",
              "jahresNetto": 1.8,
              "bruttopreisFuerZahlweise": 0.52
            }
          ],
          "treuebonus": 0,
          "linienBruttopreis": 22.44,
          "gesamtBruttopreisFuerZahlweise": 22.44,
          "gesamtBruttopreisJaehrlich": 89.76
        },
        {
          "zahlweise": "MONATLICH",
          "selbstbeteiligung": "SELBSTBETEILIGUNG_0000",
          "laufzeit": "EIN_JAHR",
          "zaehlstuecke": 2,
          "bausteinPreise": [
            {
              "taasTarifrisikoschluessel": "FELS",
              "jahresNetto": 76.2,
              "bruttopreisFuerZahlweise": 7.38
            },
            {
              "taasTarifrisikoschluessel": "HAUS_UND_WOHNSCHUTZBRIEF",
              "jahresNetto": 1.8,
              "bruttopreisFuerZahlweise": 0.17
            }
          ],
          "treuebonus": 0,
          "linienBruttopreis": 7.55,
          "gesamtBruttopreisFuerZahlweise": 7.55,
          "gesamtBruttopreisJaehrlich": 90.60
        },
        {
          "zahlweise": "JAEHRLICH",
          "selbstbeteiligung": "SELBSTBETEILIGUNG_0000",
          "laufzeit": "DREI_JAHRE",
          "zaehlstuecke": 2,
          "bausteinPreise": [
            {
              "taasTarifrisikoschluessel": "FELS",
              "jahresNetto": 68.4,
              "bruttopreisFuerZahlweise": 79.45
            },
            {
              "taasTarifrisikoschluessel": "HAUS_UND_WOHNSCHUTZBRIEF",
              "jahresNetto": 1.56,
              "bruttopreisFuerZahlweise": 1.81
            }
          ],
          "treuebonus": 25,
          "linienBruttopreis": 81.26,
          "gesamtBruttopreisFuerZahlweise": 81.26,
          "gesamtBruttopreisJaehrlich": 81.26
        },
        {
          "zahlweise": "HALBJAEHRLICH",
          "selbstbeteiligung": "SELBSTBETEILIGUNG_0000",
          "laufzeit": "DREI_JAHRE",
          "zaehlstuecke": 2,
          "bausteinPreise": [
            {
              "taasTarifrisikoschluessel": "FELS",
              "jahresNetto": 68.4,
              "bruttopreisFuerZahlweise": 39.72
            },
            {
              "taasTarifrisikoschluessel": "HAUS_UND_WOHNSCHUTZBRIEF",
              "jahresNetto": 1.56,
              "bruttopreisFuerZahlweise": 0.91
            }
          ],
          "treuebonus": 25,
          "linienBruttopreis": 40.63,
          "gesamtBruttopreisFuerZahlweise": 40.63,
          "gesamtBruttopreisJaehrlich": 81.26
        },
        {
          "zahlweise": "VIERTELJAEHRLICH",
          "selbstbeteiligung": "SELBSTBETEILIGUNG_0000",
          "laufzeit": "DREI_JAHRE",
          "zaehlstuecke": 2,
          "bausteinPreise": [
            {
              "taasTarifrisikoschluessel": "FELS",
              "jahresNetto": 68.4,
              "bruttopreisFuerZahlweise": 19.86
            },
            {
              "taasTarifrisikoschluessel": "HAUS_UND_WOHNSCHUTZBRIEF",
              "jahresNetto": 1.56,
              "bruttopreisFuerZahlweise": 0.45
            }
          ],
          "treuebonus": 25,
          "linienBruttopreis": 20.31,
          "gesamtBruttopreisFuerZahlweise": 20.31,
          "gesamtBruttopreisJaehrlich": 81.26
        },
        {
          "zahlweise": "MONATLICH",
          "selbstbeteiligung": "SELBSTBETEILIGUNG_0000",
          "laufzeit": "DREI_JAHRE",
          "zaehlstuecke": 2,
          "bausteinPreise": [
            {
              "taasTarifrisikoschluessel": "FELS",
              "jahresNetto": 68.4,
              "bruttopreisFuerZahlweise": 6.62
            },
            {
              "taasTarifrisikoschluessel": "HAUS_UND_WOHNSCHUTZBRIEF",
              "jahresNetto": 1.56,
              "bruttopreisFuerZahlweise": 0.15
            }
          ],
          "treuebonus": 25,
          "linienBruttopreis": 6.77,
          "gesamtBruttopreisFuerZahlweise": 6.77,
          "gesamtBruttopreisJaehrlich": 81.26
        },
        {
          "zahlweise": "JAEHRLICH",
          "selbstbeteiligung": "SELBSTBETEILIGUNG_0000",
          "laufzeit": "EIN_JAHR",
          "zaehlstuecke": 3,
          "bausteinPreise": [
            {
              "taasTarifrisikoschluessel": "FELS",
              "jahresNetto": 72,
              "bruttopreisFuerZahlweise": 83.63
            },
            {
              "taasTarifrisikoschluessel": "HAUS_UND_WOHNSCHUTZBRIEF",
              "jahresNetto": 1.68,
              "bruttopreisFuerZahlweise": 1.95
            }
          ],
          "treuebonus": 0,
          "linienBruttopreis": 85.58,
          "gesamtBruttopreisFuerZahlweise": 85.58,
          "gesamtBruttopreisJaehrlich": 85.58
        },
        {
          "zahlweise": "HALBJAEHRLICH",
          "selbstbeteiligung": "SELBSTBETEILIGUNG_0000",
          "laufzeit": "EIN_JAHR",
          "zaehlstuecke": 3,
          "bausteinPreise": [
            {
              "taasTarifrisikoschluessel": "FELS",
              "jahresNetto": 74.04,
              "bruttopreisFuerZahlweise": 43.00
            },
            {
              "taasTarifrisikoschluessel": "HAUS_UND_WOHNSCHUTZBRIEF",
              "jahresNetto": 1.68,
              "bruttopreisFuerZahlweise": 0.98
            }
          ],
          "treuebonus": 0,
          "linienBruttopreis": 43.97,
          "gesamtBruttopreisFuerZahlweise": 43.97,
          "gesamtBruttopreisJaehrlich": 87.95
        },
        {
          "zahlweise": "VIERTELJAEHRLICH",
          "selbstbeteiligung": "SELBSTBETEILIGUNG_0000",
          "laufzeit": "EIN_JAHR",
          "zaehlstuecke": 3,
          "bausteinPreise": [
            {
              "taasTarifrisikoschluessel": "FELS",
              "jahresNetto": 75.48,
              "bruttopreisFuerZahlweise": 21.92
            },
            {
              "taasTarifrisikoschluessel": "HAUS_UND_WOHNSCHUTZBRIEF",
              "jahresNetto": 1.8,
              "bruttopreisFuerZahlweise": 0.52
            }
          ],
          "treuebonus": 0,
          "linienBruttopreis": 22.44,
          "gesamtBruttopreisFuerZahlweise": 22.44,
          "gesamtBruttopreisJaehrlich": 89.76
        },
        {
          "zahlweise": "MONATLICH",
          "selbstbeteiligung": "SELBSTBETEILIGUNG_0000",
          "laufzeit": "EIN_JAHR",
          "zaehlstuecke": 3,
          "bausteinPreise": [
            {
              "taasTarifrisikoschluessel": "FELS",
              "jahresNetto": 76.2,
              "bruttopreisFuerZahlweise": 7.38
            },
            {
              "taasTarifrisikoschluessel": "HAUS_UND_WOHNSCHUTZBRIEF",
              "jahresNetto": 1.8,
              "bruttopreisFuerZahlweise": 0.17
            }
          ],
          "treuebonus": 0,
          "linienBruttopreis": 7.55,
          "gesamtBruttopreisFuerZahlweise": 7.55,
          "gesamtBruttopreisJaehrlich": 90.60
        },
        {
          "zahlweise": "JAEHRLICH",
          "selbstbeteiligung": "SELBSTBETEILIGUNG_0000",
          "laufzeit": "DREI_JAHRE",
          "zaehlstuecke": 3,
          "bausteinPreise": [
            {
              "taasTarifrisikoschluessel": "FELS",
              "jahresNetto": 64.8,
              "bruttopreisFuerZahlweise": 75.27
            },
            {
              "taasTarifrisikoschluessel": "HAUS_UND_WOHNSCHUTZBRIEF",
              "jahresNetto": 1.56,
              "bruttopreisFuerZahlweise": 1.81
            }
          ],
          "treuebonus": 25,
          "linienBruttopreis": 77.08,
          "gesamtBruttopreisFuerZahlweise": 77.08,
          "gesamtBruttopreisJaehrlich": 77.08
        },
        {
          "zahlweise": "HALBJAEHRLICH",
          "selbstbeteiligung": "SELBSTBETEILIGUNG_0000",
          "laufzeit": "DREI_JAHRE",
          "zaehlstuecke": 3,
          "bausteinPreise": [
            {
              "taasTarifrisikoschluessel": "FELS",
              "jahresNetto": 64.8,
              "bruttopreisFuerZahlweise": 37.63
            },
            {
              "taasTarifrisikoschluessel": "HAUS_UND_WOHNSCHUTZBRIEF",
              "jahresNetto": 1.56,
              "bruttopreisFuerZahlweise": 0.91
            }
          ],
          "treuebonus": 25,
          "linienBruttopreis": 38.54,
          "gesamtBruttopreisFuerZahlweise": 38.54,
          "gesamtBruttopreisJaehrlich": 77.08
        },
        {
          "zahlweise": "VIERTELJAEHRLICH",
          "selbstbeteiligung": "SELBSTBETEILIGUNG_0000",
          "laufzeit": "DREI_JAHRE",
          "zaehlstuecke": 3,
          "bausteinPreise": [
            {
              "taasTarifrisikoschluessel": "FELS",
              "jahresNetto": 64.8,
              "bruttopreisFuerZahlweise": 18.82
            },
            {
              "taasTarifrisikoschluessel": "HAUS_UND_WOHNSCHUTZBRIEF",
              "jahresNetto": 1.56,
              "bruttopreisFuerZahlweise": 0.45
            }
          ],
          "treuebonus": 25,
          "linienBruttopreis": 19.27,
          "gesamtBruttopreisFuerZahlweise": 19.27,
          "gesamtBruttopreisJaehrlich": 77.08
        },
        {
          "zahlweise": "MONATLICH",
          "selbstbeteiligung": "SELBSTBETEILIGUNG_0000",
          "laufzeit": "DREI_JAHRE",
          "zaehlstuecke": 3,
          "bausteinPreise": [
            {
              "taasTarifrisikoschluessel": "FELS",
              "jahresNetto": 64.8,
              "bruttopreisFuerZahlweise": 6.27
            },
            {
              "taasTarifrisikoschluessel": "HAUS_UND_WOHNSCHUTZBRIEF",
              "jahresNetto": 1.56,
              "bruttopreisFuerZahlweise": 0.15
            }
          ],
          "treuebonus": 25,
          "linienBruttopreis": 6.42,
          "gesamtBruttopreisFuerZahlweise": 6.42,
          "gesamtBruttopreisJaehrlich": 77.08
        },
        {
          "zahlweise": "JAEHRLICH",
          "selbstbeteiligung": "SELBSTBETEILIGUNG_0000",
          "laufzeit": "EIN_JAHR",
          "zaehlstuecke": 4,
          "bausteinPreise": [
            {
              "taasTarifrisikoschluessel": "FELS",
              "jahresNetto": 72,
              "bruttopreisFuerZahlweise": 83.63
            },
            {
              "taasTarifrisikoschluessel": "HAUS_UND_WOHNSCHUTZBRIEF",
              "jahresNetto": 1.68,
              "bruttopreisFuerZahlweise": 1.95
            }
          ],
          "treuebonus": 0,
          "linienBruttopreis": 85.58,
          "gesamtBruttopreisFuerZahlweise": 85.58,
          "gesamtBruttopreisJaehrlich": 85.58
        },
        {
          "zahlweise": "HALBJAEHRLICH",
          "selbstbeteiligung": "SELBSTBETEILIGUNG_0000",
          "laufzeit": "EIN_JAHR",
          "zaehlstuecke": 4,
          "bausteinPreise": [
            {
              "taasTarifrisikoschluessel": "FELS",
              "jahresNetto": 74.04,
              "bruttopreisFuerZahlweise": 43.00
            },
            {
              "taasTarifrisikoschluessel": "HAUS_UND_WOHNSCHUTZBRIEF",
              "jahresNetto": 1.68,
              "bruttopreisFuerZahlweise": 0.98
            }
          ],
          "treuebonus": 0,
          "linienBruttopreis": 43.97,
          "gesamtBruttopreisFuerZahlweise": 43.97,
          "gesamtBruttopreisJaehrlich": 87.95
        },
        {
          "zahlweise": "VIERTELJAEHRLICH",
          "selbstbeteiligung": "SELBSTBETEILIGUNG_0000",
          "laufzeit": "EIN_JAHR",
          "zaehlstuecke": 4,
          "bausteinPreise": [
            {
              "taasTarifrisikoschluessel": "FELS",
              "jahresNetto": 75.48,
              "bruttopreisFuerZahlweise": 21.92
            },
            {
              "taasTarifrisikoschluessel": "HAUS_UND_WOHNSCHUTZBRIEF",
              "jahresNetto": 1.8,
              "bruttopreisFuerZahlweise": 0.52
            }
          ],
          "treuebonus": 0,
          "linienBruttopreis": 22.44,
          "gesamtBruttopreisFuerZahlweise": 22.44,
          "gesamtBruttopreisJaehrlich": 89.76
        },
        {
          "zahlweise": "MONATLICH",
          "selbstbeteiligung": "SELBSTBETEILIGUNG_0000",
          "laufzeit": "EIN_JAHR",
          "zaehlstuecke": 4,
          "bausteinPreise": [
            {
              "taasTarifrisikoschluessel": "FELS",
              "jahresNetto": 76.2,
              "bruttopreisFuerZahlweise": 7.38
            },
            {
              "taasTarifrisikoschluessel": "HAUS_UND_WOHNSCHUTZBRIEF",
              "jahresNetto": 1.8,
              "bruttopreisFuerZahlweise": 0.17
            }
          ],
          "treuebonus": 0,
          "linienBruttopreis": 7.55,
          "gesamtBruttopreisFuerZahlweise": 7.55,
          "gesamtBruttopreisJaehrlich": 90.60
        },
        {
          "zahlweise": "JAEHRLICH",
          "selbstbeteiligung": "SELBSTBETEILIGUNG_0000",
          "laufzeit": "DREI_JAHRE",
          "zaehlstuecke": 4,
          "bausteinPreise": [
            {
              "taasTarifrisikoschluessel": "FELS",
              "jahresNetto": 61.2,
              "bruttopreisFuerZahlweise": 71.08
            },
            {
              "taasTarifrisikoschluessel": "HAUS_UND_WOHNSCHUTZBRIEF",
              "jahresNetto": 1.44,
              "bruttopreisFuerZahlweise": 1.67
            }
          ],
          "treuebonus": 25,
          "linienBruttopreis": 72.76,
          "gesamtBruttopreisFuerZahlweise": 72.76,
          "gesamtBruttopreisJaehrlich": 72.76
        },
        {
          "zahlweise": "HALBJAEHRLICH",
          "selbstbeteiligung": "SELBSTBETEILIGUNG_0000",
          "laufzeit": "DREI_JAHRE",
          "zaehlstuecke": 4,
          "bausteinPreise": [
            {
              "taasTarifrisikoschluessel": "FELS",
              "jahresNetto": 61.2,
              "bruttopreisFuerZahlweise": 35.54
            },
            {
              "taasTarifrisikoschluessel": "HAUS_UND_WOHNSCHUTZBRIEF",
              "jahresNetto": 1.44,
              "bruttopreisFuerZahlweise": 0.84
            }
          ],
          "treuebonus": 25,
          "linienBruttopreis": 36.38,
          "gesamtBruttopreisFuerZahlweise": 36.38,
          "gesamtBruttopreisJaehrlich": 72.76
        },
        {
          "zahlweise": "VIERTELJAEHRLICH",
          "selbstbeteiligung": "SELBSTBETEILIGUNG_0000",
          "laufzeit": "DREI_JAHRE",
          "zaehlstuecke": 4,
          "bausteinPreise": [
            {
              "taasTarifrisikoschluessel": "FELS",
              "jahresNetto": 61.2,
              "bruttopreisFuerZahlweise": 17.77
            },
            {
              "taasTarifrisikoschluessel": "HAUS_UND_WOHNSCHUTZBRIEF",
              "jahresNetto": 1.44,
              "bruttopreisFuerZahlweise": 0.42
            }
          ],
          "treuebonus": 25,
          "linienBruttopreis": 18.19,
          "gesamtBruttopreisFuerZahlweise": 18.19,
          "gesamtBruttopreisJaehrlich": 72.76
        },
        {
          "zahlweise": "MONATLICH",
          "selbstbeteiligung": "SELBSTBETEILIGUNG_0000",
          "laufzeit": "DREI_JAHRE",
          "zaehlstuecke": 4,
          "bausteinPreise": [
            {
              "taasTarifrisikoschluessel": "FELS",
              "jahresNetto": 61.2,
              "bruttopreisFuerZahlweise": 5.92
            },
            {
              "taasTarifrisikoschluessel": "HAUS_UND_WOHNSCHUTZBRIEF",
              "jahresNetto": 1.44,
              "bruttopreisFuerZahlweise": 0.14
            }
          ],
          "treuebonus": 25,
          "linienBruttopreis": 6.06,
          "gesamtBruttopreisFuerZahlweise": 6.06,
          "gesamtBruttopreisJaehrlich": 72.76
        },
        {
          "zahlweise": "JAEHRLICH",
          "selbstbeteiligung": "SELBSTBETEILIGUNG_0000",
          "laufzeit": "EIN_JAHR",
          "zaehlstuecke": 5,
          "bausteinPreise": [
            {
              "taasTarifrisikoschluessel": "FELS",
              "jahresNetto": 72,
              "bruttopreisFuerZahlweise": 83.63
            },
            {
              "taasTarifrisikoschluessel": "HAUS_UND_WOHNSCHUTZBRIEF",
              "jahresNetto": 1.68,
              "bruttopreisFuerZahlweise": 1.95
            }
          ],
          "treuebonus": 0,
          "linienBruttopreis": 85.58,
          "gesamtBruttopreisFuerZahlweise": 85.58,
          "gesamtBruttopreisJaehrlich": 85.58
        },
        {
          "zahlweise": "HALBJAEHRLICH",
          "selbstbeteiligung": "SELBSTBETEILIGUNG_0000",
          "laufzeit": "EIN_JAHR",
          "zaehlstuecke": 5,
          "bausteinPreise": [
            {
              "taasTarifrisikoschluessel": "FELS",
              "jahresNetto": 74.04,
              "bruttopreisFuerZahlweise": 43.00
            },
            {
              "taasTarifrisikoschluessel": "HAUS_UND_WOHNSCHUTZBRIEF",
              "jahresNetto": 1.68,
              "bruttopreisFuerZahlweise": 0.98
            }
          ],
          "treuebonus": 0,
          "linienBruttopreis": 43.97,
          "gesamtBruttopreisFuerZahlweise": 43.97,
          "gesamtBruttopreisJaehrlich": 87.95
        },
        {
          "zahlweise": "VIERTELJAEHRLICH",
          "selbstbeteiligung": "SELBSTBETEILIGUNG_0000",
          "laufzeit": "EIN_JAHR",
          "zaehlstuecke": 5,
          "bausteinPreise": [
            {
              "taasTarifrisikoschluessel": "FELS",
              "jahresNetto": 75.48,
              "bruttopreisFuerZahlweise": 21.92
            },
            {
              "taasTarifrisikoschluessel": "HAUS_UND_WOHNSCHUTZBRIEF",
              "jahresNetto": 1.8,
              "bruttopreisFuerZahlweise": 0.52
            }
          ],
          "treuebonus": 0,
          "linienBruttopreis": 22.44,
          "gesamtBruttopreisFuerZahlweise": 22.44,
          "gesamtBruttopreisJaehrlich": 89.76
        },
        {
          "zahlweise": "MONATLICH",
          "selbstbeteiligung": "SELBSTBETEILIGUNG_0000",
          "laufzeit": "EIN_JAHR",
          "zaehlstuecke": 5,
          "bausteinPreise": [
            {
              "taasTarifrisikoschluessel": "FELS",
              "jahresNetto": 76.2,
              "bruttopreisFuerZahlweise": 7.38
            },
            {
              "taasTarifrisikoschluessel": "HAUS_UND_WOHNSCHUTZBRIEF",
              "jahresNetto": 1.8,
              "bruttopreisFuerZahlweise": 0.17
            }
          ],
          "treuebonus": 0,
          "linienBruttopreis": 7.55,
          "gesamtBruttopreisFuerZahlweise": 7.55,
          "gesamtBruttopreisJaehrlich": 90.60
        },
        {
          "zahlweise": "JAEHRLICH",
          "selbstbeteiligung": "SELBSTBETEILIGUNG_0000",
          "laufzeit": "DREI_JAHRE",
          "zaehlstuecke": 5,
          "bausteinPreise": [
            {
              "taasTarifrisikoschluessel": "FELS",
              "jahresNetto": 57.6,
              "bruttopreisFuerZahlweise": 66.90
            },
            {
              "taasTarifrisikoschluessel": "HAUS_UND_WOHNSCHUTZBRIEF",
              "jahresNetto": 1.32,
              "bruttopreisFuerZahlweise": 1.53
            }
          ],
          "treuebonus": 25,
          "linienBruttopreis": 68.44,
          "gesamtBruttopreisFuerZahlweise": 68.44,
          "gesamtBruttopreisJaehrlich": 68.44
        },
        {
          "zahlweise": "HALBJAEHRLICH",
          "selbstbeteiligung": "SELBSTBETEILIGUNG_0000",
          "laufzeit": "DREI_JAHRE",
          "zaehlstuecke": 5,
          "bausteinPreise": [
            {
              "taasTarifrisikoschluessel": "FELS",
              "jahresNetto": 57.6,
              "bruttopreisFuerZahlweise": 33.45
            },
            {
              "taasTarifrisikoschluessel": "HAUS_UND_WOHNSCHUTZBRIEF",
              "jahresNetto": 1.32,
              "bruttopreisFuerZahlweise": 0.77
            }
          ],
          "treuebonus": 25,
          "linienBruttopreis": 34.22,
          "gesamtBruttopreisFuerZahlweise": 34.22,
          "gesamtBruttopreisJaehrlich": 68.44
        },
        {
          "zahlweise": "VIERTELJAEHRLICH",
          "selbstbeteiligung": "SELBSTBETEILIGUNG_0000",
          "laufzeit": "DREI_JAHRE",
          "zaehlstuecke": 5,
          "bausteinPreise": [
            {
              "taasTarifrisikoschluessel": "FELS",
              "jahresNetto": 57.6,
              "bruttopreisFuerZahlweise": 16.73
            },
            {
              "taasTarifrisikoschluessel": "HAUS_UND_WOHNSCHUTZBRIEF",
              "jahresNetto": 1.32,
              "bruttopreisFuerZahlweise": 0.38
            }
          ],
          "treuebonus": 25,
          "linienBruttopreis": 17.11,
          "gesamtBruttopreisFuerZahlweise": 17.11,
          "gesamtBruttopreisJaehrlich": 68.44
        },
        {
          "zahlweise": "MONATLICH",
          "selbstbeteiligung": "SELBSTBETEILIGUNG_0000",
          "laufzeit": "DREI_JAHRE",
          "zaehlstuecke": 5,
          "bausteinPreise": [
            {
              "taasTarifrisikoschluessel": "FELS",
              "jahresNetto": 57.6,
              "bruttopreisFuerZahlweise": 5.58
            },
            {
              "taasTarifrisikoschluessel": "HAUS_UND_WOHNSCHUTZBRIEF",
              "jahresNetto": 1.32,
              "bruttopreisFuerZahlweise": 0.13
            }
          ],
          "treuebonus": 25,
          "linienBruttopreis": 5.70,
          "gesamtBruttopreisFuerZahlweise": 5.70,
          "gesamtBruttopreisJaehrlich": 68.44
        }
      ]
    }
  ],
  "gisDaten": {
    "konvergenz150": null,
    "konvergenz300": null,
    "steigung": null,
    "bodenversiegelung": null,
    "bewaldungsdichte": null,
    "bewaldungsart100": null,
    "bewaldungsart20": null,
    "hoehe": null,
    "flutzone": null,
    "landform": null,
    "senke": null,
    "bachzone": 0,
    "gebaeudeGrundflaeche": null,
    "starkregenzone": null,
    "zuersGefaehrdungsklasse": 1,
    "latitude": null,
    "longitude": null,
    "gleitenderNeuwert": null,
    "matchcode": null
  },
  "elementarSB": {
    "id": "1",
    "description": "<b>Vorteil bei Komfort und Premium:</b></br> Zusätzlich mitversichert sind Überschwemmungen von Terrassen, Balkonen, Flachdächern, Dachrinnen, Treppenabgängen und Lichtschächten. Beispiel: Eine Dachterrasse oder ein Balkon wird durch Starkregen überflutet und Wasser dringt in das Haus ein.</br> </br><b>Für diesen Baustein gilt eine Selbstbeteiligung je Schadenfall von maximal:</b> <ul><li>500 EUR für Überschwemmungsschäden</li><li>500 EUR für Rückstauschäden </li><li>3.000 EUR für Erdbebenschäden</li> </ul> </br> <b>Wartezeit:</b> </br>Für Schäden durch Ausuferung von oberirdischen Binnengewässern beginnt der Versicherungsschutz bei Neuabschluss einer Hausratversicherung erst 7 Tage nach dem vereinbarten Versicherungsbeginn. Die Wartezeit entfällt, sofern unmittelbar vor Versicherungsbeginn anderweitig bereits entsprechender Versicherungsschutz bestanden hat."
  },
  "taasStatus": {
    "fehlermeldung": "",
    "returnCodeTaas": "KEIN_FEHLER",
    "fehlerCode": "000000"
  },
  "deltafaktoren": null,
  "gegenstaende": null,
  "vorvertraegeVorschaeden": null
}
