{
  "produktlinien": [
    {
      "salesProductName": "KOMFORT",
      "rbdMax": null,
      "preisverzeichnis": 8,
      "salesProduktVariants": [
        {
          "zahlweise": "JAEHRLICH",
          "selbstbeteiligung": "SELBSTBETEILIGUNG_0500",
          "laufzeit": "EIN_JAHR",
          "zaehlstuecke": 0,
          "bausteinPreise": [
            {
              "taasTarifrisikoschluessel": "FAHRRAD",
              "jahresNetto": 35.28,
              "bruttopreisFuerZahlweise": 40.98
            },
            {
              "taasTarifrisikoschluessel": "FELS",
              "jahresNetto": 61.8,
              "bruttopreisFuerZahlweise": 71.78
            },
            {
              "taasTarifrisikoschluessel": "HAUS_UND_WOHNSCHUTZBRIEF",
              "jahresNetto": 1.68,
              "bruttopreisFuerZahlweise": 1.95
            }
          ],
          "treuebonus": 0,
          "linienBruttopreis": 73.73,
          "gesamtBruttopreisFuerZahlweise": 114.71,
          "gesamtBruttopreisJaehrlich": 114.71
        },
        {
          "zahlweise": "HALBJAEHRLICH",
          "selbstbeteiligung": "SELBSTBETEILIGUNG_0500",
          "laufzeit": "EIN_JAHR",
          "zaehlstuecke": 0,
          "bausteinPreise": [
            {
              "taasTarifrisikoschluessel": "FAHRRAD",
              "jahresNetto": 36.36,
              "bruttopreisFuerZahlweise": 21.12
            },
            {
              "taasTarifrisikoschluessel": "FELS",
              "jahresNetto": 63.6,
              "bruttopreisFuerZahlweise": 36.94
            },
            {
              "taasTarifrisikoschluessel": "HAUS_UND_WOHNSCHUTZBRIEF",
              "jahresNetto": 1.8,
              "bruttopreisFuerZahlweise": 1.05
            }
          ],
          "treuebonus": 0,
          "linienBruttopreis": 37.98,
          "gesamtBruttopreisFuerZahlweise": 59.1,
          "gesamtBruttopreisJaehrlich": 118.19
        },
        {
          "zahlweise": "VIERTELJAEHRLICH",
          "selbstbeteiligung": "SELBSTBETEILIGUNG_0500",
          "laufzeit": "EIN_JAHR",
          "zaehlstuecke": 0,
          "bausteinPreise": [
            {
              "taasTarifrisikoschluessel": "FAHRRAD",
              "jahresNetto": 37.08,
              "bruttopreisFuerZahlweise": 10.77
            },
            {
              "taasTarifrisikoschluessel": "FELS",
              "jahresNetto": 64.92,
              "bruttopreisFuerZahlweise": 18.85
            },
            {
              "taasTarifrisikoschluessel": "HAUS_UND_WOHNSCHUTZBRIEF",
              "jahresNetto": 1.8,
              "bruttopreisFuerZahlweise": 0.52
            }
          ],
          "treuebonus": 0,
          "linienBruttopreis": 19.37,
          "gesamtBruttopreisFuerZahlweise": 30.14,
          "gesamtBruttopreisJaehrlich": 120.56
        },
        {
          "zahlweise": "MONATLICH",
          "selbstbeteiligung": "SELBSTBETEILIGUNG_0500",
          "laufzeit": "EIN_JAHR",
          "zaehlstuecke": 0,
          "bausteinPreise": [
            {
              "taasTarifrisikoschluessel": "FAHRRAD",
              "jahresNetto": 37.44,
              "bruttopreisFuerZahlweise": 3.62
            },
            {
              "taasTarifrisikoschluessel": "FELS",
              "jahresNetto": 65.52,
              "bruttopreisFuerZahlweise": 6.34
            },
            {
              "taasTarifrisikoschluessel": "HAUS_UND_WOHNSCHUTZBRIEF",
              "jahresNetto": 1.8,
              "bruttopreisFuerZahlweise": 0.17
            }
          ],
          "treuebonus": 0,
          "linienBruttopreis": 6.52,
          "gesamtBruttopreisFuerZahlweise": 10.14,
          "gesamtBruttopreisJaehrlich": 121.68
        },
        {
          "zahlweise": "JAEHRLICH",
          "selbstbeteiligung": "SELBSTBETEILIGUNG_0500",
          "laufzeit": "DREI_JAHRE",
          "zaehlstuecke": 0,
          "bausteinPreise": [
            {
              "taasTarifrisikoschluessel": "FAHRRAD",
              "jahresNetto": 35.28,
              "bruttopreisFuerZahlweise": 40.98
            },
            {
              "taasTarifrisikoschluessel": "FELS",
              "jahresNetto": 61.8,
              "bruttopreisFuerZahlweise": 71.78
            },
            {
              "taasTarifrisikoschluessel": "HAUS_UND_WOHNSCHUTZBRIEF",
              "jahresNetto": 1.68,
              "bruttopreisFuerZahlweise": 1.95
            }
          ],
          "treuebonus": 25,
          "linienBruttopreis": 73.73,
          "gesamtBruttopreisFuerZahlweise": 114.71,
          "gesamtBruttopreisJaehrlich": 114.71
        },
        {
          "zahlweise": "HALBJAEHRLICH",
          "selbstbeteiligung": "SELBSTBETEILIGUNG_0500",
          "laufzeit": "DREI_JAHRE",
          "zaehlstuecke": 0,
          "bausteinPreise": [
            {
              "taasTarifrisikoschluessel": "FAHRRAD",
              "jahresNetto": 35.28,
              "bruttopreisFuerZahlweise": 20.49
            },
            {
              "taasTarifrisikoschluessel": "FELS",
              "jahresNetto": 61.8,
              "bruttopreisFuerZahlweise": 35.89
            },
            {
              "taasTarifrisikoschluessel": "HAUS_UND_WOHNSCHUTZBRIEF",
              "jahresNetto": 1.68,
              "bruttopreisFuerZahlweise": 0.98
            }
          ],
          "treuebonus": 25,
          "linienBruttopreis": 36.87,
          "gesamtBruttopreisFuerZahlweise": 57.35,
          "gesamtBruttopreisJaehrlich": 114.71
        },
        {
          "zahlweise": "VIERTELJAEHRLICH",
          "selbstbeteiligung": "SELBSTBETEILIGUNG_0500",
          "laufzeit": "DREI_JAHRE",
          "zaehlstuecke": 0,
          "bausteinPreise": [
            {
              "taasTarifrisikoschluessel": "FAHRRAD",
              "jahresNetto": 35.28,
              "bruttopreisFuerZahlweise": 10.24
            },
            {
              "taasTarifrisikoschluessel": "FELS",
              "jahresNetto": 61.8,
              "bruttopreisFuerZahlweise": 17.95
            },
            {
              "taasTarifrisikoschluessel": "HAUS_UND_WOHNSCHUTZBRIEF",
              "jahresNetto": 1.68,
              "bruttopreisFuerZahlweise": 0.49
            }
          ],
          "treuebonus": 25,
          "linienBruttopreis": 18.43,
          "gesamtBruttopreisFuerZahlweise": 28.68,
          "gesamtBruttopreisJaehrlich": 114.71
        },
        {
          "zahlweise": "MONATLICH",
          "selbstbeteiligung": "SELBSTBETEILIGUNG_0500",
          "laufzeit": "DREI_JAHRE",
          "zaehlstuecke": 0,
          "bausteinPreise": [
            {
              "taasTarifrisikoschluessel": "FAHRRAD",
              "jahresNetto": 35.28,
              "bruttopreisFuerZahlweise": 3.41
            },
            {
              "taasTarifrisikoschluessel": "FELS",
              "jahresNetto": 61.8,
              "bruttopreisFuerZahlweise": 5.98
            },
            {
              "taasTarifrisikoschluessel": "HAUS_UND_WOHNSCHUTZBRIEF",
              "jahresNetto": 1.68,
              "bruttopreisFuerZahlweise": 0.16
            }
          ],
          "treuebonus": 25,
          "linienBruttopreis": 6.14,
          "gesamtBruttopreisFuerZahlweise": 9.56,
          "gesamtBruttopreisJaehrlich": 114.71
        },
        {
          "zahlweise": "JAEHRLICH",
          "selbstbeteiligung": "SELBSTBETEILIGUNG_0500",
          "laufzeit": "EIN_JAHR",
          "zaehlstuecke": 1,
          "bausteinPreise": [
            {
              "taasTarifrisikoschluessel": "FAHRRAD",
              "jahresNetto": 35.28,
              "bruttopreisFuerZahlweise": 40.98
            },
            {
              "taasTarifrisikoschluessel": "FELS",
              "jahresNetto": 61.8,
              "bruttopreisFuerZahlweise": 71.78
            },
            {
              "taasTarifrisikoschluessel": "HAUS_UND_WOHNSCHUTZBRIEF",
              "jahresNetto": 1.68,
              "bruttopreisFuerZahlweise": 1.95
            }
          ],
          "treuebonus": 0,
          "linienBruttopreis": 73.73,
          "gesamtBruttopreisFuerZahlweise": 114.71,
          "gesamtBruttopreisJaehrlich": 114.71
        },
        {
          "zahlweise": "HALBJAEHRLICH",
          "selbstbeteiligung": "SELBSTBETEILIGUNG_0500",
          "laufzeit": "EIN_JAHR",
          "zaehlstuecke": 1,
          "bausteinPreise": [
            {
              "taasTarifrisikoschluessel": "FAHRRAD",
              "jahresNetto": 36.36,
              "bruttopreisFuerZahlweise": 21.12
            },
            {
              "taasTarifrisikoschluessel": "FELS",
              "jahresNetto": 63.6,
              "bruttopreisFuerZahlweise": 36.94
            },
            {
              "taasTarifrisikoschluessel": "HAUS_UND_WOHNSCHUTZBRIEF",
              "jahresNetto": 1.8,
              "bruttopreisFuerZahlweise": 1.05
            }
          ],
          "treuebonus": 0,
          "linienBruttopreis": 37.98,
          "gesamtBruttopreisFuerZahlweise": 59.1,
          "gesamtBruttopreisJaehrlich": 118.19
        },
        {
          "zahlweise": "VIERTELJAEHRLICH",
          "selbstbeteiligung": "SELBSTBETEILIGUNG_0500",
          "laufzeit": "EIN_JAHR",
          "zaehlstuecke": 1,
          "bausteinPreise": [
            {
              "taasTarifrisikoschluessel": "FAHRRAD",
              "jahresNetto": 37.08,
              "bruttopreisFuerZahlweise": 10.77
            },
            {
              "taasTarifrisikoschluessel": "FELS",
              "jahresNetto": 64.92,
              "bruttopreisFuerZahlweise": 18.85
            },
            {
              "taasTarifrisikoschluessel": "HAUS_UND_WOHNSCHUTZBRIEF",
              "jahresNetto": 1.8,
              "bruttopreisFuerZahlweise": 0.52
            }
          ],
          "treuebonus": 0,
          "linienBruttopreis": 19.37,
          "gesamtBruttopreisFuerZahlweise": 30.14,
          "gesamtBruttopreisJaehrlich": 120.56
        },
        {
          "zahlweise": "MONATLICH",
          "selbstbeteiligung": "SELBSTBETEILIGUNG_0500",
          "laufzeit": "EIN_JAHR",
          "zaehlstuecke": 1,
          "bausteinPreise": [
            {
              "taasTarifrisikoschluessel": "FAHRRAD",
              "jahresNetto": 37.44,
              "bruttopreisFuerZahlweise": 3.62
            },
            {
              "taasTarifrisikoschluessel": "FELS",
              "jahresNetto": 65.52,
              "bruttopreisFuerZahlweise": 6.34
            },
            {
              "taasTarifrisikoschluessel": "HAUS_UND_WOHNSCHUTZBRIEF",
              "jahresNetto": 1.8,
              "bruttopreisFuerZahlweise": 0.17
            }
          ],
          "treuebonus": 0,
          "linienBruttopreis": 6.52,
          "gesamtBruttopreisFuerZahlweise": 10.14,
          "gesamtBruttopreisJaehrlich": 121.68
        },
        {
          "zahlweise": "JAEHRLICH",
          "selbstbeteiligung": "SELBSTBETEILIGUNG_0500",
          "laufzeit": "DREI_JAHRE",
          "zaehlstuecke": 1,
          "bausteinPreise": [
            {
              "taasTarifrisikoschluessel": "FAHRRAD",
              "jahresNetto": 35.28,
              "bruttopreisFuerZahlweise": 40.98
            },
            {
              "taasTarifrisikoschluessel": "FELS",
              "jahresNetto": 61.8,
              "bruttopreisFuerZahlweise": 71.78
            },
            {
              "taasTarifrisikoschluessel": "HAUS_UND_WOHNSCHUTZBRIEF",
              "jahresNetto": 1.68,
              "bruttopreisFuerZahlweise": 1.95
            }
          ],
          "treuebonus": 25,
          "linienBruttopreis": 73.73,
          "gesamtBruttopreisFuerZahlweise": 114.71,
          "gesamtBruttopreisJaehrlich": 114.71
        },
        {
          "zahlweise": "HALBJAEHRLICH",
          "selbstbeteiligung": "SELBSTBETEILIGUNG_0500",
          "laufzeit": "DREI_JAHRE",
          "zaehlstuecke": 1,
          "bausteinPreise": [
            {
              "taasTarifrisikoschluessel": "FAHRRAD",
              "jahresNetto": 35.28,
              "bruttopreisFuerZahlweise": 20.49
            },
            {
              "taasTarifrisikoschluessel": "FELS",
              "jahresNetto": 61.8,
              "bruttopreisFuerZahlweise": 35.89
            },
            {
              "taasTarifrisikoschluessel": "HAUS_UND_WOHNSCHUTZBRIEF",
              "jahresNetto": 1.68,
              "bruttopreisFuerZahlweise": 0.98
            }
          ],
          "treuebonus": 25,
          "linienBruttopreis": 36.87,
          "gesamtBruttopreisFuerZahlweise": 57.35,
          "gesamtBruttopreisJaehrlich": 114.71
        },
        {
          "zahlweise": "VIERTELJAEHRLICH",
          "selbstbeteiligung": "SELBSTBETEILIGUNG_0500",
          "laufzeit": "DREI_JAHRE",
          "zaehlstuecke": 1,
          "bausteinPreise": [
            {
              "taasTarifrisikoschluessel": "FAHRRAD",
              "jahresNetto": 35.28,
              "bruttopreisFuerZahlweise": 10.24
            },
            {
              "taasTarifrisikoschluessel": "FELS",
              "jahresNetto": 61.8,
              "bruttopreisFuerZahlweise": 17.95
            },
            {
              "taasTarifrisikoschluessel": "HAUS_UND_WOHNSCHUTZBRIEF",
              "jahresNetto": 1.68,
              "bruttopreisFuerZahlweise": 0.49
            }
          ],
          "treuebonus": 25,
          "linienBruttopreis": 18.43,
          "gesamtBruttopreisFuerZahlweise": 28.68,
          "gesamtBruttopreisJaehrlich": 114.71
        },
        {
          "zahlweise": "MONATLICH",
          "selbstbeteiligung": "SELBSTBETEILIGUNG_0500",
          "laufzeit": "DREI_JAHRE",
          "zaehlstuecke": 1,
          "bausteinPreise": [
            {
              "taasTarifrisikoschluessel": "FAHRRAD",
              "jahresNetto": 35.28,
              "bruttopreisFuerZahlweise": 3.41
            },
            {
              "taasTarifrisikoschluessel": "FELS",
              "jahresNetto": 61.8,
              "bruttopreisFuerZahlweise": 5.98
            },
            {
              "taasTarifrisikoschluessel": "HAUS_UND_WOHNSCHUTZBRIEF",
              "jahresNetto": 1.68,
              "bruttopreisFuerZahlweise": 0.16
            }
          ],
          "treuebonus": 25,
          "linienBruttopreis": 6.14,
          "gesamtBruttopreisFuerZahlweise": 9.56,
          "gesamtBruttopreisJaehrlich": 114.71
        },
        {
          "zahlweise": "JAEHRLICH",
          "selbstbeteiligung": "SELBSTBETEILIGUNG_0500",
          "laufzeit": "EIN_JAHR",
          "zaehlstuecke": 2,
          "bausteinPreise": [
            {
              "taasTarifrisikoschluessel": "FAHRRAD",
              "jahresNetto": 35.28,
              "bruttopreisFuerZahlweise": 40.98
            },
            {
              "taasTarifrisikoschluessel": "FELS",
              "jahresNetto": 61.8,
              "bruttopreisFuerZahlweise": 71.78
            },
            {
              "taasTarifrisikoschluessel": "HAUS_UND_WOHNSCHUTZBRIEF",
              "jahresNetto": 1.68,
              "bruttopreisFuerZahlweise": 1.95
            }
          ],
          "treuebonus": 0,
          "linienBruttopreis": 73.73,
          "gesamtBruttopreisFuerZahlweise": 114.71,
          "gesamtBruttopreisJaehrlich": 114.71
        },
        {
          "zahlweise": "HALBJAEHRLICH",
          "selbstbeteiligung": "SELBSTBETEILIGUNG_0500",
          "laufzeit": "EIN_JAHR",
          "zaehlstuecke": 2,
          "bausteinPreise": [
            {
              "taasTarifrisikoschluessel": "FAHRRAD",
              "jahresNetto": 36.36,
              "bruttopreisFuerZahlweise": 21.12
            },
            {
              "taasTarifrisikoschluessel": "FELS",
              "jahresNetto": 63.6,
              "bruttopreisFuerZahlweise": 36.94
            },
            {
              "taasTarifrisikoschluessel": "HAUS_UND_WOHNSCHUTZBRIEF",
              "jahresNetto": 1.8,
              "bruttopreisFuerZahlweise": 1.05
            }
          ],
          "treuebonus": 0,
          "linienBruttopreis": 37.98,
          "gesamtBruttopreisFuerZahlweise": 59.1,
          "gesamtBruttopreisJaehrlich": 118.19
        },
        {
          "zahlweise": "VIERTELJAEHRLICH",
          "selbstbeteiligung": "SELBSTBETEILIGUNG_0500",
          "laufzeit": "EIN_JAHR",
          "zaehlstuecke": 2,
          "bausteinPreise": [
            {
              "taasTarifrisikoschluessel": "FAHRRAD",
              "jahresNetto": 37.08,
              "bruttopreisFuerZahlweise": 10.77
            },
            {
              "taasTarifrisikoschluessel": "FELS",
              "jahresNetto": 64.92,
              "bruttopreisFuerZahlweise": 18.85
            },
            {
              "taasTarifrisikoschluessel": "HAUS_UND_WOHNSCHUTZBRIEF",
              "jahresNetto": 1.8,
              "bruttopreisFuerZahlweise": 0.52
            }
          ],
          "treuebonus": 0,
          "linienBruttopreis": 19.37,
          "gesamtBruttopreisFuerZahlweise": 30.14,
          "gesamtBruttopreisJaehrlich": 120.56
        },
        {
          "zahlweise": "MONATLICH",
          "selbstbeteiligung": "SELBSTBETEILIGUNG_0500",
          "laufzeit": "EIN_JAHR",
          "zaehlstuecke": 2,
          "bausteinPreise": [
            {
              "taasTarifrisikoschluessel": "FAHRRAD",
              "jahresNetto": 37.44,
              "bruttopreisFuerZahlweise": 3.62
            },
            {
              "taasTarifrisikoschluessel": "FELS",
              "jahresNetto": 65.52,
              "bruttopreisFuerZahlweise": 6.34
            },
            {
              "taasTarifrisikoschluessel": "HAUS_UND_WOHNSCHUTZBRIEF",
              "jahresNetto": 1.8,
              "bruttopreisFuerZahlweise": 0.17
            }
          ],
          "treuebonus": 0,
          "linienBruttopreis": 6.52,
          "gesamtBruttopreisFuerZahlweise": 10.14,
          "gesamtBruttopreisJaehrlich": 121.68
        },
        {
          "zahlweise": "JAEHRLICH",
          "selbstbeteiligung": "SELBSTBETEILIGUNG_0500",
          "laufzeit": "DREI_JAHRE",
          "zaehlstuecke": 2,
          "bausteinPreise": [
            {
              "taasTarifrisikoschluessel": "FAHRRAD",
              "jahresNetto": 33.6,
              "bruttopreisFuerZahlweise": 39.03
            },
            {
              "taasTarifrisikoschluessel": "FELS",
              "jahresNetto": 58.68,
              "bruttopreisFuerZahlweise": 68.16
            },
            {
              "taasTarifrisikoschluessel": "HAUS_UND_WOHNSCHUTZBRIEF",
              "jahresNetto": 1.68,
              "bruttopreisFuerZahlweise": 1.95
            }
          ],
          "treuebonus": 25,
          "linienBruttopreis": 70.11,
          "gesamtBruttopreisFuerZahlweise": 109.13,
          "gesamtBruttopreisJaehrlich": 109.13
        },
        {
          "zahlweise": "HALBJAEHRLICH",
          "selbstbeteiligung": "SELBSTBETEILIGUNG_0500",
          "laufzeit": "DREI_JAHRE",
          "zaehlstuecke": 2,
          "bausteinPreise": [
            {
              "taasTarifrisikoschluessel": "FAHRRAD",
              "jahresNetto": 33.6,
              "bruttopreisFuerZahlweise": 19.51
            },
            {
              "taasTarifrisikoschluessel": "FELS",
              "jahresNetto": 58.68,
              "bruttopreisFuerZahlweise": 34.08
            },
            {
              "taasTarifrisikoschluessel": "HAUS_UND_WOHNSCHUTZBRIEF",
              "jahresNetto": 1.68,
              "bruttopreisFuerZahlweise": 0.98
            }
          ],
          "treuebonus": 25,
          "linienBruttopreis": 35.05,
          "gesamtBruttopreisFuerZahlweise": 54.57,
          "gesamtBruttopreisJaehrlich": 109.13
        },
        {
          "zahlweise": "VIERTELJAEHRLICH",
          "selbstbeteiligung": "SELBSTBETEILIGUNG_0500",
          "laufzeit": "DREI_JAHRE",
          "zaehlstuecke": 2,
          "bausteinPreise": [
            {
              "taasTarifrisikoschluessel": "FAHRRAD",
              "jahresNetto": 33.6,
              "bruttopreisFuerZahlweise": 9.76
            },
            {
              "taasTarifrisikoschluessel": "FELS",
              "jahresNetto": 58.68,
              "bruttopreisFuerZahlweise": 17.04
            },
            {
              "taasTarifrisikoschluessel": "HAUS_UND_WOHNSCHUTZBRIEF",
              "jahresNetto": 1.68,
              "bruttopreisFuerZahlweise": 0.49
            }
          ],
          "treuebonus": 25,
          "linienBruttopreis": 17.53,
          "gesamtBruttopreisFuerZahlweise": 27.28,
          "gesamtBruttopreisJaehrlich": 109.13
        },
        {
          "zahlweise": "MONATLICH",
          "selbstbeteiligung": "SELBSTBETEILIGUNG_0500",
          "laufzeit": "DREI_JAHRE",
          "zaehlstuecke": 2,
          "bausteinPreise": [
            {
              "taasTarifrisikoschluessel": "FAHRRAD",
              "jahresNetto": 33.6,
              "bruttopreisFuerZahlweise": 3.25
            },
            {
              "taasTarifrisikoschluessel": "FELS",
              "jahresNetto": 58.68,
              "bruttopreisFuerZahlweise": 5.68
            },
            {
              "taasTarifrisikoschluessel": "HAUS_UND_WOHNSCHUTZBRIEF",
              "jahresNetto": 1.68,
              "bruttopreisFuerZahlweise": 0.16
            }
          ],
          "treuebonus": 25,
          "linienBruttopreis": 5.84,
          "gesamtBruttopreisFuerZahlweise": 9.09,
          "gesamtBruttopreisJaehrlich": 109.13
        },
        {
          "zahlweise": "JAEHRLICH",
          "selbstbeteiligung": "SELBSTBETEILIGUNG_0500",
          "laufzeit": "EIN_JAHR",
          "zaehlstuecke": 3,
          "bausteinPreise": [
            {
              "taasTarifrisikoschluessel": "FAHRRAD",
              "jahresNetto": 35.28,
              "bruttopreisFuerZahlweise": 40.98
            },
            {
              "taasTarifrisikoschluessel": "FELS",
              "jahresNetto": 61.8,
              "bruttopreisFuerZahlweise": 71.78
            },
            {
              "taasTarifrisikoschluessel": "HAUS_UND_WOHNSCHUTZBRIEF",
              "jahresNetto": 1.68,
              "bruttopreisFuerZahlweise": 1.95
            }
          ],
          "treuebonus": 0,
          "linienBruttopreis": 73.73,
          "gesamtBruttopreisFuerZahlweise": 114.71,
          "gesamtBruttopreisJaehrlich": 114.71
        },
        {
          "zahlweise": "HALBJAEHRLICH",
          "selbstbeteiligung": "SELBSTBETEILIGUNG_0500",
          "laufzeit": "EIN_JAHR",
          "zaehlstuecke": 3,
          "bausteinPreise": [
            {
              "taasTarifrisikoschluessel": "FAHRRAD",
              "jahresNetto": 36.36,
              "bruttopreisFuerZahlweise": 21.12
            },
            {
              "taasTarifrisikoschluessel": "FELS",
              "jahresNetto": 63.6,
              "bruttopreisFuerZahlweise": 36.94
            },
            {
              "taasTarifrisikoschluessel": "HAUS_UND_WOHNSCHUTZBRIEF",
              "jahresNetto": 1.8,
              "bruttopreisFuerZahlweise": 1.05
            }
          ],
          "treuebonus": 0,
          "linienBruttopreis": 37.98,
          "gesamtBruttopreisFuerZahlweise": 59.1,
          "gesamtBruttopreisJaehrlich": 118.19
        },
        {
          "zahlweise": "VIERTELJAEHRLICH",
          "selbstbeteiligung": "SELBSTBETEILIGUNG_0500",
          "laufzeit": "EIN_JAHR",
          "zaehlstuecke": 3,
          "bausteinPreise": [
            {
              "taasTarifrisikoschluessel": "FAHRRAD",
              "jahresNetto": 37.08,
              "bruttopreisFuerZahlweise": 10.77
            },
            {
              "taasTarifrisikoschluessel": "FELS",
              "jahresNetto": 64.92,
              "bruttopreisFuerZahlweise": 18.85
            },
            {
              "taasTarifrisikoschluessel": "HAUS_UND_WOHNSCHUTZBRIEF",
              "jahresNetto": 1.8,
              "bruttopreisFuerZahlweise": 0.52
            }
          ],
          "treuebonus": 0,
          "linienBruttopreis": 19.37,
          "gesamtBruttopreisFuerZahlweise": 30.14,
          "gesamtBruttopreisJaehrlich": 120.56
        },
        {
          "zahlweise": "MONATLICH",
          "selbstbeteiligung": "SELBSTBETEILIGUNG_0500",
          "laufzeit": "EIN_JAHR",
          "zaehlstuecke": 3,
          "bausteinPreise": [
            {
              "taasTarifrisikoschluessel": "FAHRRAD",
              "jahresNetto": 37.44,
              "bruttopreisFuerZahlweise": 3.62
            },
            {
              "taasTarifrisikoschluessel": "FELS",
              "jahresNetto": 65.52,
              "bruttopreisFuerZahlweise": 6.34
            },
            {
              "taasTarifrisikoschluessel": "HAUS_UND_WOHNSCHUTZBRIEF",
              "jahresNetto": 1.8,
              "bruttopreisFuerZahlweise": 0.17
            }
          ],
          "treuebonus": 0,
          "linienBruttopreis": 6.52,
          "gesamtBruttopreisFuerZahlweise": 10.14,
          "gesamtBruttopreisJaehrlich": 121.68
        },
        {
          "zahlweise": "JAEHRLICH",
          "selbstbeteiligung": "SELBSTBETEILIGUNG_0500",
          "laufzeit": "DREI_JAHRE",
          "zaehlstuecke": 3,
          "bausteinPreise": [
            {
              "taasTarifrisikoschluessel": "FAHRRAD",
              "jahresNetto": 31.8,
              "bruttopreisFuerZahlweise": 36.94
            },
            {
              "taasTarifrisikoschluessel": "FELS",
              "jahresNetto": 55.68,
              "bruttopreisFuerZahlweise": 64.67
            },
            {
              "taasTarifrisikoschluessel": "HAUS_UND_WOHNSCHUTZBRIEF",
              "jahresNetto": 1.56,
              "bruttopreisFuerZahlweise": 1.81
            }
          ],
          "treuebonus": 25,
          "linienBruttopreis": 66.48,
          "gesamtBruttopreisFuerZahlweise": 103.42,
          "gesamtBruttopreisJaehrlich": 103.42
        },
        {
          "zahlweise": "HALBJAEHRLICH",
          "selbstbeteiligung": "SELBSTBETEILIGUNG_0500",
          "laufzeit": "DREI_JAHRE",
          "zaehlstuecke": 3,
          "bausteinPreise": [
            {
              "taasTarifrisikoschluessel": "FAHRRAD",
              "jahresNetto": 31.8,
              "bruttopreisFuerZahlweise": 18.47
            },
            {
              "taasTarifrisikoschluessel": "FELS",
              "jahresNetto": 55.68,
              "bruttopreisFuerZahlweise": 32.34
            },
            {
              "taasTarifrisikoschluessel": "HAUS_UND_WOHNSCHUTZBRIEF",
              "jahresNetto": 1.56,
              "bruttopreisFuerZahlweise": 0.91
            }
          ],
          "treuebonus": 25,
          "linienBruttopreis": 33.24,
          "gesamtBruttopreisFuerZahlweise": 51.71,
          "gesamtBruttopreisJaehrlich": 103.42
        },
        {
          "zahlweise": "VIERTELJAEHRLICH",
          "selbstbeteiligung": "SELBSTBETEILIGUNG_0500",
          "laufzeit": "DREI_JAHRE",
          "zaehlstuecke": 3,
          "bausteinPreise": [
            {
              "taasTarifrisikoschluessel": "FAHRRAD",
              "jahresNetto": 31.8,
              "bruttopreisFuerZahlweise": 9.23
            },
            {
              "taasTarifrisikoschluessel": "FELS",
              "jahresNetto": 55.68,
              "bruttopreisFuerZahlweise": 16.17
            },
            {
              "taasTarifrisikoschluessel": "HAUS_UND_WOHNSCHUTZBRIEF",
              "jahresNetto": 1.56,
              "bruttopreisFuerZahlweise": 0.45
            }
          ],
          "treuebonus": 25,
          "linienBruttopreis": 16.62,
          "gesamtBruttopreisFuerZahlweise": 25.85,
          "gesamtBruttopreisJaehrlich": 103.42
        },
        {
          "zahlweise": "MONATLICH",
          "selbstbeteiligung": "SELBSTBETEILIGUNG_0500",
          "laufzeit": "DREI_JAHRE",
          "zaehlstuecke": 3,
          "bausteinPreise": [
            {
              "taasTarifrisikoschluessel": "FAHRRAD",
              "jahresNetto": 31.8,
              "bruttopreisFuerZahlweise": 3.08
            },
            {
              "taasTarifrisikoschluessel": "FELS",
              "jahresNetto": 55.68,
              "bruttopreisFuerZahlweise": 5.39
            },
            {
              "taasTarifrisikoschluessel": "HAUS_UND_WOHNSCHUTZBRIEF",
              "jahresNetto": 1.56,
              "bruttopreisFuerZahlweise": 0.15
            }
          ],
          "treuebonus": 25,
          "linienBruttopreis": 5.54,
          "gesamtBruttopreisFuerZahlweise": 8.62,
          "gesamtBruttopreisJaehrlich": 103.42
        },
        {
          "zahlweise": "JAEHRLICH",
          "selbstbeteiligung": "SELBSTBETEILIGUNG_0500",
          "laufzeit": "EIN_JAHR",
          "zaehlstuecke": 4,
          "bausteinPreise": [
            {
              "taasTarifrisikoschluessel": "FAHRRAD",
              "jahresNetto": 35.28,
              "bruttopreisFuerZahlweise": 40.98
            },
            {
              "taasTarifrisikoschluessel": "FELS",
              "jahresNetto": 61.8,
              "bruttopreisFuerZahlweise": 71.78
            },
            {
              "taasTarifrisikoschluessel": "HAUS_UND_WOHNSCHUTZBRIEF",
              "jahresNetto": 1.68,
              "bruttopreisFuerZahlweise": 1.95
            }
          ],
          "treuebonus": 0,
          "linienBruttopreis": 73.73,
          "gesamtBruttopreisFuerZahlweise": 114.71,
          "gesamtBruttopreisJaehrlich": 114.71
        },
        {
          "zahlweise": "HALBJAEHRLICH",
          "selbstbeteiligung": "SELBSTBETEILIGUNG_0500",
          "laufzeit": "EIN_JAHR",
          "zaehlstuecke": 4,
          "bausteinPreise": [
            {
              "taasTarifrisikoschluessel": "FAHRRAD",
              "jahresNetto": 36.36,
              "bruttopreisFuerZahlweise": 21.12
            },
            {
              "taasTarifrisikoschluessel": "FELS",
              "jahresNetto": 63.6,
              "bruttopreisFuerZahlweise": 36.94
            },
            {
              "taasTarifrisikoschluessel": "HAUS_UND_WOHNSCHUTZBRIEF",
              "jahresNetto": 1.8,
              "bruttopreisFuerZahlweise": 1.05
            }
          ],
          "treuebonus": 0,
          "linienBruttopreis": 37.98,
          "gesamtBruttopreisFuerZahlweise": 59.1,
          "gesamtBruttopreisJaehrlich": 118.19
        },
        {
          "zahlweise": "VIERTELJAEHRLICH",
          "selbstbeteiligung": "SELBSTBETEILIGUNG_0500",
          "laufzeit": "EIN_JAHR",
          "zaehlstuecke": 4,
          "bausteinPreise": [
            {
              "taasTarifrisikoschluessel": "FAHRRAD",
              "jahresNetto": 37.08,
              "bruttopreisFuerZahlweise": 10.77
            },
            {
              "taasTarifrisikoschluessel": "FELS",
              "jahresNetto": 64.92,
              "bruttopreisFuerZahlweise": 18.85
            },
            {
              "taasTarifrisikoschluessel": "HAUS_UND_WOHNSCHUTZBRIEF",
              "jahresNetto": 1.8,
              "bruttopreisFuerZahlweise": 0.52
            }
          ],
          "treuebonus": 0,
          "linienBruttopreis": 19.37,
          "gesamtBruttopreisFuerZahlweise": 30.14,
          "gesamtBruttopreisJaehrlich": 120.56
        },
        {
          "zahlweise": "MONATLICH",
          "selbstbeteiligung": "SELBSTBETEILIGUNG_0500",
          "laufzeit": "EIN_JAHR",
          "zaehlstuecke": 4,
          "bausteinPreise": [
            {
              "taasTarifrisikoschluessel": "FAHRRAD",
              "jahresNetto": 37.44,
              "bruttopreisFuerZahlweise": 3.62
            },
            {
              "taasTarifrisikoschluessel": "FELS",
              "jahresNetto": 65.52,
              "bruttopreisFuerZahlweise": 6.34
            },
            {
              "taasTarifrisikoschluessel": "HAUS_UND_WOHNSCHUTZBRIEF",
              "jahresNetto": 1.8,
              "bruttopreisFuerZahlweise": 0.17
            }
          ],
          "treuebonus": 0,
          "linienBruttopreis": 6.52,
          "gesamtBruttopreisFuerZahlweise": 10.14,
          "gesamtBruttopreisJaehrlich": 121.68
        },
        {
          "zahlweise": "JAEHRLICH",
          "selbstbeteiligung": "SELBSTBETEILIGUNG_0500",
          "laufzeit": "DREI_JAHRE",
          "zaehlstuecke": 4,
          "bausteinPreise": [
            {
              "taasTarifrisikoschluessel": "FAHRRAD",
              "jahresNetto": 30,
              "bruttopreisFuerZahlweise": 34.84
            },
            {
              "taasTarifrisikoschluessel": "FELS",
              "jahresNetto": 52.56,
              "bruttopreisFuerZahlweise": 61.05
            },
            {
              "taasTarifrisikoschluessel": "HAUS_UND_WOHNSCHUTZBRIEF",
              "jahresNetto": 1.44,
              "bruttopreisFuerZahlweise": 1.67
            }
          ],
          "treuebonus": 25,
          "linienBruttopreis": 62.72,
          "gesamtBruttopreisFuerZahlweise": 97.57,
          "gesamtBruttopreisJaehrlich": 97.57
        },
        {
          "zahlweise": "HALBJAEHRLICH",
          "selbstbeteiligung": "SELBSTBETEILIGUNG_0500",
          "laufzeit": "DREI_JAHRE",
          "zaehlstuecke": 4,
          "bausteinPreise": [
            {
              "taasTarifrisikoschluessel": "FAHRRAD",
              "jahresNetto": 30,
              "bruttopreisFuerZahlweise": 17.42
            },
            {
              "taasTarifrisikoschluessel": "FELS",
              "jahresNetto": 52.56,
              "bruttopreisFuerZahlweise": 30.52
            },
            {
              "taasTarifrisikoschluessel": "HAUS_UND_WOHNSCHUTZBRIEF",
              "jahresNetto": 1.44,
              "bruttopreisFuerZahlweise": 0.84
            }
          ],
          "treuebonus": 25,
          "linienBruttopreis": 31.36,
          "gesamtBruttopreisFuerZahlweise": 48.78,
          "gesamtBruttopreisJaehrlich": 97.57
        },
        {
          "zahlweise": "VIERTELJAEHRLICH",
          "selbstbeteiligung": "SELBSTBETEILIGUNG_0500",
          "laufzeit": "DREI_JAHRE",
          "zaehlstuecke": 4,
          "bausteinPreise": [
            {
              "taasTarifrisikoschluessel": "FAHRRAD",
              "jahresNetto": 30,
              "bruttopreisFuerZahlweise": 8.71
            },
            {
              "taasTarifrisikoschluessel": "FELS",
              "jahresNetto": 52.56,
              "bruttopreisFuerZahlweise": 15.26
            },
            {
              "taasTarifrisikoschluessel": "HAUS_UND_WOHNSCHUTZBRIEF",
              "jahresNetto": 1.44,
              "bruttopreisFuerZahlweise": 0.42
            }
          ],
          "treuebonus": 25,
          "linienBruttopreis": 15.68,
          "gesamtBruttopreisFuerZahlweise": 24.39,
          "gesamtBruttopreisJaehrlich": 97.57
        },
        {
          "zahlweise": "MONATLICH",
          "selbstbeteiligung": "SELBSTBETEILIGUNG_0500",
          "laufzeit": "DREI_JAHRE",
          "zaehlstuecke": 4,
          "bausteinPreise": [
            {
              "taasTarifrisikoschluessel": "FAHRRAD",
              "jahresNetto": 30,
              "bruttopreisFuerZahlweise": 2.9
            },
            {
              "taasTarifrisikoschluessel": "FELS",
              "jahresNetto": 52.56,
              "bruttopreisFuerZahlweise": 5.09
            },
            {
              "taasTarifrisikoschluessel": "HAUS_UND_WOHNSCHUTZBRIEF",
              "jahresNetto": 1.44,
              "bruttopreisFuerZahlweise": 0.14
            }
          ],
          "treuebonus": 25,
          "linienBruttopreis": 5.23,
          "gesamtBruttopreisFuerZahlweise": 8.13,
          "gesamtBruttopreisJaehrlich": 97.57
        },
        {
          "zahlweise": "JAEHRLICH",
          "selbstbeteiligung": "SELBSTBETEILIGUNG_0500",
          "laufzeit": "EIN_JAHR",
          "zaehlstuecke": 5,
          "bausteinPreise": [
            {
              "taasTarifrisikoschluessel": "FAHRRAD",
              "jahresNetto": 35.28,
              "bruttopreisFuerZahlweise": 40.98
            },
            {
              "taasTarifrisikoschluessel": "FELS",
              "jahresNetto": 61.8,
              "bruttopreisFuerZahlweise": 71.78
            },
            {
              "taasTarifrisikoschluessel": "HAUS_UND_WOHNSCHUTZBRIEF",
              "jahresNetto": 1.68,
              "bruttopreisFuerZahlweise": 1.95
            }
          ],
          "treuebonus": 0,
          "linienBruttopreis": 73.73,
          "gesamtBruttopreisFuerZahlweise": 114.71,
          "gesamtBruttopreisJaehrlich": 114.71
        },
        {
          "zahlweise": "HALBJAEHRLICH",
          "selbstbeteiligung": "SELBSTBETEILIGUNG_0500",
          "laufzeit": "EIN_JAHR",
          "zaehlstuecke": 5,
          "bausteinPreise": [
            {
              "taasTarifrisikoschluessel": "FAHRRAD",
              "jahresNetto": 36.36,
              "bruttopreisFuerZahlweise": 21.12
            },
            {
              "taasTarifrisikoschluessel": "FELS",
              "jahresNetto": 63.6,
              "bruttopreisFuerZahlweise": 36.94
            },
            {
              "taasTarifrisikoschluessel": "HAUS_UND_WOHNSCHUTZBRIEF",
              "jahresNetto": 1.8,
              "bruttopreisFuerZahlweise": 1.05
            }
          ],
          "treuebonus": 0,
          "linienBruttopreis": 37.98,
          "gesamtBruttopreisFuerZahlweise": 59.1,
          "gesamtBruttopreisJaehrlich": 118.19
        },
        {
          "zahlweise": "VIERTELJAEHRLICH",
          "selbstbeteiligung": "SELBSTBETEILIGUNG_0500",
          "laufzeit": "EIN_JAHR",
          "zaehlstuecke": 5,
          "bausteinPreise": [
            {
              "taasTarifrisikoschluessel": "FAHRRAD",
              "jahresNetto": 37.08,
              "bruttopreisFuerZahlweise": 10.77
            },
            {
              "taasTarifrisikoschluessel": "FELS",
              "jahresNetto": 64.92,
              "bruttopreisFuerZahlweise": 18.85
            },
            {
              "taasTarifrisikoschluessel": "HAUS_UND_WOHNSCHUTZBRIEF",
              "jahresNetto": 1.8,
              "bruttopreisFuerZahlweise": 0.52
            }
          ],
          "treuebonus": 0,
          "linienBruttopreis": 19.37,
          "gesamtBruttopreisFuerZahlweise": 30.14,
          "gesamtBruttopreisJaehrlich": 120.56
        },
        {
          "zahlweise": "MONATLICH",
          "selbstbeteiligung": "SELBSTBETEILIGUNG_0500",
          "laufzeit": "EIN_JAHR",
          "zaehlstuecke": 5,
          "bausteinPreise": [
            {
              "taasTarifrisikoschluessel": "FAHRRAD",
              "jahresNetto": 37.44,
              "bruttopreisFuerZahlweise": 3.62
            },
            {
              "taasTarifrisikoschluessel": "FELS",
              "jahresNetto": 65.52,
              "bruttopreisFuerZahlweise": 6.34
            },
            {
              "taasTarifrisikoschluessel": "HAUS_UND_WOHNSCHUTZBRIEF",
              "jahresNetto": 1.8,
              "bruttopreisFuerZahlweise": 0.17
            }
          ],
          "treuebonus": 0,
          "linienBruttopreis": 6.52,
          "gesamtBruttopreisFuerZahlweise": 10.14,
          "gesamtBruttopreisJaehrlich": 121.68
        },
        {
          "zahlweise": "JAEHRLICH",
          "selbstbeteiligung": "SELBSTBETEILIGUNG_0500",
          "laufzeit": "DREI_JAHRE",
          "zaehlstuecke": 5,
          "bausteinPreise": [
            {
              "taasTarifrisikoschluessel": "FAHRRAD",
              "jahresNetto": 28.2,
              "bruttopreisFuerZahlweise": 32.75
            },
            {
              "taasTarifrisikoschluessel": "FELS",
              "jahresNetto": 49.44,
              "bruttopreisFuerZahlweise": 57.42
            },
            {
              "taasTarifrisikoschluessel": "HAUS_UND_WOHNSCHUTZBRIEF",
              "jahresNetto": 1.32,
              "bruttopreisFuerZahlweise": 1.53
            }
          ],
          "treuebonus": 25,
          "linienBruttopreis": 58.96,
          "gesamtBruttopreisFuerZahlweise": 91.71,
          "gesamtBruttopreisJaehrlich": 91.71
        },
        {
          "zahlweise": "HALBJAEHRLICH",
          "selbstbeteiligung": "SELBSTBETEILIGUNG_0500",
          "laufzeit": "DREI_JAHRE",
          "zaehlstuecke": 5,
          "bausteinPreise": [
            {
              "taasTarifrisikoschluessel": "FAHRRAD",
              "jahresNetto": 28.2,
              "bruttopreisFuerZahlweise": 16.38
            },
            {
              "taasTarifrisikoschluessel": "FELS",
              "jahresNetto": 49.44,
              "bruttopreisFuerZahlweise": 28.71
            },
            {
              "taasTarifrisikoschluessel": "HAUS_UND_WOHNSCHUTZBRIEF",
              "jahresNetto": 1.32,
              "bruttopreisFuerZahlweise": 0.77
            }
          ],
          "treuebonus": 25,
          "linienBruttopreis": 29.48,
          "gesamtBruttopreisFuerZahlweise": 45.86,
          "gesamtBruttopreisJaehrlich": 91.71
        },
        {
          "zahlweise": "VIERTELJAEHRLICH",
          "selbstbeteiligung": "SELBSTBETEILIGUNG_0500",
          "laufzeit": "DREI_JAHRE",
          "zaehlstuecke": 5,
          "bausteinPreise": [
            {
              "taasTarifrisikoschluessel": "FAHRRAD",
              "jahresNetto": 28.2,
              "bruttopreisFuerZahlweise": 8.19
            },
            {
              "taasTarifrisikoschluessel": "FELS",
              "jahresNetto": 49.44,
              "bruttopreisFuerZahlweise": 14.36
            },
            {
              "taasTarifrisikoschluessel": "HAUS_UND_WOHNSCHUTZBRIEF",
              "jahresNetto": 1.32,
              "bruttopreisFuerZahlweise": 0.38
            }
          ],
          "treuebonus": 25,
          "linienBruttopreis": 14.74,
          "gesamtBruttopreisFuerZahlweise": 22.93,
          "gesamtBruttopreisJaehrlich": 91.71
        },
        {
          "zahlweise": "MONATLICH",
          "selbstbeteiligung": "SELBSTBETEILIGUNG_0500",
          "laufzeit": "DREI_JAHRE",
          "zaehlstuecke": 5,
          "bausteinPreise": [
            {
              "taasTarifrisikoschluessel": "FAHRRAD",
              "jahresNetto": 28.2,
              "bruttopreisFuerZahlweise": 2.73
            },
            {
              "taasTarifrisikoschluessel": "FELS",
              "jahresNetto": 49.44,
              "bruttopreisFuerZahlweise": 4.79
            },
            {
              "taasTarifrisikoschluessel": "HAUS_UND_WOHNSCHUTZBRIEF",
              "jahresNetto": 1.32,
              "bruttopreisFuerZahlweise": 0.13
            }
          ],
          "treuebonus": 25,
          "linienBruttopreis": 4.91,
          "gesamtBruttopreisFuerZahlweise": 7.64,
          "gesamtBruttopreisJaehrlich": 91.71
        }
      ]
    }
  ],
  "gisDaten": {
    "konvergenz150": null,
    "konvergenz300": null,
    "steigung": null,
    "bodenversiegelung": null,
    "bewaldungsdichte": null,
    "bewaldungsart100": null,
    "bewaldungsart20": null,
    "hoehe": null,
    "flutzone": null,
    "landform": null,
    "senke": null,
    "bachzone": 0,
    "gebaeudeGrundflaeche": null,
    "starkregenzone": null,
    "zuersGefaehrdungsklasse": 1,
    "latitude": null,
    "longitude": null,
    "gleitenderNeuwert": null,
    "matchcode": null
  },
  "elementarSB": {
    "id": "1",
    "description": "<b>Vorteil bei Komfort und Premium:</b></br> Zusätzlich mitversichert sind Überschwemmungen von Terrassen, Balkonen, Flachdächern, Dachrinnen, Treppenabgängen und Lichtschächten. Beispiel: Eine Dachterrasse oder ein Balkon wird durch Starkregen überflutet und Wasser dringt in das Haus ein.</br> </br><b>Für diesen Baustein gilt eine Selbstbeteiligung je Schadenfall von maximal:</b> <ul><li>500 EUR für Überschwemmungsschäden</li><li>500 EUR für Rückstauschäden </li><li>3.000 EUR für Erdbebenschäden</li> </ul> </br> <b>Wartezeit:</b> </br>Für Schäden durch Ausuferung von oberirdischen Binnengewässern beginnt der Versicherungsschutz bei Neuabschluss einer Hausratversicherung erst 7 Tage nach dem vereinbarten Versicherungsbeginn. Die Wartezeit entfällt, sofern unmittelbar vor Versicherungsbeginn anderweitig bereits entsprechender Versicherungsschutz bestanden hat."
  },
  "taasStatus": {
    "fehlermeldung": "",
    "returnCodeTaas": "KEIN_FEHLER",
    "fehlerCode": "000000"
  },
  "deltafaktoren": null,
  "vorvertraegeVorschaeden": null
}
