{
  "produktlinien": [
    {
      "salesProductName": "BASIS",
      "rbdMax": null,
      "preisverzeichnis": 1,
      "salesProduktVariants": [
        {
          "zahlweise": "JAEHRLICH",
          "selbstbeteiligung": "SELBSTBETEILIGUNG_0000",
          "laufzeit": "EIN_JAHR",
          "zaehlstuecke": 0,
          "bausteinPreise": [
            {
              "taasTarifrisikoschluessel": "STURM",
              "jahresNetto": 85.08,
              "bruttopreisFuerZahlweise": 98.98
            },
            {
              "taasTarifrisikoschluessel": "FEUER",
              "jahresNetto": 70.92,
              "bruttopreisFuerZahlweise": 82.51
            },
            {
              "taasTarifrisikoschluessel": "LEITUNGSWASSER",
              "jahresNetto": 101.04,
              "bruttopreisFuerZahlweise": 117.55
            },
            {
              "taasTarifrisikoschluessel": "GLAS_AUSSENFLAECHE",
              "jahresNetto": 45.36,
              "bruttopreisFuerZahlweise": 52.77
            }
          ],
          "treuebonus": 0,
          "linienBruttopreis": 299.04,
          "gesamtBruttopreisFuerZahlweise": 351.81,
          "gesamtBruttopreisJaehrlich": 351.81
        },
        {
          "zahlweise": "HALBJAEHRLICH",
          "selbstbeteiligung": "SELBSTBETEILIGUNG_0000",
          "laufzeit": "EIN_JAHR",
          "zaehlstuecke": 0,
          "bausteinPreise": [
            {
              "taasTarifrisikoschluessel": "STURM",
              "jahresNetto": 87.6,
              "bruttopreisFuerZahlweise": 50.96
            },
            {
              "taasTarifrisikoschluessel": "FEUER",
              "jahresNetto": 73.08,
              "bruttopreisFuerZahlweise": 42.51
            },
            {
              "taasTarifrisikoschluessel": "LEITUNGSWASSER",
              "jahresNetto": 104.04,
              "bruttopreisFuerZahlweise": 60.52
            },
            {
              "taasTarifrisikoschluessel": "GLAS_AUSSENFLAECHE",
              "jahresNetto": 46.68,
              "bruttopreisFuerZahlweise": 27.15
            }
          ],
          "treuebonus": 0,
          "linienBruttopreis": 153.99,
          "gesamtBruttopreisFuerZahlweise": 181.14,
          "gesamtBruttopreisJaehrlich": 362.28
        },
        {
          "zahlweise": "VIERTELJAEHRLICH",
          "selbstbeteiligung": "SELBSTBETEILIGUNG_0000",
          "laufzeit": "EIN_JAHR",
          "zaehlstuecke": 0,
          "bausteinPreise": [
            {
              "taasTarifrisikoschluessel": "STURM",
              "jahresNetto": 89.28,
              "bruttopreisFuerZahlweise": 25.97
            },
            {
              "taasTarifrisikoschluessel": "FEUER",
              "jahresNetto": 74.4,
              "bruttopreisFuerZahlweise": 21.64
            },
            {
              "taasTarifrisikoschluessel": "LEITUNGSWASSER",
              "jahresNetto": 106.08,
              "bruttopreisFuerZahlweise": 30.85
            },
            {
              "taasTarifrisikoschluessel": "GLAS_AUSSENFLAECHE",
              "jahresNetto": 47.64,
              "bruttopreisFuerZahlweise": 13.86
            }
          ],
          "treuebonus": 0,
          "linienBruttopreis": 78.46,
          "gesamtBruttopreisFuerZahlweise": 92.32,
          "gesamtBruttopreisJaehrlich": 369.26
        },
        {
          "zahlweise": "MONATLICH",
          "selbstbeteiligung": "SELBSTBETEILIGUNG_0000",
          "laufzeit": "EIN_JAHR",
          "zaehlstuecke": 0,
          "bausteinPreise": [
            {
              "taasTarifrisikoschluessel": "STURM",
              "jahresNetto": 90.12,
              "bruttopreisFuerZahlweise": 8.74
            },
            {
              "taasTarifrisikoschluessel": "FEUER",
              "jahresNetto": 75.12,
              "bruttopreisFuerZahlweise": 7.28
            },
            {
              "taasTarifrisikoschluessel": "LEITUNGSWASSER",
              "jahresNetto": 107.04,
              "bruttopreisFuerZahlweise": 10.38
            },
            {
              "taasTarifrisikoschluessel": "GLAS_AUSSENFLAECHE",
              "jahresNetto": 48.12,
              "bruttopreisFuerZahlweise": 4.67
            }
          ],
          "treuebonus": 0,
          "linienBruttopreis": 26.4,
          "gesamtBruttopreisFuerZahlweise": 31.06,
          "gesamtBruttopreisJaehrlich": 372.75
        },
        {
          "zahlweise": "JAEHRLICH",
          "selbstbeteiligung": "SELBSTBETEILIGUNG_0000",
          "laufzeit": "DREI_JAHRE",
          "zaehlstuecke": 0,
          "bausteinPreise": [
            {
              "taasTarifrisikoschluessel": "STURM",
              "jahresNetto": 85.08,
              "bruttopreisFuerZahlweise": 98.98
            },
            {
              "taasTarifrisikoschluessel": "FEUER",
              "jahresNetto": 70.92,
              "bruttopreisFuerZahlweise": 82.51
            },
            {
              "taasTarifrisikoschluessel": "LEITUNGSWASSER",
              "jahresNetto": 101.04,
              "bruttopreisFuerZahlweise": 117.55
            },
            {
              "taasTarifrisikoschluessel": "GLAS_AUSSENFLAECHE",
              "jahresNetto": 45.36,
              "bruttopreisFuerZahlweise": 52.77
            }
          ],
          "treuebonus": 0,
          "linienBruttopreis": 299.04,
          "gesamtBruttopreisFuerZahlweise": 351.81,
          "gesamtBruttopreisJaehrlich": 351.81
        },
        {
          "zahlweise": "HALBJAEHRLICH",
          "selbstbeteiligung": "SELBSTBETEILIGUNG_0000",
          "laufzeit": "DREI_JAHRE",
          "zaehlstuecke": 0,
          "bausteinPreise": [
            {
              "taasTarifrisikoschluessel": "STURM",
              "jahresNetto": 87.6,
              "bruttopreisFuerZahlweise": 50.96
            },
            {
              "taasTarifrisikoschluessel": "FEUER",
              "jahresNetto": 73.08,
              "bruttopreisFuerZahlweise": 42.51
            },
            {
              "taasTarifrisikoschluessel": "LEITUNGSWASSER",
              "jahresNetto": 104.04,
              "bruttopreisFuerZahlweise": 60.52
            },
            {
              "taasTarifrisikoschluessel": "GLAS_AUSSENFLAECHE",
              "jahresNetto": 46.68,
              "bruttopreisFuerZahlweise": 27.15
            }
          ],
          "treuebonus": 0,
          "linienBruttopreis": 153.99,
          "gesamtBruttopreisFuerZahlweise": 181.14,
          "gesamtBruttopreisJaehrlich": 362.28
        },
        {
          "zahlweise": "VIERTELJAEHRLICH",
          "selbstbeteiligung": "SELBSTBETEILIGUNG_0000",
          "laufzeit": "DREI_JAHRE",
          "zaehlstuecke": 0,
          "bausteinPreise": [
            {
              "taasTarifrisikoschluessel": "STURM",
              "jahresNetto": 89.28,
              "bruttopreisFuerZahlweise": 25.97
            },
            {
              "taasTarifrisikoschluessel": "FEUER",
              "jahresNetto": 74.4,
              "bruttopreisFuerZahlweise": 21.64
            },
            {
              "taasTarifrisikoschluessel": "LEITUNGSWASSER",
              "jahresNetto": 106.08,
              "bruttopreisFuerZahlweise": 30.85
            },
            {
              "taasTarifrisikoschluessel": "GLAS_AUSSENFLAECHE",
              "jahresNetto": 47.64,
              "bruttopreisFuerZahlweise": 13.86
            }
          ],
          "treuebonus": 0,
          "linienBruttopreis": 78.46,
          "gesamtBruttopreisFuerZahlweise": 92.32,
          "gesamtBruttopreisJaehrlich": 369.26
        },
        {
          "zahlweise": "MONATLICH",
          "selbstbeteiligung": "SELBSTBETEILIGUNG_0000",
          "laufzeit": "DREI_JAHRE",
          "zaehlstuecke": 0,
          "bausteinPreise": [
            {
              "taasTarifrisikoschluessel": "STURM",
              "jahresNetto": 90.12,
              "bruttopreisFuerZahlweise": 8.74
            },
            {
              "taasTarifrisikoschluessel": "FEUER",
              "jahresNetto": 75.12,
              "bruttopreisFuerZahlweise": 7.28
            },
            {
              "taasTarifrisikoschluessel": "LEITUNGSWASSER",
              "jahresNetto": 107.04,
              "bruttopreisFuerZahlweise": 10.38
            },
            {
              "taasTarifrisikoschluessel": "GLAS_AUSSENFLAECHE",
              "jahresNetto": 48.12,
              "bruttopreisFuerZahlweise": 4.67
            }
          ],
          "treuebonus": 0,
          "linienBruttopreis": 26.4,
          "gesamtBruttopreisFuerZahlweise": 31.06,
          "gesamtBruttopreisJaehrlich": 372.75
        },
        {
          "zahlweise": "JAEHRLICH",
          "selbstbeteiligung": "SELBSTBETEILIGUNG_0000",
          "laufzeit": "EIN_JAHR",
          "zaehlstuecke": 1,
          "bausteinPreise": [
            {
              "taasTarifrisikoschluessel": "STURM",
              "jahresNetto": 85.08,
              "bruttopreisFuerZahlweise": 98.98
            },
            {
              "taasTarifrisikoschluessel": "FEUER",
              "jahresNetto": 70.92,
              "bruttopreisFuerZahlweise": 82.51
            },
            {
              "taasTarifrisikoschluessel": "LEITUNGSWASSER",
              "jahresNetto": 101.04,
              "bruttopreisFuerZahlweise": 117.55
            },
            {
              "taasTarifrisikoschluessel": "GLAS_AUSSENFLAECHE",
              "jahresNetto": 45.36,
              "bruttopreisFuerZahlweise": 52.77
            }
          ],
          "treuebonus": 0,
          "linienBruttopreis": 299.04,
          "gesamtBruttopreisFuerZahlweise": 351.81,
          "gesamtBruttopreisJaehrlich": 351.81
        },
        {
          "zahlweise": "HALBJAEHRLICH",
          "selbstbeteiligung": "SELBSTBETEILIGUNG_0000",
          "laufzeit": "EIN_JAHR",
          "zaehlstuecke": 1,
          "bausteinPreise": [
            {
              "taasTarifrisikoschluessel": "STURM",
              "jahresNetto": 87.6,
              "bruttopreisFuerZahlweise": 50.96
            },
            {
              "taasTarifrisikoschluessel": "FEUER",
              "jahresNetto": 73.08,
              "bruttopreisFuerZahlweise": 42.51
            },
            {
              "taasTarifrisikoschluessel": "LEITUNGSWASSER",
              "jahresNetto": 104.04,
              "bruttopreisFuerZahlweise": 60.52
            },
            {
              "taasTarifrisikoschluessel": "GLAS_AUSSENFLAECHE",
              "jahresNetto": 46.68,
              "bruttopreisFuerZahlweise": 27.15
            }
          ],
          "treuebonus": 0,
          "linienBruttopreis": 153.99,
          "gesamtBruttopreisFuerZahlweise": 181.14,
          "gesamtBruttopreisJaehrlich": 362.28
        },
        {
          "zahlweise": "VIERTELJAEHRLICH",
          "selbstbeteiligung": "SELBSTBETEILIGUNG_0000",
          "laufzeit": "EIN_JAHR",
          "zaehlstuecke": 1,
          "bausteinPreise": [
            {
              "taasTarifrisikoschluessel": "STURM",
              "jahresNetto": 89.28,
              "bruttopreisFuerZahlweise": 25.97
            },
            {
              "taasTarifrisikoschluessel": "FEUER",
              "jahresNetto": 74.4,
              "bruttopreisFuerZahlweise": 21.64
            },
            {
              "taasTarifrisikoschluessel": "LEITUNGSWASSER",
              "jahresNetto": 106.08,
              "bruttopreisFuerZahlweise": 30.85
            },
            {
              "taasTarifrisikoschluessel": "GLAS_AUSSENFLAECHE",
              "jahresNetto": 47.64,
              "bruttopreisFuerZahlweise": 13.86
            }
          ],
          "treuebonus": 0,
          "linienBruttopreis": 78.46,
          "gesamtBruttopreisFuerZahlweise": 92.32,
          "gesamtBruttopreisJaehrlich": 369.26
        },
        {
          "zahlweise": "MONATLICH",
          "selbstbeteiligung": "SELBSTBETEILIGUNG_0000",
          "laufzeit": "EIN_JAHR",
          "zaehlstuecke": 1,
          "bausteinPreise": [
            {
              "taasTarifrisikoschluessel": "STURM",
              "jahresNetto": 90.12,
              "bruttopreisFuerZahlweise": 8.74
            },
            {
              "taasTarifrisikoschluessel": "FEUER",
              "jahresNetto": 75.12,
              "bruttopreisFuerZahlweise": 7.28
            },
            {
              "taasTarifrisikoschluessel": "LEITUNGSWASSER",
              "jahresNetto": 107.04,
              "bruttopreisFuerZahlweise": 10.38
            },
            {
              "taasTarifrisikoschluessel": "GLAS_AUSSENFLAECHE",
              "jahresNetto": 48.12,
              "bruttopreisFuerZahlweise": 4.67
            }
          ],
          "treuebonus": 0,
          "linienBruttopreis": 26.4,
          "gesamtBruttopreisFuerZahlweise": 31.06,
          "gesamtBruttopreisJaehrlich": 372.75
        },
        {
          "zahlweise": "JAEHRLICH",
          "selbstbeteiligung": "SELBSTBETEILIGUNG_0000",
          "laufzeit": "DREI_JAHRE",
          "zaehlstuecke": 1,
          "bausteinPreise": [
            {
              "taasTarifrisikoschluessel": "STURM",
              "jahresNetto": 85.08,
              "bruttopreisFuerZahlweise": 98.98
            },
            {
              "taasTarifrisikoschluessel": "FEUER",
              "jahresNetto": 70.92,
              "bruttopreisFuerZahlweise": 82.51
            },
            {
              "taasTarifrisikoschluessel": "LEITUNGSWASSER",
              "jahresNetto": 101.04,
              "bruttopreisFuerZahlweise": 117.55
            },
            {
              "taasTarifrisikoschluessel": "GLAS_AUSSENFLAECHE",
              "jahresNetto": 45.36,
              "bruttopreisFuerZahlweise": 52.77
            }
          ],
          "treuebonus": 0,
          "linienBruttopreis": 299.04,
          "gesamtBruttopreisFuerZahlweise": 351.81,
          "gesamtBruttopreisJaehrlich": 351.81
        },
        {
          "zahlweise": "HALBJAEHRLICH",
          "selbstbeteiligung": "SELBSTBETEILIGUNG_0000",
          "laufzeit": "DREI_JAHRE",
          "zaehlstuecke": 1,
          "bausteinPreise": [
            {
              "taasTarifrisikoschluessel": "STURM",
              "jahresNetto": 87.6,
              "bruttopreisFuerZahlweise": 50.96
            },
            {
              "taasTarifrisikoschluessel": "FEUER",
              "jahresNetto": 73.08,
              "bruttopreisFuerZahlweise": 42.51
            },
            {
              "taasTarifrisikoschluessel": "LEITUNGSWASSER",
              "jahresNetto": 104.04,
              "bruttopreisFuerZahlweise": 60.52
            },
            {
              "taasTarifrisikoschluessel": "GLAS_AUSSENFLAECHE",
              "jahresNetto": 46.68,
              "bruttopreisFuerZahlweise": 27.15
            }
          ],
          "treuebonus": 0,
          "linienBruttopreis": 153.99,
          "gesamtBruttopreisFuerZahlweise": 181.14,
          "gesamtBruttopreisJaehrlich": 362.28
        },
        {
          "zahlweise": "VIERTELJAEHRLICH",
          "selbstbeteiligung": "SELBSTBETEILIGUNG_0000",
          "laufzeit": "DREI_JAHRE",
          "zaehlstuecke": 1,
          "bausteinPreise": [
            {
              "taasTarifrisikoschluessel": "STURM",
              "jahresNetto": 89.28,
              "bruttopreisFuerZahlweise": 25.97
            },
            {
              "taasTarifrisikoschluessel": "FEUER",
              "jahresNetto": 74.4,
              "bruttopreisFuerZahlweise": 21.64
            },
            {
              "taasTarifrisikoschluessel": "LEITUNGSWASSER",
              "jahresNetto": 106.08,
              "bruttopreisFuerZahlweise": 30.85
            },
            {
              "taasTarifrisikoschluessel": "GLAS_AUSSENFLAECHE",
              "jahresNetto": 47.64,
              "bruttopreisFuerZahlweise": 13.86
            }
          ],
          "treuebonus": 0,
          "linienBruttopreis": 78.46,
          "gesamtBruttopreisFuerZahlweise": 92.32,
          "gesamtBruttopreisJaehrlich": 369.26
        },
        {
          "zahlweise": "MONATLICH",
          "selbstbeteiligung": "SELBSTBETEILIGUNG_0000",
          "laufzeit": "DREI_JAHRE",
          "zaehlstuecke": 1,
          "bausteinPreise": [
            {
              "taasTarifrisikoschluessel": "STURM",
              "jahresNetto": 90.12,
              "bruttopreisFuerZahlweise": 8.74
            },
            {
              "taasTarifrisikoschluessel": "FEUER",
              "jahresNetto": 75.12,
              "bruttopreisFuerZahlweise": 7.28
            },
            {
              "taasTarifrisikoschluessel": "LEITUNGSWASSER",
              "jahresNetto": 107.04,
              "bruttopreisFuerZahlweise": 10.38
            },
            {
              "taasTarifrisikoschluessel": "GLAS_AUSSENFLAECHE",
              "jahresNetto": 48.12,
              "bruttopreisFuerZahlweise": 4.67
            }
          ],
          "treuebonus": 0,
          "linienBruttopreis": 26.4,
          "gesamtBruttopreisFuerZahlweise": 31.06,
          "gesamtBruttopreisJaehrlich": 372.75
        },
        {
          "zahlweise": "JAEHRLICH",
          "selbstbeteiligung": "SELBSTBETEILIGUNG_0000",
          "laufzeit": "EIN_JAHR",
          "zaehlstuecke": 2,
          "bausteinPreise": [
            {
              "taasTarifrisikoschluessel": "STURM",
              "jahresNetto": 85.08,
              "bruttopreisFuerZahlweise": 98.98
            },
            {
              "taasTarifrisikoschluessel": "FEUER",
              "jahresNetto": 70.92,
              "bruttopreisFuerZahlweise": 82.51
            },
            {
              "taasTarifrisikoschluessel": "LEITUNGSWASSER",
              "jahresNetto": 101.04,
              "bruttopreisFuerZahlweise": 117.55
            },
            {
              "taasTarifrisikoschluessel": "GLAS_AUSSENFLAECHE",
              "jahresNetto": 45.36,
              "bruttopreisFuerZahlweise": 52.77
            }
          ],
          "treuebonus": 0,
          "linienBruttopreis": 299.04,
          "gesamtBruttopreisFuerZahlweise": 351.81,
          "gesamtBruttopreisJaehrlich": 351.81
        },
        {
          "zahlweise": "HALBJAEHRLICH",
          "selbstbeteiligung": "SELBSTBETEILIGUNG_0000",
          "laufzeit": "EIN_JAHR",
          "zaehlstuecke": 2,
          "bausteinPreise": [
            {
              "taasTarifrisikoschluessel": "STURM",
              "jahresNetto": 87.6,
              "bruttopreisFuerZahlweise": 50.96
            },
            {
              "taasTarifrisikoschluessel": "FEUER",
              "jahresNetto": 73.08,
              "bruttopreisFuerZahlweise": 42.51
            },
            {
              "taasTarifrisikoschluessel": "LEITUNGSWASSER",
              "jahresNetto": 104.04,
              "bruttopreisFuerZahlweise": 60.52
            },
            {
              "taasTarifrisikoschluessel": "GLAS_AUSSENFLAECHE",
              "jahresNetto": 46.68,
              "bruttopreisFuerZahlweise": 27.15
            }
          ],
          "treuebonus": 0,
          "linienBruttopreis": 153.99,
          "gesamtBruttopreisFuerZahlweise": 181.14,
          "gesamtBruttopreisJaehrlich": 362.28
        },
        {
          "zahlweise": "VIERTELJAEHRLICH",
          "selbstbeteiligung": "SELBSTBETEILIGUNG_0000",
          "laufzeit": "EIN_JAHR",
          "zaehlstuecke": 2,
          "bausteinPreise": [
            {
              "taasTarifrisikoschluessel": "STURM",
              "jahresNetto": 89.28,
              "bruttopreisFuerZahlweise": 25.97
            },
            {
              "taasTarifrisikoschluessel": "FEUER",
              "jahresNetto": 74.4,
              "bruttopreisFuerZahlweise": 21.64
            },
            {
              "taasTarifrisikoschluessel": "LEITUNGSWASSER",
              "jahresNetto": 106.08,
              "bruttopreisFuerZahlweise": 30.85
            },
            {
              "taasTarifrisikoschluessel": "GLAS_AUSSENFLAECHE",
              "jahresNetto": 47.64,
              "bruttopreisFuerZahlweise": 13.86
            }
          ],
          "treuebonus": 0,
          "linienBruttopreis": 78.46,
          "gesamtBruttopreisFuerZahlweise": 92.32,
          "gesamtBruttopreisJaehrlich": 369.26
        },
        {
          "zahlweise": "MONATLICH",
          "selbstbeteiligung": "SELBSTBETEILIGUNG_0000",
          "laufzeit": "EIN_JAHR",
          "zaehlstuecke": 2,
          "bausteinPreise": [
            {
              "taasTarifrisikoschluessel": "STURM",
              "jahresNetto": 90.12,
              "bruttopreisFuerZahlweise": 8.74
            },
            {
              "taasTarifrisikoschluessel": "FEUER",
              "jahresNetto": 75.12,
              "bruttopreisFuerZahlweise": 7.28
            },
            {
              "taasTarifrisikoschluessel": "LEITUNGSWASSER",
              "jahresNetto": 107.04,
              "bruttopreisFuerZahlweise": 10.38
            },
            {
              "taasTarifrisikoschluessel": "GLAS_AUSSENFLAECHE",
              "jahresNetto": 48.12,
              "bruttopreisFuerZahlweise": 4.67
            }
          ],
          "treuebonus": 0,
          "linienBruttopreis": 26.4,
          "gesamtBruttopreisFuerZahlweise": 31.06,
          "gesamtBruttopreisJaehrlich": 372.75
        },
        {
          "zahlweise": "JAEHRLICH",
          "selbstbeteiligung": "SELBSTBETEILIGUNG_0000",
          "laufzeit": "DREI_JAHRE",
          "zaehlstuecke": 2,
          "bausteinPreise": [
            {
              "taasTarifrisikoschluessel": "STURM",
              "jahresNetto": 85.08,
              "bruttopreisFuerZahlweise": 98.98
            },
            {
              "taasTarifrisikoschluessel": "FEUER",
              "jahresNetto": 70.92,
              "bruttopreisFuerZahlweise": 82.51
            },
            {
              "taasTarifrisikoschluessel": "LEITUNGSWASSER",
              "jahresNetto": 101.04,
              "bruttopreisFuerZahlweise": 117.55
            },
            {
              "taasTarifrisikoschluessel": "GLAS_AUSSENFLAECHE",
              "jahresNetto": 45.36,
              "bruttopreisFuerZahlweise": 52.77
            }
          ],
          "treuebonus": 0,
          "linienBruttopreis": 299.04,
          "gesamtBruttopreisFuerZahlweise": 351.81,
          "gesamtBruttopreisJaehrlich": 351.81
        },
        {
          "zahlweise": "HALBJAEHRLICH",
          "selbstbeteiligung": "SELBSTBETEILIGUNG_0000",
          "laufzeit": "DREI_JAHRE",
          "zaehlstuecke": 2,
          "bausteinPreise": [
            {
              "taasTarifrisikoschluessel": "STURM",
              "jahresNetto": 87.6,
              "bruttopreisFuerZahlweise": 50.96
            },
            {
              "taasTarifrisikoschluessel": "FEUER",
              "jahresNetto": 73.08,
              "bruttopreisFuerZahlweise": 42.51
            },
            {
              "taasTarifrisikoschluessel": "LEITUNGSWASSER",
              "jahresNetto": 104.04,
              "bruttopreisFuerZahlweise": 60.52
            },
            {
              "taasTarifrisikoschluessel": "GLAS_AUSSENFLAECHE",
              "jahresNetto": 46.68,
              "bruttopreisFuerZahlweise": 27.15
            }
          ],
          "treuebonus": 0,
          "linienBruttopreis": 153.99,
          "gesamtBruttopreisFuerZahlweise": 181.14,
          "gesamtBruttopreisJaehrlich": 362.28
        },
        {
          "zahlweise": "VIERTELJAEHRLICH",
          "selbstbeteiligung": "SELBSTBETEILIGUNG_0000",
          "laufzeit": "DREI_JAHRE",
          "zaehlstuecke": 2,
          "bausteinPreise": [
            {
              "taasTarifrisikoschluessel": "STURM",
              "jahresNetto": 89.28,
              "bruttopreisFuerZahlweise": 25.97
            },
            {
              "taasTarifrisikoschluessel": "FEUER",
              "jahresNetto": 74.4,
              "bruttopreisFuerZahlweise": 21.64
            },
            {
              "taasTarifrisikoschluessel": "LEITUNGSWASSER",
              "jahresNetto": 106.08,
              "bruttopreisFuerZahlweise": 30.85
            },
            {
              "taasTarifrisikoschluessel": "GLAS_AUSSENFLAECHE",
              "jahresNetto": 47.64,
              "bruttopreisFuerZahlweise": 13.86
            }
          ],
          "treuebonus": 0,
          "linienBruttopreis": 78.46,
          "gesamtBruttopreisFuerZahlweise": 92.32,
          "gesamtBruttopreisJaehrlich": 369.26
        },
        {
          "zahlweise": "MONATLICH",
          "selbstbeteiligung": "SELBSTBETEILIGUNG_0000",
          "laufzeit": "DREI_JAHRE",
          "zaehlstuecke": 2,
          "bausteinPreise": [
            {
              "taasTarifrisikoschluessel": "STURM",
              "jahresNetto": 90.12,
              "bruttopreisFuerZahlweise": 8.74
            },
            {
              "taasTarifrisikoschluessel": "FEUER",
              "jahresNetto": 75.12,
              "bruttopreisFuerZahlweise": 7.28
            },
            {
              "taasTarifrisikoschluessel": "LEITUNGSWASSER",
              "jahresNetto": 107.04,
              "bruttopreisFuerZahlweise": 10.38
            },
            {
              "taasTarifrisikoschluessel": "GLAS_AUSSENFLAECHE",
              "jahresNetto": 48.12,
              "bruttopreisFuerZahlweise": 4.67
            }
          ],
          "treuebonus": 0,
          "linienBruttopreis": 26.4,
          "gesamtBruttopreisFuerZahlweise": 31.06,
          "gesamtBruttopreisJaehrlich": 372.75
        },
        {
          "zahlweise": "JAEHRLICH",
          "selbstbeteiligung": "SELBSTBETEILIGUNG_0000",
          "laufzeit": "EIN_JAHR",
          "zaehlstuecke": 3,
          "bausteinPreise": [
            {
              "taasTarifrisikoschluessel": "STURM",
              "jahresNetto": 85.08,
              "bruttopreisFuerZahlweise": 98.98
            },
            {
              "taasTarifrisikoschluessel": "FEUER",
              "jahresNetto": 70.92,
              "bruttopreisFuerZahlweise": 82.51
            },
            {
              "taasTarifrisikoschluessel": "LEITUNGSWASSER",
              "jahresNetto": 101.04,
              "bruttopreisFuerZahlweise": 117.55
            },
            {
              "taasTarifrisikoschluessel": "GLAS_AUSSENFLAECHE",
              "jahresNetto": 45.36,
              "bruttopreisFuerZahlweise": 52.77
            }
          ],
          "treuebonus": 0,
          "linienBruttopreis": 299.04,
          "gesamtBruttopreisFuerZahlweise": 351.81,
          "gesamtBruttopreisJaehrlich": 351.81
        },
        {
          "zahlweise": "HALBJAEHRLICH",
          "selbstbeteiligung": "SELBSTBETEILIGUNG_0000",
          "laufzeit": "EIN_JAHR",
          "zaehlstuecke": 3,
          "bausteinPreise": [
            {
              "taasTarifrisikoschluessel": "STURM",
              "jahresNetto": 87.6,
              "bruttopreisFuerZahlweise": 50.96
            },
            {
              "taasTarifrisikoschluessel": "FEUER",
              "jahresNetto": 73.08,
              "bruttopreisFuerZahlweise": 42.51
            },
            {
              "taasTarifrisikoschluessel": "LEITUNGSWASSER",
              "jahresNetto": 104.04,
              "bruttopreisFuerZahlweise": 60.52
            },
            {
              "taasTarifrisikoschluessel": "GLAS_AUSSENFLAECHE",
              "jahresNetto": 46.68,
              "bruttopreisFuerZahlweise": 27.15
            }
          ],
          "treuebonus": 0,
          "linienBruttopreis": 153.99,
          "gesamtBruttopreisFuerZahlweise": 181.14,
          "gesamtBruttopreisJaehrlich": 362.28
        },
        {
          "zahlweise": "VIERTELJAEHRLICH",
          "selbstbeteiligung": "SELBSTBETEILIGUNG_0000",
          "laufzeit": "EIN_JAHR",
          "zaehlstuecke": 3,
          "bausteinPreise": [
            {
              "taasTarifrisikoschluessel": "STURM",
              "jahresNetto": 89.28,
              "bruttopreisFuerZahlweise": 25.97
            },
            {
              "taasTarifrisikoschluessel": "FEUER",
              "jahresNetto": 74.4,
              "bruttopreisFuerZahlweise": 21.64
            },
            {
              "taasTarifrisikoschluessel": "LEITUNGSWASSER",
              "jahresNetto": 106.08,
              "bruttopreisFuerZahlweise": 30.85
            },
            {
              "taasTarifrisikoschluessel": "GLAS_AUSSENFLAECHE",
              "jahresNetto": 47.64,
              "bruttopreisFuerZahlweise": 13.86
            }
          ],
          "treuebonus": 0,
          "linienBruttopreis": 78.46,
          "gesamtBruttopreisFuerZahlweise": 92.32,
          "gesamtBruttopreisJaehrlich": 369.26
        },
        {
          "zahlweise": "MONATLICH",
          "selbstbeteiligung": "SELBSTBETEILIGUNG_0000",
          "laufzeit": "EIN_JAHR",
          "zaehlstuecke": 3,
          "bausteinPreise": [
            {
              "taasTarifrisikoschluessel": "STURM",
              "jahresNetto": 90.12,
              "bruttopreisFuerZahlweise": 8.74
            },
            {
              "taasTarifrisikoschluessel": "FEUER",
              "jahresNetto": 75.12,
              "bruttopreisFuerZahlweise": 7.28
            },
            {
              "taasTarifrisikoschluessel": "LEITUNGSWASSER",
              "jahresNetto": 107.04,
              "bruttopreisFuerZahlweise": 10.38
            },
            {
              "taasTarifrisikoschluessel": "GLAS_AUSSENFLAECHE",
              "jahresNetto": 48.12,
              "bruttopreisFuerZahlweise": 4.67
            }
          ],
          "treuebonus": 0,
          "linienBruttopreis": 26.4,
          "gesamtBruttopreisFuerZahlweise": 31.06,
          "gesamtBruttopreisJaehrlich": 372.75
        },
        {
          "zahlweise": "JAEHRLICH",
          "selbstbeteiligung": "SELBSTBETEILIGUNG_0000",
          "laufzeit": "DREI_JAHRE",
          "zaehlstuecke": 3,
          "bausteinPreise": [
            {
              "taasTarifrisikoschluessel": "STURM",
              "jahresNetto": 85.08,
              "bruttopreisFuerZahlweise": 98.98
            },
            {
              "taasTarifrisikoschluessel": "FEUER",
              "jahresNetto": 70.92,
              "bruttopreisFuerZahlweise": 82.51
            },
            {
              "taasTarifrisikoschluessel": "LEITUNGSWASSER",
              "jahresNetto": 101.04,
              "bruttopreisFuerZahlweise": 117.55
            },
            {
              "taasTarifrisikoschluessel": "GLAS_AUSSENFLAECHE",
              "jahresNetto": 45.36,
              "bruttopreisFuerZahlweise": 52.77
            }
          ],
          "treuebonus": 0,
          "linienBruttopreis": 299.04,
          "gesamtBruttopreisFuerZahlweise": 351.81,
          "gesamtBruttopreisJaehrlich": 351.81
        },
        {
          "zahlweise": "HALBJAEHRLICH",
          "selbstbeteiligung": "SELBSTBETEILIGUNG_0000",
          "laufzeit": "DREI_JAHRE",
          "zaehlstuecke": 3,
          "bausteinPreise": [
            {
              "taasTarifrisikoschluessel": "STURM",
              "jahresNetto": 87.6,
              "bruttopreisFuerZahlweise": 50.96
            },
            {
              "taasTarifrisikoschluessel": "FEUER",
              "jahresNetto": 73.08,
              "bruttopreisFuerZahlweise": 42.51
            },
            {
              "taasTarifrisikoschluessel": "LEITUNGSWASSER",
              "jahresNetto": 104.04,
              "bruttopreisFuerZahlweise": 60.52
            },
            {
              "taasTarifrisikoschluessel": "GLAS_AUSSENFLAECHE",
              "jahresNetto": 46.68,
              "bruttopreisFuerZahlweise": 27.15
            }
          ],
          "treuebonus": 0,
          "linienBruttopreis": 153.99,
          "gesamtBruttopreisFuerZahlweise": 181.14,
          "gesamtBruttopreisJaehrlich": 362.28
        },
        {
          "zahlweise": "VIERTELJAEHRLICH",
          "selbstbeteiligung": "SELBSTBETEILIGUNG_0000",
          "laufzeit": "DREI_JAHRE",
          "zaehlstuecke": 3,
          "bausteinPreise": [
            {
              "taasTarifrisikoschluessel": "STURM",
              "jahresNetto": 89.28,
              "bruttopreisFuerZahlweise": 25.97
            },
            {
              "taasTarifrisikoschluessel": "FEUER",
              "jahresNetto": 74.4,
              "bruttopreisFuerZahlweise": 21.64
            },
            {
              "taasTarifrisikoschluessel": "LEITUNGSWASSER",
              "jahresNetto": 106.08,
              "bruttopreisFuerZahlweise": 30.85
            },
            {
              "taasTarifrisikoschluessel": "GLAS_AUSSENFLAECHE",
              "jahresNetto": 47.64,
              "bruttopreisFuerZahlweise": 13.86
            }
          ],
          "treuebonus": 0,
          "linienBruttopreis": 78.46,
          "gesamtBruttopreisFuerZahlweise": 92.32,
          "gesamtBruttopreisJaehrlich": 369.26
        },
        {
          "zahlweise": "MONATLICH",
          "selbstbeteiligung": "SELBSTBETEILIGUNG_0000",
          "laufzeit": "DREI_JAHRE",
          "zaehlstuecke": 3,
          "bausteinPreise": [
            {
              "taasTarifrisikoschluessel": "STURM",
              "jahresNetto": 90.12,
              "bruttopreisFuerZahlweise": 8.74
            },
            {
              "taasTarifrisikoschluessel": "FEUER",
              "jahresNetto": 75.12,
              "bruttopreisFuerZahlweise": 7.28
            },
            {
              "taasTarifrisikoschluessel": "LEITUNGSWASSER",
              "jahresNetto": 107.04,
              "bruttopreisFuerZahlweise": 10.38
            },
            {
              "taasTarifrisikoschluessel": "GLAS_AUSSENFLAECHE",
              "jahresNetto": 48.12,
              "bruttopreisFuerZahlweise": 4.67
            }
          ],
          "treuebonus": 0,
          "linienBruttopreis": 26.4,
          "gesamtBruttopreisFuerZahlweise": 31.06,
          "gesamtBruttopreisJaehrlich": 372.75
        },
        {
          "zahlweise": "JAEHRLICH",
          "selbstbeteiligung": "SELBSTBETEILIGUNG_0000",
          "laufzeit": "EIN_JAHR",
          "zaehlstuecke": 4,
          "bausteinPreise": [
            {
              "taasTarifrisikoschluessel": "STURM",
              "jahresNetto": 85.08,
              "bruttopreisFuerZahlweise": 98.98
            },
            {
              "taasTarifrisikoschluessel": "FEUER",
              "jahresNetto": 70.92,
              "bruttopreisFuerZahlweise": 82.51
            },
            {
              "taasTarifrisikoschluessel": "LEITUNGSWASSER",
              "jahresNetto": 101.04,
              "bruttopreisFuerZahlweise": 117.55
            },
            {
              "taasTarifrisikoschluessel": "GLAS_AUSSENFLAECHE",
              "jahresNetto": 45.36,
              "bruttopreisFuerZahlweise": 52.77
            }
          ],
          "treuebonus": 0,
          "linienBruttopreis": 299.04,
          "gesamtBruttopreisFuerZahlweise": 351.81,
          "gesamtBruttopreisJaehrlich": 351.81
        },
        {
          "zahlweise": "HALBJAEHRLICH",
          "selbstbeteiligung": "SELBSTBETEILIGUNG_0000",
          "laufzeit": "EIN_JAHR",
          "zaehlstuecke": 4,
          "bausteinPreise": [
            {
              "taasTarifrisikoschluessel": "STURM",
              "jahresNetto": 87.6,
              "bruttopreisFuerZahlweise": 50.96
            },
            {
              "taasTarifrisikoschluessel": "FEUER",
              "jahresNetto": 73.08,
              "bruttopreisFuerZahlweise": 42.51
            },
            {
              "taasTarifrisikoschluessel": "LEITUNGSWASSER",
              "jahresNetto": 104.04,
              "bruttopreisFuerZahlweise": 60.52
            },
            {
              "taasTarifrisikoschluessel": "GLAS_AUSSENFLAECHE",
              "jahresNetto": 46.68,
              "bruttopreisFuerZahlweise": 27.15
            }
          ],
          "treuebonus": 0,
          "linienBruttopreis": 153.99,
          "gesamtBruttopreisFuerZahlweise": 181.14,
          "gesamtBruttopreisJaehrlich": 362.28
        },
        {
          "zahlweise": "VIERTELJAEHRLICH",
          "selbstbeteiligung": "SELBSTBETEILIGUNG_0000",
          "laufzeit": "EIN_JAHR",
          "zaehlstuecke": 4,
          "bausteinPreise": [
            {
              "taasTarifrisikoschluessel": "STURM",
              "jahresNetto": 89.28,
              "bruttopreisFuerZahlweise": 25.97
            },
            {
              "taasTarifrisikoschluessel": "FEUER",
              "jahresNetto": 74.4,
              "bruttopreisFuerZahlweise": 21.64
            },
            {
              "taasTarifrisikoschluessel": "LEITUNGSWASSER",
              "jahresNetto": 106.08,
              "bruttopreisFuerZahlweise": 30.85
            },
            {
              "taasTarifrisikoschluessel": "GLAS_AUSSENFLAECHE",
              "jahresNetto": 47.64,
              "bruttopreisFuerZahlweise": 13.86
            }
          ],
          "treuebonus": 0,
          "linienBruttopreis": 78.46,
          "gesamtBruttopreisFuerZahlweise": 92.32,
          "gesamtBruttopreisJaehrlich": 369.26
        },
        {
          "zahlweise": "MONATLICH",
          "selbstbeteiligung": "SELBSTBETEILIGUNG_0000",
          "laufzeit": "EIN_JAHR",
          "zaehlstuecke": 4,
          "bausteinPreise": [
            {
              "taasTarifrisikoschluessel": "STURM",
              "jahresNetto": 90.12,
              "bruttopreisFuerZahlweise": 8.74
            },
            {
              "taasTarifrisikoschluessel": "FEUER",
              "jahresNetto": 75.12,
              "bruttopreisFuerZahlweise": 7.28
            },
            {
              "taasTarifrisikoschluessel": "LEITUNGSWASSER",
              "jahresNetto": 107.04,
              "bruttopreisFuerZahlweise": 10.38
            },
            {
              "taasTarifrisikoschluessel": "GLAS_AUSSENFLAECHE",
              "jahresNetto": 48.12,
              "bruttopreisFuerZahlweise": 4.67
            }
          ],
          "treuebonus": 0,
          "linienBruttopreis": 26.4,
          "gesamtBruttopreisFuerZahlweise": 31.06,
          "gesamtBruttopreisJaehrlich": 372.75
        },
        {
          "zahlweise": "JAEHRLICH",
          "selbstbeteiligung": "SELBSTBETEILIGUNG_0000",
          "laufzeit": "DREI_JAHRE",
          "zaehlstuecke": 4,
          "bausteinPreise": [
            {
              "taasTarifrisikoschluessel": "STURM",
              "jahresNetto": 85.08,
              "bruttopreisFuerZahlweise": 98.98
            },
            {
              "taasTarifrisikoschluessel": "FEUER",
              "jahresNetto": 70.92,
              "bruttopreisFuerZahlweise": 82.51
            },
            {
              "taasTarifrisikoschluessel": "LEITUNGSWASSER",
              "jahresNetto": 101.04,
              "bruttopreisFuerZahlweise": 117.55
            },
            {
              "taasTarifrisikoschluessel": "GLAS_AUSSENFLAECHE",
              "jahresNetto": 45.36,
              "bruttopreisFuerZahlweise": 52.77
            }
          ],
          "treuebonus": 0,
          "linienBruttopreis": 299.04,
          "gesamtBruttopreisFuerZahlweise": 351.81,
          "gesamtBruttopreisJaehrlich": 351.81
        },
        {
          "zahlweise": "HALBJAEHRLICH",
          "selbstbeteiligung": "SELBSTBETEILIGUNG_0000",
          "laufzeit": "DREI_JAHRE",
          "zaehlstuecke": 4,
          "bausteinPreise": [
            {
              "taasTarifrisikoschluessel": "STURM",
              "jahresNetto": 87.6,
              "bruttopreisFuerZahlweise": 50.96
            },
            {
              "taasTarifrisikoschluessel": "FEUER",
              "jahresNetto": 73.08,
              "bruttopreisFuerZahlweise": 42.51
            },
            {
              "taasTarifrisikoschluessel": "LEITUNGSWASSER",
              "jahresNetto": 104.04,
              "bruttopreisFuerZahlweise": 60.52
            },
            {
              "taasTarifrisikoschluessel": "GLAS_AUSSENFLAECHE",
              "jahresNetto": 46.68,
              "bruttopreisFuerZahlweise": 27.15
            }
          ],
          "treuebonus": 0,
          "linienBruttopreis": 153.99,
          "gesamtBruttopreisFuerZahlweise": 181.14,
          "gesamtBruttopreisJaehrlich": 362.28
        },
        {
          "zahlweise": "VIERTELJAEHRLICH",
          "selbstbeteiligung": "SELBSTBETEILIGUNG_0000",
          "laufzeit": "DREI_JAHRE",
          "zaehlstuecke": 4,
          "bausteinPreise": [
            {
              "taasTarifrisikoschluessel": "STURM",
              "jahresNetto": 89.28,
              "bruttopreisFuerZahlweise": 25.97
            },
            {
              "taasTarifrisikoschluessel": "FEUER",
              "jahresNetto": 74.4,
              "bruttopreisFuerZahlweise": 21.64
            },
            {
              "taasTarifrisikoschluessel": "LEITUNGSWASSER",
              "jahresNetto": 106.08,
              "bruttopreisFuerZahlweise": 30.85
            },
            {
              "taasTarifrisikoschluessel": "GLAS_AUSSENFLAECHE",
              "jahresNetto": 47.64,
              "bruttopreisFuerZahlweise": 13.86
            }
          ],
          "treuebonus": 0,
          "linienBruttopreis": 78.46,
          "gesamtBruttopreisFuerZahlweise": 92.32,
          "gesamtBruttopreisJaehrlich": 369.26
        },
        {
          "zahlweise": "MONATLICH",
          "selbstbeteiligung": "SELBSTBETEILIGUNG_0000",
          "laufzeit": "DREI_JAHRE",
          "zaehlstuecke": 4,
          "bausteinPreise": [
            {
              "taasTarifrisikoschluessel": "STURM",
              "jahresNetto": 90.12,
              "bruttopreisFuerZahlweise": 8.74
            },
            {
              "taasTarifrisikoschluessel": "FEUER",
              "jahresNetto": 75.12,
              "bruttopreisFuerZahlweise": 7.28
            },
            {
              "taasTarifrisikoschluessel": "LEITUNGSWASSER",
              "jahresNetto": 107.04,
              "bruttopreisFuerZahlweise": 10.38
            },
            {
              "taasTarifrisikoschluessel": "GLAS_AUSSENFLAECHE",
              "jahresNetto": 48.12,
              "bruttopreisFuerZahlweise": 4.67
            }
          ],
          "treuebonus": 0,
          "linienBruttopreis": 26.4,
          "gesamtBruttopreisFuerZahlweise": 31.06,
          "gesamtBruttopreisJaehrlich": 372.75
        },
        {
          "zahlweise": "JAEHRLICH",
          "selbstbeteiligung": "SELBSTBETEILIGUNG_0000",
          "laufzeit": "EIN_JAHR",
          "zaehlstuecke": 5,
          "bausteinPreise": [
            {
              "taasTarifrisikoschluessel": "STURM",
              "jahresNetto": 85.08,
              "bruttopreisFuerZahlweise": 98.98
            },
            {
              "taasTarifrisikoschluessel": "FEUER",
              "jahresNetto": 70.92,
              "bruttopreisFuerZahlweise": 82.51
            },
            {
              "taasTarifrisikoschluessel": "LEITUNGSWASSER",
              "jahresNetto": 101.04,
              "bruttopreisFuerZahlweise": 117.55
            },
            {
              "taasTarifrisikoschluessel": "GLAS_AUSSENFLAECHE",
              "jahresNetto": 45.36,
              "bruttopreisFuerZahlweise": 52.77
            }
          ],
          "treuebonus": 0,
          "linienBruttopreis": 299.04,
          "gesamtBruttopreisFuerZahlweise": 351.81,
          "gesamtBruttopreisJaehrlich": 351.81
        },
        {
          "zahlweise": "HALBJAEHRLICH",
          "selbstbeteiligung": "SELBSTBETEILIGUNG_0000",
          "laufzeit": "EIN_JAHR",
          "zaehlstuecke": 5,
          "bausteinPreise": [
            {
              "taasTarifrisikoschluessel": "STURM",
              "jahresNetto": 87.6,
              "bruttopreisFuerZahlweise": 50.96
            },
            {
              "taasTarifrisikoschluessel": "FEUER",
              "jahresNetto": 73.08,
              "bruttopreisFuerZahlweise": 42.51
            },
            {
              "taasTarifrisikoschluessel": "LEITUNGSWASSER",
              "jahresNetto": 104.04,
              "bruttopreisFuerZahlweise": 60.52
            },
            {
              "taasTarifrisikoschluessel": "GLAS_AUSSENFLAECHE",
              "jahresNetto": 46.68,
              "bruttopreisFuerZahlweise": 27.15
            }
          ],
          "treuebonus": 0,
          "linienBruttopreis": 153.99,
          "gesamtBruttopreisFuerZahlweise": 181.14,
          "gesamtBruttopreisJaehrlich": 362.28
        },
        {
          "zahlweise": "VIERTELJAEHRLICH",
          "selbstbeteiligung": "SELBSTBETEILIGUNG_0000",
          "laufzeit": "EIN_JAHR",
          "zaehlstuecke": 5,
          "bausteinPreise": [
            {
              "taasTarifrisikoschluessel": "STURM",
              "jahresNetto": 89.28,
              "bruttopreisFuerZahlweise": 25.97
            },
            {
              "taasTarifrisikoschluessel": "FEUER",
              "jahresNetto": 74.4,
              "bruttopreisFuerZahlweise": 21.64
            },
            {
              "taasTarifrisikoschluessel": "LEITUNGSWASSER",
              "jahresNetto": 106.08,
              "bruttopreisFuerZahlweise": 30.85
            },
            {
              "taasTarifrisikoschluessel": "GLAS_AUSSENFLAECHE",
              "jahresNetto": 47.64,
              "bruttopreisFuerZahlweise": 13.86
            }
          ],
          "treuebonus": 0,
          "linienBruttopreis": 78.46,
          "gesamtBruttopreisFuerZahlweise": 92.32,
          "gesamtBruttopreisJaehrlich": 369.26
        },
        {
          "zahlweise": "MONATLICH",
          "selbstbeteiligung": "SELBSTBETEILIGUNG_0000",
          "laufzeit": "EIN_JAHR",
          "zaehlstuecke": 5,
          "bausteinPreise": [
            {
              "taasTarifrisikoschluessel": "STURM",
              "jahresNetto": 90.12,
              "bruttopreisFuerZahlweise": 8.74
            },
            {
              "taasTarifrisikoschluessel": "FEUER",
              "jahresNetto": 75.12,
              "bruttopreisFuerZahlweise": 7.28
            },
            {
              "taasTarifrisikoschluessel": "LEITUNGSWASSER",
              "jahresNetto": 107.04,
              "bruttopreisFuerZahlweise": 10.38
            },
            {
              "taasTarifrisikoschluessel": "GLAS_AUSSENFLAECHE",
              "jahresNetto": 48.12,
              "bruttopreisFuerZahlweise": 4.67
            }
          ],
          "treuebonus": 0,
          "linienBruttopreis": 26.4,
          "gesamtBruttopreisFuerZahlweise": 31.06,
          "gesamtBruttopreisJaehrlich": 372.75
        },
        {
          "zahlweise": "JAEHRLICH",
          "selbstbeteiligung": "SELBSTBETEILIGUNG_0000",
          "laufzeit": "DREI_JAHRE",
          "zaehlstuecke": 5,
          "bausteinPreise": [
            {
              "taasTarifrisikoschluessel": "STURM",
              "jahresNetto": 85.08,
              "bruttopreisFuerZahlweise": 98.98
            },
            {
              "taasTarifrisikoschluessel": "FEUER",
              "jahresNetto": 70.92,
              "bruttopreisFuerZahlweise": 82.51
            },
            {
              "taasTarifrisikoschluessel": "LEITUNGSWASSER",
              "jahresNetto": 101.04,
              "bruttopreisFuerZahlweise": 117.55
            },
            {
              "taasTarifrisikoschluessel": "GLAS_AUSSENFLAECHE",
              "jahresNetto": 45.36,
              "bruttopreisFuerZahlweise": 52.77
            }
          ],
          "treuebonus": 0,
          "linienBruttopreis": 299.04,
          "gesamtBruttopreisFuerZahlweise": 351.81,
          "gesamtBruttopreisJaehrlich": 351.81
        },
        {
          "zahlweise": "HALBJAEHRLICH",
          "selbstbeteiligung": "SELBSTBETEILIGUNG_0000",
          "laufzeit": "DREI_JAHRE",
          "zaehlstuecke": 5,
          "bausteinPreise": [
            {
              "taasTarifrisikoschluessel": "STURM",
              "jahresNetto": 87.6,
              "bruttopreisFuerZahlweise": 50.96
            },
            {
              "taasTarifrisikoschluessel": "FEUER",
              "jahresNetto": 73.08,
              "bruttopreisFuerZahlweise": 42.51
            },
            {
              "taasTarifrisikoschluessel": "LEITUNGSWASSER",
              "jahresNetto": 104.04,
              "bruttopreisFuerZahlweise": 60.52
            },
            {
              "taasTarifrisikoschluessel": "GLAS_AUSSENFLAECHE",
              "jahresNetto": 46.68,
              "bruttopreisFuerZahlweise": 27.15
            }
          ],
          "treuebonus": 0,
          "linienBruttopreis": 153.99,
          "gesamtBruttopreisFuerZahlweise": 181.14,
          "gesamtBruttopreisJaehrlich": 362.28
        },
        {
          "zahlweise": "VIERTELJAEHRLICH",
          "selbstbeteiligung": "SELBSTBETEILIGUNG_0000",
          "laufzeit": "DREI_JAHRE",
          "zaehlstuecke": 5,
          "bausteinPreise": [
            {
              "taasTarifrisikoschluessel": "STURM",
              "jahresNetto": 89.28,
              "bruttopreisFuerZahlweise": 25.97
            },
            {
              "taasTarifrisikoschluessel": "FEUER",
              "jahresNetto": 74.4,
              "bruttopreisFuerZahlweise": 21.64
            },
            {
              "taasTarifrisikoschluessel": "LEITUNGSWASSER",
              "jahresNetto": 106.08,
              "bruttopreisFuerZahlweise": 30.85
            },
            {
              "taasTarifrisikoschluessel": "GLAS_AUSSENFLAECHE",
              "jahresNetto": 47.64,
              "bruttopreisFuerZahlweise": 13.86
            }
          ],
          "treuebonus": 0,
          "linienBruttopreis": 78.46,
          "gesamtBruttopreisFuerZahlweise": 92.32,
          "gesamtBruttopreisJaehrlich": 369.26
        },
        {
          "zahlweise": "MONATLICH",
          "selbstbeteiligung": "SELBSTBETEILIGUNG_0000",
          "laufzeit": "DREI_JAHRE",
          "zaehlstuecke": 5,
          "bausteinPreise": [
            {
              "taasTarifrisikoschluessel": "STURM",
              "jahresNetto": 90.12,
              "bruttopreisFuerZahlweise": 8.74
            },
            {
              "taasTarifrisikoschluessel": "FEUER",
              "jahresNetto": 75.12,
              "bruttopreisFuerZahlweise": 7.28
            },
            {
              "taasTarifrisikoschluessel": "LEITUNGSWASSER",
              "jahresNetto": 107.04,
              "bruttopreisFuerZahlweise": 10.38
            },
            {
              "taasTarifrisikoschluessel": "GLAS_AUSSENFLAECHE",
              "jahresNetto": 48.12,
              "bruttopreisFuerZahlweise": 4.67
            }
          ],
          "treuebonus": 0,
          "linienBruttopreis": 26.4,
          "gesamtBruttopreisFuerZahlweise": 31.06,
          "gesamtBruttopreisJaehrlich": 372.75
        }
      ]
    }
  ],
  "gisDaten": {
    "konvergenz150": -53.45,
    "konvergenz300": -27.19,
    "steigung": 0.61,
    "bodenversiegelung": 79,
    "bewaldungsdichte": 5,
    "bewaldungsart100": 0,
    "bewaldungsart20": 0,
    "hoehe": 79,
    "flutzone": 1,
    "landform": 2,
    "senke": 0,
    "bachzone": 0,
    "gebaeudeGrundflaeche": 9999,
    "starkregenzone": 2,
    "zuersGefaehrdungsklasse": 1,
    "latitude": null,
    "longitude": null,
    "gleitenderNeuwert": null,
    "matchcode": null
  },
  "elementarSB": {
    "id": "1",
    "description": "<b>Vorteil bei Komfort und Premium:</b></br> Zusätzlich mitversichert sind Überschwemmungen von Terrassen, Balkonen, Flachdächern, Dachrinnen, Treppenabgängen und Lichtschächten. Beispiel: Eine Dachterrasse oder ein Balkon wird durch Starkregen überflutet und Wasser dringt in das Haus ein.</br> </br><b>Für diesen Baustein gilt eine Selbstbeteiligung je Schadenfall von maximal:</b> <ul><li>500 EUR für Überschwemmungsschäden</li><li>500 EUR für Rückstauschäden </li><li>3.000 EUR für Erdbebenschäden</li> </ul> </br> <b>Wartezeit:</b> </br>Für Schäden durch Ausuferung von oberirdischen Binnengewässern beginnt der Versicherungsschutz bei Neuabschluss einer Wohngebäudeversicherung erst 7 Tage nach dem vereinbarten Versicherungsbeginn. Die Wartezeit entfällt, sofern unmittelbar vor Versicherungsbeginn anderweitig bereits entsprechender Versicherungsschutz bestanden hat."
  },
  "taasStatus": {
    "fehlermeldung": "",
    "returnCodeTaas": "KEIN_FEHLER",
    "fehlerCode": "000000"
  },
  "deltafaktoren": null,
  "vorvertraegeVorschaeden": null
}
