{
  "produktlinien": [
    {
      "salesProductName": "SMART",
      "rbdMax": null,
      "preisverzeichnis": 3,
      "salesProduktVariants": [
        {
          "zahlweise": "JAEHRLICH",
          "selbstbeteiligung": "SELBSTBETEILIGUNG_0000",
          "laufzeit": "EIN_JAHR",
          "zaehlstuecke": 0,
          "bausteinPreise": [
            {
              "taasTarifrisikoschluessel": "OEL",
              "jahresNetto": 29.04,
              "bruttopreisFuerZahlweise": 34.56
            },
            {
              "taasTarifrisikoschluessel": "VM",
              "jahresNetto": 24,
              "bruttopreisFuerZahlweise": 28.56
            },
            {
              "taasTarifrisikoschluessel": "OED",
              "jahresNetto": 46.08,
              "bruttopreisFuerZahlweise": 54.84
            },
            {
              "taasTarifrisikoschluessel": "HA",
              "jahresNetto": 100.92,
              "bruttopreisFuerZahlweise": 120.09
            }
          ],
          "treuebonus": 0,
          "linienBruttopreis": 120.09,
          "gesamtBruttopreisFuerZahlweise": 238.05,
          "gesamtBruttopreisJaehrlich": 238.05
        },
        {
          "zahlweise": "HALBJAEHRLICH",
          "selbstbeteiligung": "SELBSTBETEILIGUNG_0000",
          "laufzeit": "EIN_JAHR",
          "zaehlstuecke": 0,
          "bausteinPreise": [
            {
              "taasTarifrisikoschluessel": "OEL",
              "jahresNetto": 30,
              "bruttopreisFuerZahlweise": 17.85
            },
            {
              "taasTarifrisikoschluessel": "VM",
              "jahresNetto": 24.6,
              "bruttopreisFuerZahlweise": 14.64
            },
            {
              "taasTarifrisikoschluessel": "OED",
              "jahresNetto": 47.52,
              "bruttopreisFuerZahlweise": 28.27
            },
            {
              "taasTarifrisikoschluessel": "HA",
              "jahresNetto": 103.92,
              "bruttopreisFuerZahlweise": 61.83
            }
          ],
          "treuebonus": 0,
          "linienBruttopreis": 61.83,
          "gesamtBruttopreisFuerZahlweise": 122.59,
          "gesamtBruttopreisJaehrlich": 245.19
        },
        {
          "zahlweise": "VIERTELJAEHRLICH",
          "selbstbeteiligung": "SELBSTBETEILIGUNG_0000",
          "laufzeit": "EIN_JAHR",
          "zaehlstuecke": 0,
          "bausteinPreise": [
            {
              "taasTarifrisikoschluessel": "OEL",
              "jahresNetto": 30.48,
              "bruttopreisFuerZahlweise": 9.07
            },
            {
              "taasTarifrisikoschluessel": "VM",
              "jahresNetto": 25.08,
              "bruttopreisFuerZahlweise": 7.46
            },
            {
              "taasTarifrisikoschluessel": "OED",
              "jahresNetto": 48.36,
              "bruttopreisFuerZahlweise": 14.39
            },
            {
              "taasTarifrisikoschluessel": "HA",
              "jahresNetto": 105.96,
              "bruttopreisFuerZahlweise": 31.52
            }
          ],
          "treuebonus": 0,
          "linienBruttopreis": 31.52,
          "gesamtBruttopreisFuerZahlweise": 62.44,
          "gesamtBruttopreisJaehrlich": 249.76
        },
        {
          "zahlweise": "MONATLICH",
          "selbstbeteiligung": "SELBSTBETEILIGUNG_0000",
          "laufzeit": "EIN_JAHR",
          "zaehlstuecke": 0,
          "bausteinPreise": [
            {
              "taasTarifrisikoschluessel": "OEL",
              "jahresNetto": 30.84,
              "bruttopreisFuerZahlweise": 3.06
            },
            {
              "taasTarifrisikoschluessel": "VM",
              "jahresNetto": 25.32,
              "bruttopreisFuerZahlweise": 2.51
            },
            {
              "taasTarifrisikoschluessel": "OED",
              "jahresNetto": 48.84,
              "bruttopreisFuerZahlweise": 4.84
            },
            {
              "taasTarifrisikoschluessel": "HA",
              "jahresNetto": 106.92,
              "bruttopreisFuerZahlweise": 10.6
            }
          ],
          "treuebonus": 0,
          "linienBruttopreis": 10.6,
          "gesamtBruttopreisFuerZahlweise": 21.02,
          "gesamtBruttopreisJaehrlich": 252.18
        },
        {
          "zahlweise": "JAEHRLICH",
          "selbstbeteiligung": "SELBSTBETEILIGUNG_0000",
          "laufzeit": "DREI_JAHRE",
          "zaehlstuecke": 0,
          "bausteinPreise": [
            {
              "taasTarifrisikoschluessel": "OEL",
              "jahresNetto": 29.04,
              "bruttopreisFuerZahlweise": 34.56
            },
            {
              "taasTarifrisikoschluessel": "VM",
              "jahresNetto": 24,
              "bruttopreisFuerZahlweise": 28.56
            },
            {
              "taasTarifrisikoschluessel": "OED",
              "jahresNetto": 46.08,
              "bruttopreisFuerZahlweise": 54.84
            },
            {
              "taasTarifrisikoschluessel": "HA",
              "jahresNetto": 100.92,
              "bruttopreisFuerZahlweise": 120.09
            }
          ],
          "treuebonus": 25,
          "linienBruttopreis": 120.09,
          "gesamtBruttopreisFuerZahlweise": 238.05,
          "gesamtBruttopreisJaehrlich": 238.05
        },
        {
          "zahlweise": "HALBJAEHRLICH",
          "selbstbeteiligung": "SELBSTBETEILIGUNG_0000",
          "laufzeit": "DREI_JAHRE",
          "zaehlstuecke": 0,
          "bausteinPreise": [
            {
              "taasTarifrisikoschluessel": "OEL",
              "jahresNetto": 29.04,
              "bruttopreisFuerZahlweise": 17.28
            },
            {
              "taasTarifrisikoschluessel": "VM",
              "jahresNetto": 24,
              "bruttopreisFuerZahlweise": 14.28
            },
            {
              "taasTarifrisikoschluessel": "OED",
              "jahresNetto": 46.08,
              "bruttopreisFuerZahlweise": 27.42
            },
            {
              "taasTarifrisikoschluessel": "HA",
              "jahresNetto": 100.92,
              "bruttopreisFuerZahlweise": 60.05
            }
          ],
          "treuebonus": 25,
          "linienBruttopreis": 60.05,
          "gesamtBruttopreisFuerZahlweise": 119.02,
          "gesamtBruttopreisJaehrlich": 238.05
        },
        {
          "zahlweise": "VIERTELJAEHRLICH",
          "selbstbeteiligung": "SELBSTBETEILIGUNG_0000",
          "laufzeit": "DREI_JAHRE",
          "zaehlstuecke": 0,
          "bausteinPreise": [
            {
              "taasTarifrisikoschluessel": "OEL",
              "jahresNetto": 29.04,
              "bruttopreisFuerZahlweise": 8.64
            },
            {
              "taasTarifrisikoschluessel": "VM",
              "jahresNetto": 24,
              "bruttopreisFuerZahlweise": 7.14
            },
            {
              "taasTarifrisikoschluessel": "OED",
              "jahresNetto": 46.08,
              "bruttopreisFuerZahlweise": 13.71
            },
            {
              "taasTarifrisikoschluessel": "HA",
              "jahresNetto": 100.92,
              "bruttopreisFuerZahlweise": 30.02
            }
          ],
          "treuebonus": 25,
          "linienBruttopreis": 30.02,
          "gesamtBruttopreisFuerZahlweise": 59.51,
          "gesamtBruttopreisJaehrlich": 238.05
        },
        {
          "zahlweise": "MONATLICH",
          "selbstbeteiligung": "SELBSTBETEILIGUNG_0000",
          "laufzeit": "DREI_JAHRE",
          "zaehlstuecke": 0,
          "bausteinPreise": [
            {
              "taasTarifrisikoschluessel": "OEL",
              "jahresNetto": 29.04,
              "bruttopreisFuerZahlweise": 2.88
            },
            {
              "taasTarifrisikoschluessel": "VM",
              "jahresNetto": 24,
              "bruttopreisFuerZahlweise": 2.38
            },
            {
              "taasTarifrisikoschluessel": "OED",
              "jahresNetto": 46.08,
              "bruttopreisFuerZahlweise": 4.57
            },
            {
              "taasTarifrisikoschluessel": "HA",
              "jahresNetto": 100.92,
              "bruttopreisFuerZahlweise": 10.01
            }
          ],
          "treuebonus": 25,
          "linienBruttopreis": 10.01,
          "gesamtBruttopreisFuerZahlweise": 19.84,
          "gesamtBruttopreisJaehrlich": 238.05
        },
        {
          "zahlweise": "JAEHRLICH",
          "selbstbeteiligung": "SELBSTBETEILIGUNG_0000",
          "laufzeit": "EIN_JAHR",
          "zaehlstuecke": 1,
          "bausteinPreise": [
            {
              "taasTarifrisikoschluessel": "OEL",
              "jahresNetto": 29.04,
              "bruttopreisFuerZahlweise": 34.56
            },
            {
              "taasTarifrisikoschluessel": "VM",
              "jahresNetto": 24,
              "bruttopreisFuerZahlweise": 28.56
            },
            {
              "taasTarifrisikoschluessel": "OED",
              "jahresNetto": 46.08,
              "bruttopreisFuerZahlweise": 54.84
            },
            {
              "taasTarifrisikoschluessel": "HA",
              "jahresNetto": 100.92,
              "bruttopreisFuerZahlweise": 120.09
            }
          ],
          "treuebonus": 0,
          "linienBruttopreis": 120.09,
          "gesamtBruttopreisFuerZahlweise": 238.05,
          "gesamtBruttopreisJaehrlich": 238.05
        },
        {
          "zahlweise": "HALBJAEHRLICH",
          "selbstbeteiligung": "SELBSTBETEILIGUNG_0000",
          "laufzeit": "EIN_JAHR",
          "zaehlstuecke": 1,
          "bausteinPreise": [
            {
              "taasTarifrisikoschluessel": "OEL",
              "jahresNetto": 30,
              "bruttopreisFuerZahlweise": 17.85
            },
            {
              "taasTarifrisikoschluessel": "VM",
              "jahresNetto": 24.6,
              "bruttopreisFuerZahlweise": 14.64
            },
            {
              "taasTarifrisikoschluessel": "OED",
              "jahresNetto": 47.52,
              "bruttopreisFuerZahlweise": 28.27
            },
            {
              "taasTarifrisikoschluessel": "HA",
              "jahresNetto": 103.92,
              "bruttopreisFuerZahlweise": 61.83
            }
          ],
          "treuebonus": 0,
          "linienBruttopreis": 61.83,
          "gesamtBruttopreisFuerZahlweise": 122.59,
          "gesamtBruttopreisJaehrlich": 245.19
        },
        {
          "zahlweise": "VIERTELJAEHRLICH",
          "selbstbeteiligung": "SELBSTBETEILIGUNG_0000",
          "laufzeit": "EIN_JAHR",
          "zaehlstuecke": 1,
          "bausteinPreise": [
            {
              "taasTarifrisikoschluessel": "OEL",
              "jahresNetto": 30.48,
              "bruttopreisFuerZahlweise": 9.07
            },
            {
              "taasTarifrisikoschluessel": "VM",
              "jahresNetto": 25.08,
              "bruttopreisFuerZahlweise": 7.46
            },
            {
              "taasTarifrisikoschluessel": "OED",
              "jahresNetto": 48.36,
              "bruttopreisFuerZahlweise": 14.39
            },
            {
              "taasTarifrisikoschluessel": "HA",
              "jahresNetto": 105.96,
              "bruttopreisFuerZahlweise": 31.52
            }
          ],
          "treuebonus": 0,
          "linienBruttopreis": 31.52,
          "gesamtBruttopreisFuerZahlweise": 62.44,
          "gesamtBruttopreisJaehrlich": 249.76
        },
        {
          "zahlweise": "MONATLICH",
          "selbstbeteiligung": "SELBSTBETEILIGUNG_0000",
          "laufzeit": "EIN_JAHR",
          "zaehlstuecke": 1,
          "bausteinPreise": [
            {
              "taasTarifrisikoschluessel": "OEL",
              "jahresNetto": 30.84,
              "bruttopreisFuerZahlweise": 3.06
            },
            {
              "taasTarifrisikoschluessel": "VM",
              "jahresNetto": 25.32,
              "bruttopreisFuerZahlweise": 2.51
            },
            {
              "taasTarifrisikoschluessel": "OED",
              "jahresNetto": 48.84,
              "bruttopreisFuerZahlweise": 4.84
            },
            {
              "taasTarifrisikoschluessel": "HA",
              "jahresNetto": 106.92,
              "bruttopreisFuerZahlweise": 10.6
            }
          ],
          "treuebonus": 0,
          "linienBruttopreis": 10.6,
          "gesamtBruttopreisFuerZahlweise": 21.02,
          "gesamtBruttopreisJaehrlich": 252.18
        },
        {
          "zahlweise": "JAEHRLICH",
          "selbstbeteiligung": "SELBSTBETEILIGUNG_0000",
          "laufzeit": "DREI_JAHRE",
          "zaehlstuecke": 1,
          "bausteinPreise": [
            {
              "taasTarifrisikoschluessel": "OEL",
              "jahresNetto": 29.04,
              "bruttopreisFuerZahlweise": 34.56
            },
            {
              "taasTarifrisikoschluessel": "VM",
              "jahresNetto": 24,
              "bruttopreisFuerZahlweise": 28.56
            },
            {
              "taasTarifrisikoschluessel": "OED",
              "jahresNetto": 46.08,
              "bruttopreisFuerZahlweise": 54.84
            },
            {
              "taasTarifrisikoschluessel": "HA",
              "jahresNetto": 100.92,
              "bruttopreisFuerZahlweise": 120.09
            }
          ],
          "treuebonus": 25,
          "linienBruttopreis": 120.09,
          "gesamtBruttopreisFuerZahlweise": 238.05,
          "gesamtBruttopreisJaehrlich": 238.05
        },
        {
          "zahlweise": "HALBJAEHRLICH",
          "selbstbeteiligung": "SELBSTBETEILIGUNG_0000",
          "laufzeit": "DREI_JAHRE",
          "zaehlstuecke": 1,
          "bausteinPreise": [
            {
              "taasTarifrisikoschluessel": "OEL",
              "jahresNetto": 29.04,
              "bruttopreisFuerZahlweise": 17.28
            },
            {
              "taasTarifrisikoschluessel": "VM",
              "jahresNetto": 24,
              "bruttopreisFuerZahlweise": 14.28
            },
            {
              "taasTarifrisikoschluessel": "OED",
              "jahresNetto": 46.08,
              "bruttopreisFuerZahlweise": 27.42
            },
            {
              "taasTarifrisikoschluessel": "HA",
              "jahresNetto": 100.92,
              "bruttopreisFuerZahlweise": 60.05
            }
          ],
          "treuebonus": 25,
          "linienBruttopreis": 60.05,
          "gesamtBruttopreisFuerZahlweise": 119.02,
          "gesamtBruttopreisJaehrlich": 238.05
        },
        {
          "zahlweise": "VIERTELJAEHRLICH",
          "selbstbeteiligung": "SELBSTBETEILIGUNG_0000",
          "laufzeit": "DREI_JAHRE",
          "zaehlstuecke": 1,
          "bausteinPreise": [
            {
              "taasTarifrisikoschluessel": "OEL",
              "jahresNetto": 29.04,
              "bruttopreisFuerZahlweise": 8.64
            },
            {
              "taasTarifrisikoschluessel": "VM",
              "jahresNetto": 24,
              "bruttopreisFuerZahlweise": 7.14
            },
            {
              "taasTarifrisikoschluessel": "OED",
              "jahresNetto": 46.08,
              "bruttopreisFuerZahlweise": 13.71
            },
            {
              "taasTarifrisikoschluessel": "HA",
              "jahresNetto": 100.92,
              "bruttopreisFuerZahlweise": 30.02
            }
          ],
          "treuebonus": 25,
          "linienBruttopreis": 30.02,
          "gesamtBruttopreisFuerZahlweise": 59.51,
          "gesamtBruttopreisJaehrlich": 238.05
        },
        {
          "zahlweise": "MONATLICH",
          "selbstbeteiligung": "SELBSTBETEILIGUNG_0000",
          "laufzeit": "DREI_JAHRE",
          "zaehlstuecke": 1,
          "bausteinPreise": [
            {
              "taasTarifrisikoschluessel": "OEL",
              "jahresNetto": 29.04,
              "bruttopreisFuerZahlweise": 2.88
            },
            {
              "taasTarifrisikoschluessel": "VM",
              "jahresNetto": 24,
              "bruttopreisFuerZahlweise": 2.38
            },
            {
              "taasTarifrisikoschluessel": "OED",
              "jahresNetto": 46.08,
              "bruttopreisFuerZahlweise": 4.57
            },
            {
              "taasTarifrisikoschluessel": "HA",
              "jahresNetto": 100.92,
              "bruttopreisFuerZahlweise": 10.01
            }
          ],
          "treuebonus": 25,
          "linienBruttopreis": 10.01,
          "gesamtBruttopreisFuerZahlweise": 19.84,
          "gesamtBruttopreisJaehrlich": 238.05
        },
        {
          "zahlweise": "JAEHRLICH",
          "selbstbeteiligung": "SELBSTBETEILIGUNG_0000",
          "laufzeit": "EIN_JAHR",
          "zaehlstuecke": 2,
          "bausteinPreise": [
            {
              "taasTarifrisikoschluessel": "OEL",
              "jahresNetto": 29.04,
              "bruttopreisFuerZahlweise": 34.56
            },
            {
              "taasTarifrisikoschluessel": "VM",
              "jahresNetto": 24,
              "bruttopreisFuerZahlweise": 28.56
            },
            {
              "taasTarifrisikoschluessel": "OED",
              "jahresNetto": 46.08,
              "bruttopreisFuerZahlweise": 54.84
            },
            {
              "taasTarifrisikoschluessel": "HA",
              "jahresNetto": 100.92,
              "bruttopreisFuerZahlweise": 120.09
            }
          ],
          "treuebonus": 0,
          "linienBruttopreis": 120.09,
          "gesamtBruttopreisFuerZahlweise": 238.05,
          "gesamtBruttopreisJaehrlich": 238.05
        },
        {
          "zahlweise": "HALBJAEHRLICH",
          "selbstbeteiligung": "SELBSTBETEILIGUNG_0000",
          "laufzeit": "EIN_JAHR",
          "zaehlstuecke": 2,
          "bausteinPreise": [
            {
              "taasTarifrisikoschluessel": "OEL",
              "jahresNetto": 30,
              "bruttopreisFuerZahlweise": 17.85
            },
            {
              "taasTarifrisikoschluessel": "VM",
              "jahresNetto": 24.6,
              "bruttopreisFuerZahlweise": 14.64
            },
            {
              "taasTarifrisikoschluessel": "OED",
              "jahresNetto": 47.52,
              "bruttopreisFuerZahlweise": 28.27
            },
            {
              "taasTarifrisikoschluessel": "HA",
              "jahresNetto": 103.92,
              "bruttopreisFuerZahlweise": 61.83
            }
          ],
          "treuebonus": 0,
          "linienBruttopreis": 61.83,
          "gesamtBruttopreisFuerZahlweise": 122.59,
          "gesamtBruttopreisJaehrlich": 245.19
        },
        {
          "zahlweise": "VIERTELJAEHRLICH",
          "selbstbeteiligung": "SELBSTBETEILIGUNG_0000",
          "laufzeit": "EIN_JAHR",
          "zaehlstuecke": 2,
          "bausteinPreise": [
            {
              "taasTarifrisikoschluessel": "OEL",
              "jahresNetto": 30.48,
              "bruttopreisFuerZahlweise": 9.07
            },
            {
              "taasTarifrisikoschluessel": "VM",
              "jahresNetto": 25.08,
              "bruttopreisFuerZahlweise": 7.46
            },
            {
              "taasTarifrisikoschluessel": "OED",
              "jahresNetto": 48.36,
              "bruttopreisFuerZahlweise": 14.39
            },
            {
              "taasTarifrisikoschluessel": "HA",
              "jahresNetto": 105.96,
              "bruttopreisFuerZahlweise": 31.52
            }
          ],
          "treuebonus": 0,
          "linienBruttopreis": 31.52,
          "gesamtBruttopreisFuerZahlweise": 62.44,
          "gesamtBruttopreisJaehrlich": 249.76
        },
        {
          "zahlweise": "MONATLICH",
          "selbstbeteiligung": "SELBSTBETEILIGUNG_0000",
          "laufzeit": "EIN_JAHR",
          "zaehlstuecke": 2,
          "bausteinPreise": [
            {
              "taasTarifrisikoschluessel": "OEL",
              "jahresNetto": 30.84,
              "bruttopreisFuerZahlweise": 3.06
            },
            {
              "taasTarifrisikoschluessel": "VM",
              "jahresNetto": 25.32,
              "bruttopreisFuerZahlweise": 2.51
            },
            {
              "taasTarifrisikoschluessel": "OED",
              "jahresNetto": 48.84,
              "bruttopreisFuerZahlweise": 4.84
            },
            {
              "taasTarifrisikoschluessel": "HA",
              "jahresNetto": 106.92,
              "bruttopreisFuerZahlweise": 10.6
            }
          ],
          "treuebonus": 0,
          "linienBruttopreis": 10.6,
          "gesamtBruttopreisFuerZahlweise": 21.02,
          "gesamtBruttopreisJaehrlich": 252.18
        },
        {
          "zahlweise": "JAEHRLICH",
          "selbstbeteiligung": "SELBSTBETEILIGUNG_0000",
          "laufzeit": "DREI_JAHRE",
          "zaehlstuecke": 2,
          "bausteinPreise": [
            {
              "taasTarifrisikoschluessel": "OEL",
              "jahresNetto": 29.04,
              "bruttopreisFuerZahlweise": 34.56
            },
            {
              "taasTarifrisikoschluessel": "VM",
              "jahresNetto": 24,
              "bruttopreisFuerZahlweise": 28.56
            },
            {
              "taasTarifrisikoschluessel": "OED",
              "jahresNetto": 46.08,
              "bruttopreisFuerZahlweise": 54.84
            },
            {
              "taasTarifrisikoschluessel": "HA",
              "jahresNetto": 100.92,
              "bruttopreisFuerZahlweise": 120.09
            }
          ],
          "treuebonus": 25,
          "linienBruttopreis": 120.09,
          "gesamtBruttopreisFuerZahlweise": 238.05,
          "gesamtBruttopreisJaehrlich": 238.05
        },
        {
          "zahlweise": "HALBJAEHRLICH",
          "selbstbeteiligung": "SELBSTBETEILIGUNG_0000",
          "laufzeit": "DREI_JAHRE",
          "zaehlstuecke": 2,
          "bausteinPreise": [
            {
              "taasTarifrisikoschluessel": "OEL",
              "jahresNetto": 29.04,
              "bruttopreisFuerZahlweise": 17.28
            },
            {
              "taasTarifrisikoschluessel": "VM",
              "jahresNetto": 24,
              "bruttopreisFuerZahlweise": 14.28
            },
            {
              "taasTarifrisikoschluessel": "OED",
              "jahresNetto": 46.08,
              "bruttopreisFuerZahlweise": 27.42
            },
            {
              "taasTarifrisikoschluessel": "HA",
              "jahresNetto": 100.92,
              "bruttopreisFuerZahlweise": 60.05
            }
          ],
          "treuebonus": 25,
          "linienBruttopreis": 60.05,
          "gesamtBruttopreisFuerZahlweise": 119.02,
          "gesamtBruttopreisJaehrlich": 238.05
        },
        {
          "zahlweise": "VIERTELJAEHRLICH",
          "selbstbeteiligung": "SELBSTBETEILIGUNG_0000",
          "laufzeit": "DREI_JAHRE",
          "zaehlstuecke": 2,
          "bausteinPreise": [
            {
              "taasTarifrisikoschluessel": "OEL",
              "jahresNetto": 29.04,
              "bruttopreisFuerZahlweise": 8.64
            },
            {
              "taasTarifrisikoschluessel": "VM",
              "jahresNetto": 24,
              "bruttopreisFuerZahlweise": 7.14
            },
            {
              "taasTarifrisikoschluessel": "OED",
              "jahresNetto": 46.08,
              "bruttopreisFuerZahlweise": 13.71
            },
            {
              "taasTarifrisikoschluessel": "HA",
              "jahresNetto": 100.92,
              "bruttopreisFuerZahlweise": 30.02
            }
          ],
          "treuebonus": 25,
          "linienBruttopreis": 30.02,
          "gesamtBruttopreisFuerZahlweise": 59.51,
          "gesamtBruttopreisJaehrlich": 238.05
        },
        {
          "zahlweise": "MONATLICH",
          "selbstbeteiligung": "SELBSTBETEILIGUNG_0000",
          "laufzeit": "DREI_JAHRE",
          "zaehlstuecke": 2,
          "bausteinPreise": [
            {
              "taasTarifrisikoschluessel": "OEL",
              "jahresNetto": 29.04,
              "bruttopreisFuerZahlweise": 2.88
            },
            {
              "taasTarifrisikoschluessel": "VM",
              "jahresNetto": 24,
              "bruttopreisFuerZahlweise": 2.38
            },
            {
              "taasTarifrisikoschluessel": "OED",
              "jahresNetto": 46.08,
              "bruttopreisFuerZahlweise": 4.57
            },
            {
              "taasTarifrisikoschluessel": "HA",
              "jahresNetto": 100.92,
              "bruttopreisFuerZahlweise": 10.01
            }
          ],
          "treuebonus": 25,
          "linienBruttopreis": 10.01,
          "gesamtBruttopreisFuerZahlweise": 19.84,
          "gesamtBruttopreisJaehrlich": 238.05
        },
        {
          "zahlweise": "JAEHRLICH",
          "selbstbeteiligung": "SELBSTBETEILIGUNG_0000",
          "laufzeit": "EIN_JAHR",
          "zaehlstuecke": 3,
          "bausteinPreise": [
            {
              "taasTarifrisikoschluessel": "OEL",
              "jahresNetto": 29.04,
              "bruttopreisFuerZahlweise": 34.56
            },
            {
              "taasTarifrisikoschluessel": "VM",
              "jahresNetto": 24,
              "bruttopreisFuerZahlweise": 28.56
            },
            {
              "taasTarifrisikoschluessel": "OED",
              "jahresNetto": 46.08,
              "bruttopreisFuerZahlweise": 54.84
            },
            {
              "taasTarifrisikoschluessel": "HA",
              "jahresNetto": 100.92,
              "bruttopreisFuerZahlweise": 120.09
            }
          ],
          "treuebonus": 0,
          "linienBruttopreis": 120.09,
          "gesamtBruttopreisFuerZahlweise": 238.05,
          "gesamtBruttopreisJaehrlich": 238.05
        },
        {
          "zahlweise": "HALBJAEHRLICH",
          "selbstbeteiligung": "SELBSTBETEILIGUNG_0000",
          "laufzeit": "EIN_JAHR",
          "zaehlstuecke": 3,
          "bausteinPreise": [
            {
              "taasTarifrisikoschluessel": "OEL",
              "jahresNetto": 30,
              "bruttopreisFuerZahlweise": 17.85
            },
            {
              "taasTarifrisikoschluessel": "VM",
              "jahresNetto": 24.6,
              "bruttopreisFuerZahlweise": 14.64
            },
            {
              "taasTarifrisikoschluessel": "OED",
              "jahresNetto": 47.52,
              "bruttopreisFuerZahlweise": 28.27
            },
            {
              "taasTarifrisikoschluessel": "HA",
              "jahresNetto": 103.92,
              "bruttopreisFuerZahlweise": 61.83
            }
          ],
          "treuebonus": 0,
          "linienBruttopreis": 61.83,
          "gesamtBruttopreisFuerZahlweise": 122.59,
          "gesamtBruttopreisJaehrlich": 245.19
        },
        {
          "zahlweise": "VIERTELJAEHRLICH",
          "selbstbeteiligung": "SELBSTBETEILIGUNG_0000",
          "laufzeit": "EIN_JAHR",
          "zaehlstuecke": 3,
          "bausteinPreise": [
            {
              "taasTarifrisikoschluessel": "OEL",
              "jahresNetto": 30.48,
              "bruttopreisFuerZahlweise": 9.07
            },
            {
              "taasTarifrisikoschluessel": "VM",
              "jahresNetto": 25.08,
              "bruttopreisFuerZahlweise": 7.46
            },
            {
              "taasTarifrisikoschluessel": "OED",
              "jahresNetto": 48.36,
              "bruttopreisFuerZahlweise": 14.39
            },
            {
              "taasTarifrisikoschluessel": "HA",
              "jahresNetto": 105.96,
              "bruttopreisFuerZahlweise": 31.52
            }
          ],
          "treuebonus": 0,
          "linienBruttopreis": 31.52,
          "gesamtBruttopreisFuerZahlweise": 62.44,
          "gesamtBruttopreisJaehrlich": 249.76
        },
        {
          "zahlweise": "MONATLICH",
          "selbstbeteiligung": "SELBSTBETEILIGUNG_0000",
          "laufzeit": "EIN_JAHR",
          "zaehlstuecke": 3,
          "bausteinPreise": [
            {
              "taasTarifrisikoschluessel": "OEL",
              "jahresNetto": 30.84,
              "bruttopreisFuerZahlweise": 3.06
            },
            {
              "taasTarifrisikoschluessel": "VM",
              "jahresNetto": 25.32,
              "bruttopreisFuerZahlweise": 2.51
            },
            {
              "taasTarifrisikoschluessel": "OED",
              "jahresNetto": 48.84,
              "bruttopreisFuerZahlweise": 4.84
            },
            {
              "taasTarifrisikoschluessel": "HA",
              "jahresNetto": 106.92,
              "bruttopreisFuerZahlweise": 10.6
            }
          ],
          "treuebonus": 0,
          "linienBruttopreis": 10.6,
          "gesamtBruttopreisFuerZahlweise": 21.02,
          "gesamtBruttopreisJaehrlich": 252.18
        },
        {
          "zahlweise": "JAEHRLICH",
          "selbstbeteiligung": "SELBSTBETEILIGUNG_0000",
          "laufzeit": "DREI_JAHRE",
          "zaehlstuecke": 3,
          "bausteinPreise": [
            {
              "taasTarifrisikoschluessel": "OEL",
              "jahresNetto": 29.04,
              "bruttopreisFuerZahlweise": 34.56
            },
            {
              "taasTarifrisikoschluessel": "VM",
              "jahresNetto": 24,
              "bruttopreisFuerZahlweise": 28.56
            },
            {
              "taasTarifrisikoschluessel": "OED",
              "jahresNetto": 46.08,
              "bruttopreisFuerZahlweise": 54.84
            },
            {
              "taasTarifrisikoschluessel": "HA",
              "jahresNetto": 100.92,
              "bruttopreisFuerZahlweise": 120.09
            }
          ],
          "treuebonus": 25,
          "linienBruttopreis": 120.09,
          "gesamtBruttopreisFuerZahlweise": 238.05,
          "gesamtBruttopreisJaehrlich": 238.05
        },
        {
          "zahlweise": "HALBJAEHRLICH",
          "selbstbeteiligung": "SELBSTBETEILIGUNG_0000",
          "laufzeit": "DREI_JAHRE",
          "zaehlstuecke": 3,
          "bausteinPreise": [
            {
              "taasTarifrisikoschluessel": "OEL",
              "jahresNetto": 29.04,
              "bruttopreisFuerZahlweise": 17.28
            },
            {
              "taasTarifrisikoschluessel": "VM",
              "jahresNetto": 24,
              "bruttopreisFuerZahlweise": 14.28
            },
            {
              "taasTarifrisikoschluessel": "OED",
              "jahresNetto": 46.08,
              "bruttopreisFuerZahlweise": 27.42
            },
            {
              "taasTarifrisikoschluessel": "HA",
              "jahresNetto": 100.92,
              "bruttopreisFuerZahlweise": 60.05
            }
          ],
          "treuebonus": 25,
          "linienBruttopreis": 60.05,
          "gesamtBruttopreisFuerZahlweise": 119.02,
          "gesamtBruttopreisJaehrlich": 238.05
        },
        {
          "zahlweise": "VIERTELJAEHRLICH",
          "selbstbeteiligung": "SELBSTBETEILIGUNG_0000",
          "laufzeit": "DREI_JAHRE",
          "zaehlstuecke": 3,
          "bausteinPreise": [
            {
              "taasTarifrisikoschluessel": "OEL",
              "jahresNetto": 29.04,
              "bruttopreisFuerZahlweise": 8.64
            },
            {
              "taasTarifrisikoschluessel": "VM",
              "jahresNetto": 24,
              "bruttopreisFuerZahlweise": 7.14
            },
            {
              "taasTarifrisikoschluessel": "OED",
              "jahresNetto": 46.08,
              "bruttopreisFuerZahlweise": 13.71
            },
            {
              "taasTarifrisikoschluessel": "HA",
              "jahresNetto": 100.92,
              "bruttopreisFuerZahlweise": 30.02
            }
          ],
          "treuebonus": 25,
          "linienBruttopreis": 30.02,
          "gesamtBruttopreisFuerZahlweise": 59.51,
          "gesamtBruttopreisJaehrlich": 238.05
        },
        {
          "zahlweise": "MONATLICH",
          "selbstbeteiligung": "SELBSTBETEILIGUNG_0000",
          "laufzeit": "DREI_JAHRE",
          "zaehlstuecke": 3,
          "bausteinPreise": [
            {
              "taasTarifrisikoschluessel": "OEL",
              "jahresNetto": 29.04,
              "bruttopreisFuerZahlweise": 2.88
            },
            {
              "taasTarifrisikoschluessel": "VM",
              "jahresNetto": 24,
              "bruttopreisFuerZahlweise": 2.38
            },
            {
              "taasTarifrisikoschluessel": "OED",
              "jahresNetto": 46.08,
              "bruttopreisFuerZahlweise": 4.57
            },
            {
              "taasTarifrisikoschluessel": "HA",
              "jahresNetto": 100.92,
              "bruttopreisFuerZahlweise": 10.01
            }
          ],
          "treuebonus": 25,
          "linienBruttopreis": 10.01,
          "gesamtBruttopreisFuerZahlweise": 19.84,
          "gesamtBruttopreisJaehrlich": 238.05
        },
        {
          "zahlweise": "JAEHRLICH",
          "selbstbeteiligung": "SELBSTBETEILIGUNG_0000",
          "laufzeit": "EIN_JAHR",
          "zaehlstuecke": 4,
          "bausteinPreise": [
            {
              "taasTarifrisikoschluessel": "OEL",
              "jahresNetto": 29.04,
              "bruttopreisFuerZahlweise": 34.56
            },
            {
              "taasTarifrisikoschluessel": "VM",
              "jahresNetto": 24,
              "bruttopreisFuerZahlweise": 28.56
            },
            {
              "taasTarifrisikoschluessel": "OED",
              "jahresNetto": 46.08,
              "bruttopreisFuerZahlweise": 54.84
            },
            {
              "taasTarifrisikoschluessel": "HA",
              "jahresNetto": 100.92,
              "bruttopreisFuerZahlweise": 120.09
            }
          ],
          "treuebonus": 0,
          "linienBruttopreis": 120.09,
          "gesamtBruttopreisFuerZahlweise": 238.05,
          "gesamtBruttopreisJaehrlich": 238.05
        },
        {
          "zahlweise": "HALBJAEHRLICH",
          "selbstbeteiligung": "SELBSTBETEILIGUNG_0000",
          "laufzeit": "EIN_JAHR",
          "zaehlstuecke": 4,
          "bausteinPreise": [
            {
              "taasTarifrisikoschluessel": "OEL",
              "jahresNetto": 30,
              "bruttopreisFuerZahlweise": 17.85
            },
            {
              "taasTarifrisikoschluessel": "VM",
              "jahresNetto": 24.6,
              "bruttopreisFuerZahlweise": 14.64
            },
            {
              "taasTarifrisikoschluessel": "OED",
              "jahresNetto": 47.52,
              "bruttopreisFuerZahlweise": 28.27
            },
            {
              "taasTarifrisikoschluessel": "HA",
              "jahresNetto": 103.92,
              "bruttopreisFuerZahlweise": 61.83
            }
          ],
          "treuebonus": 0,
          "linienBruttopreis": 61.83,
          "gesamtBruttopreisFuerZahlweise": 122.59,
          "gesamtBruttopreisJaehrlich": 245.19
        },
        {
          "zahlweise": "VIERTELJAEHRLICH",
          "selbstbeteiligung": "SELBSTBETEILIGUNG_0000",
          "laufzeit": "EIN_JAHR",
          "zaehlstuecke": 4,
          "bausteinPreise": [
            {
              "taasTarifrisikoschluessel": "OEL",
              "jahresNetto": 30.48,
              "bruttopreisFuerZahlweise": 9.07
            },
            {
              "taasTarifrisikoschluessel": "VM",
              "jahresNetto": 25.08,
              "bruttopreisFuerZahlweise": 7.46
            },
            {
              "taasTarifrisikoschluessel": "OED",
              "jahresNetto": 48.36,
              "bruttopreisFuerZahlweise": 14.39
            },
            {
              "taasTarifrisikoschluessel": "HA",
              "jahresNetto": 105.96,
              "bruttopreisFuerZahlweise": 31.52
            }
          ],
          "treuebonus": 0,
          "linienBruttopreis": 31.52,
          "gesamtBruttopreisFuerZahlweise": 62.44,
          "gesamtBruttopreisJaehrlich": 249.76
        },
        {
          "zahlweise": "MONATLICH",
          "selbstbeteiligung": "SELBSTBETEILIGUNG_0000",
          "laufzeit": "EIN_JAHR",
          "zaehlstuecke": 4,
          "bausteinPreise": [
            {
              "taasTarifrisikoschluessel": "OEL",
              "jahresNetto": 30.84,
              "bruttopreisFuerZahlweise": 3.06
            },
            {
              "taasTarifrisikoschluessel": "VM",
              "jahresNetto": 25.32,
              "bruttopreisFuerZahlweise": 2.51
            },
            {
              "taasTarifrisikoschluessel": "OED",
              "jahresNetto": 48.84,
              "bruttopreisFuerZahlweise": 4.84
            },
            {
              "taasTarifrisikoschluessel": "HA",
              "jahresNetto": 106.92,
              "bruttopreisFuerZahlweise": 10.6
            }
          ],
          "treuebonus": 0,
          "linienBruttopreis": 10.6,
          "gesamtBruttopreisFuerZahlweise": 21.02,
          "gesamtBruttopreisJaehrlich": 252.18
        },
        {
          "zahlweise": "JAEHRLICH",
          "selbstbeteiligung": "SELBSTBETEILIGUNG_0000",
          "laufzeit": "DREI_JAHRE",
          "zaehlstuecke": 4,
          "bausteinPreise": [
            {
              "taasTarifrisikoschluessel": "OEL",
              "jahresNetto": 29.04,
              "bruttopreisFuerZahlweise": 34.56
            },
            {
              "taasTarifrisikoschluessel": "VM",
              "jahresNetto": 24,
              "bruttopreisFuerZahlweise": 28.56
            },
            {
              "taasTarifrisikoschluessel": "OED",
              "jahresNetto": 46.08,
              "bruttopreisFuerZahlweise": 54.84
            },
            {
              "taasTarifrisikoschluessel": "HA",
              "jahresNetto": 100.92,
              "bruttopreisFuerZahlweise": 120.09
            }
          ],
          "treuebonus": 25,
          "linienBruttopreis": 120.09,
          "gesamtBruttopreisFuerZahlweise": 238.05,
          "gesamtBruttopreisJaehrlich": 238.05
        },
        {
          "zahlweise": "HALBJAEHRLICH",
          "selbstbeteiligung": "SELBSTBETEILIGUNG_0000",
          "laufzeit": "DREI_JAHRE",
          "zaehlstuecke": 4,
          "bausteinPreise": [
            {
              "taasTarifrisikoschluessel": "OEL",
              "jahresNetto": 29.04,
              "bruttopreisFuerZahlweise": 17.28
            },
            {
              "taasTarifrisikoschluessel": "VM",
              "jahresNetto": 24,
              "bruttopreisFuerZahlweise": 14.28
            },
            {
              "taasTarifrisikoschluessel": "OED",
              "jahresNetto": 46.08,
              "bruttopreisFuerZahlweise": 27.42
            },
            {
              "taasTarifrisikoschluessel": "HA",
              "jahresNetto": 100.92,
              "bruttopreisFuerZahlweise": 60.05
            }
          ],
          "treuebonus": 25,
          "linienBruttopreis": 60.05,
          "gesamtBruttopreisFuerZahlweise": 119.02,
          "gesamtBruttopreisJaehrlich": 238.05
        },
        {
          "zahlweise": "VIERTELJAEHRLICH",
          "selbstbeteiligung": "SELBSTBETEILIGUNG_0000",
          "laufzeit": "DREI_JAHRE",
          "zaehlstuecke": 4,
          "bausteinPreise": [
            {
              "taasTarifrisikoschluessel": "OEL",
              "jahresNetto": 29.04,
              "bruttopreisFuerZahlweise": 8.64
            },
            {
              "taasTarifrisikoschluessel": "VM",
              "jahresNetto": 24,
              "bruttopreisFuerZahlweise": 7.14
            },
            {
              "taasTarifrisikoschluessel": "OED",
              "jahresNetto": 46.08,
              "bruttopreisFuerZahlweise": 13.71
            },
            {
              "taasTarifrisikoschluessel": "HA",
              "jahresNetto": 100.92,
              "bruttopreisFuerZahlweise": 30.02
            }
          ],
          "treuebonus": 25,
          "linienBruttopreis": 30.02,
          "gesamtBruttopreisFuerZahlweise": 59.51,
          "gesamtBruttopreisJaehrlich": 238.05
        },
        {
          "zahlweise": "MONATLICH",
          "selbstbeteiligung": "SELBSTBETEILIGUNG_0000",
          "laufzeit": "DREI_JAHRE",
          "zaehlstuecke": 4,
          "bausteinPreise": [
            {
              "taasTarifrisikoschluessel": "OEL",
              "jahresNetto": 29.04,
              "bruttopreisFuerZahlweise": 2.88
            },
            {
              "taasTarifrisikoschluessel": "VM",
              "jahresNetto": 24,
              "bruttopreisFuerZahlweise": 2.38
            },
            {
              "taasTarifrisikoschluessel": "OED",
              "jahresNetto": 46.08,
              "bruttopreisFuerZahlweise": 4.57
            },
            {
              "taasTarifrisikoschluessel": "HA",
              "jahresNetto": 100.92,
              "bruttopreisFuerZahlweise": 10.01
            }
          ],
          "treuebonus": 25,
          "linienBruttopreis": 10.01,
          "gesamtBruttopreisFuerZahlweise": 19.84,
          "gesamtBruttopreisJaehrlich": 238.05
        },
        {
          "zahlweise": "JAEHRLICH",
          "selbstbeteiligung": "SELBSTBETEILIGUNG_0000",
          "laufzeit": "EIN_JAHR",
          "zaehlstuecke": 5,
          "bausteinPreise": [
            {
              "taasTarifrisikoschluessel": "OEL",
              "jahresNetto": 29.04,
              "bruttopreisFuerZahlweise": 34.56
            },
            {
              "taasTarifrisikoschluessel": "VM",
              "jahresNetto": 24,
              "bruttopreisFuerZahlweise": 28.56
            },
            {
              "taasTarifrisikoschluessel": "OED",
              "jahresNetto": 46.08,
              "bruttopreisFuerZahlweise": 54.84
            },
            {
              "taasTarifrisikoschluessel": "HA",
              "jahresNetto": 100.92,
              "bruttopreisFuerZahlweise": 120.09
            }
          ],
          "treuebonus": 0,
          "linienBruttopreis": 120.09,
          "gesamtBruttopreisFuerZahlweise": 238.05,
          "gesamtBruttopreisJaehrlich": 238.05
        },
        {
          "zahlweise": "HALBJAEHRLICH",
          "selbstbeteiligung": "SELBSTBETEILIGUNG_0000",
          "laufzeit": "EIN_JAHR",
          "zaehlstuecke": 5,
          "bausteinPreise": [
            {
              "taasTarifrisikoschluessel": "OEL",
              "jahresNetto": 30,
              "bruttopreisFuerZahlweise": 17.85
            },
            {
              "taasTarifrisikoschluessel": "VM",
              "jahresNetto": 24.6,
              "bruttopreisFuerZahlweise": 14.64
            },
            {
              "taasTarifrisikoschluessel": "OED",
              "jahresNetto": 47.52,
              "bruttopreisFuerZahlweise": 28.27
            },
            {
              "taasTarifrisikoschluessel": "HA",
              "jahresNetto": 103.92,
              "bruttopreisFuerZahlweise": 61.83
            }
          ],
          "treuebonus": 0,
          "linienBruttopreis": 61.83,
          "gesamtBruttopreisFuerZahlweise": 122.59,
          "gesamtBruttopreisJaehrlich": 245.19
        },
        {
          "zahlweise": "VIERTELJAEHRLICH",
          "selbstbeteiligung": "SELBSTBETEILIGUNG_0000",
          "laufzeit": "EIN_JAHR",
          "zaehlstuecke": 5,
          "bausteinPreise": [
            {
              "taasTarifrisikoschluessel": "OEL",
              "jahresNetto": 30.48,
              "bruttopreisFuerZahlweise": 9.07
            },
            {
              "taasTarifrisikoschluessel": "VM",
              "jahresNetto": 25.08,
              "bruttopreisFuerZahlweise": 7.46
            },
            {
              "taasTarifrisikoschluessel": "OED",
              "jahresNetto": 48.36,
              "bruttopreisFuerZahlweise": 14.39
            },
            {
              "taasTarifrisikoschluessel": "HA",
              "jahresNetto": 105.96,
              "bruttopreisFuerZahlweise": 31.52
            }
          ],
          "treuebonus": 0,
          "linienBruttopreis": 31.52,
          "gesamtBruttopreisFuerZahlweise": 62.44,
          "gesamtBruttopreisJaehrlich": 249.76
        },
        {
          "zahlweise": "MONATLICH",
          "selbstbeteiligung": "SELBSTBETEILIGUNG_0000",
          "laufzeit": "EIN_JAHR",
          "zaehlstuecke": 5,
          "bausteinPreise": [
            {
              "taasTarifrisikoschluessel": "OEL",
              "jahresNetto": 30.84,
              "bruttopreisFuerZahlweise": 3.06
            },
            {
              "taasTarifrisikoschluessel": "VM",
              "jahresNetto": 25.32,
              "bruttopreisFuerZahlweise": 2.51
            },
            {
              "taasTarifrisikoschluessel": "OED",
              "jahresNetto": 48.84,
              "bruttopreisFuerZahlweise": 4.84
            },
            {
              "taasTarifrisikoschluessel": "HA",
              "jahresNetto": 106.92,
              "bruttopreisFuerZahlweise": 10.6
            }
          ],
          "treuebonus": 0,
          "linienBruttopreis": 10.6,
          "gesamtBruttopreisFuerZahlweise": 21.02,
          "gesamtBruttopreisJaehrlich": 252.18
        },
        {
          "zahlweise": "JAEHRLICH",
          "selbstbeteiligung": "SELBSTBETEILIGUNG_0000",
          "laufzeit": "DREI_JAHRE",
          "zaehlstuecke": 5,
          "bausteinPreise": [
            {
              "taasTarifrisikoschluessel": "OEL",
              "jahresNetto": 29.04,
              "bruttopreisFuerZahlweise": 34.56
            },
            {
              "taasTarifrisikoschluessel": "VM",
              "jahresNetto": 24,
              "bruttopreisFuerZahlweise": 28.56
            },
            {
              "taasTarifrisikoschluessel": "OED",
              "jahresNetto": 46.08,
              "bruttopreisFuerZahlweise": 54.84
            },
            {
              "taasTarifrisikoschluessel": "HA",
              "jahresNetto": 100.92,
              "bruttopreisFuerZahlweise": 120.09
            }
          ],
          "treuebonus": 25,
          "linienBruttopreis": 120.09,
          "gesamtBruttopreisFuerZahlweise": 238.05,
          "gesamtBruttopreisJaehrlich": 238.05
        },
        {
          "zahlweise": "HALBJAEHRLICH",
          "selbstbeteiligung": "SELBSTBETEILIGUNG_0000",
          "laufzeit": "DREI_JAHRE",
          "zaehlstuecke": 5,
          "bausteinPreise": [
            {
              "taasTarifrisikoschluessel": "OEL",
              "jahresNetto": 29.04,
              "bruttopreisFuerZahlweise": 17.28
            },
            {
              "taasTarifrisikoschluessel": "VM",
              "jahresNetto": 24,
              "bruttopreisFuerZahlweise": 14.28
            },
            {
              "taasTarifrisikoschluessel": "OED",
              "jahresNetto": 46.08,
              "bruttopreisFuerZahlweise": 27.42
            },
            {
              "taasTarifrisikoschluessel": "HA",
              "jahresNetto": 100.92,
              "bruttopreisFuerZahlweise": 60.05
            }
          ],
          "treuebonus": 25,
          "linienBruttopreis": 60.05,
          "gesamtBruttopreisFuerZahlweise": 119.02,
          "gesamtBruttopreisJaehrlich": 238.05
        },
        {
          "zahlweise": "VIERTELJAEHRLICH",
          "selbstbeteiligung": "SELBSTBETEILIGUNG_0000",
          "laufzeit": "DREI_JAHRE",
          "zaehlstuecke": 5,
          "bausteinPreise": [
            {
              "taasTarifrisikoschluessel": "OEL",
              "jahresNetto": 29.04,
              "bruttopreisFuerZahlweise": 8.64
            },
            {
              "taasTarifrisikoschluessel": "VM",
              "jahresNetto": 24,
              "bruttopreisFuerZahlweise": 7.14
            },
            {
              "taasTarifrisikoschluessel": "OED",
              "jahresNetto": 46.08,
              "bruttopreisFuerZahlweise": 13.71
            },
            {
              "taasTarifrisikoschluessel": "HA",
              "jahresNetto": 100.92,
              "bruttopreisFuerZahlweise": 30.02
            }
          ],
          "treuebonus": 25,
          "linienBruttopreis": 30.02,
          "gesamtBruttopreisFuerZahlweise": 59.51,
          "gesamtBruttopreisJaehrlich": 238.05
        },
        {
          "zahlweise": "MONATLICH",
          "selbstbeteiligung": "SELBSTBETEILIGUNG_0000",
          "laufzeit": "DREI_JAHRE",
          "zaehlstuecke": 5,
          "bausteinPreise": [
            {
              "taasTarifrisikoschluessel": "OEL",
              "jahresNetto": 29.04,
              "bruttopreisFuerZahlweise": 2.88
            },
            {
              "taasTarifrisikoschluessel": "VM",
              "jahresNetto": 24,
              "bruttopreisFuerZahlweise": 2.38
            },
            {
              "taasTarifrisikoschluessel": "OED",
              "jahresNetto": 46.08,
              "bruttopreisFuerZahlweise": 4.57
            },
            {
              "taasTarifrisikoschluessel": "HA",
              "jahresNetto": 100.92,
              "bruttopreisFuerZahlweise": 10.01
            }
          ],
          "treuebonus": 25,
          "linienBruttopreis": 10.01,
          "gesamtBruttopreisFuerZahlweise": 19.84,
          "gesamtBruttopreisJaehrlich": 238.05
        }
      ]
    }
  ],
  "gisDaten": null,
  "elementarSB": null,
  "taasStatus": {
    "fehlermeldung": "",
    "returnCodeTaas": "KEIN_FEHLER",
    "fehlerCode": null
  },
  "deltafaktoren": null,
  "vorvertraegeVorschaeden": null
}
