{
  "produktlinien": [
    {
      "salesProductName": "PREMIUM",
      "rbdMax": null,
      "preisverzeichnis": 1,
      "salesProduktVariants": [
        {
          "zahlweise": "JAEHRLICH",
          "selbstbeteiligung": "SELBSTBETEILIGUNG_0300",
          "laufzeit": "EIN_JAHR",
          "zaehlstuecke": 0,
          "bausteinPreise": [
            {
              "taasTarifrisikoschluessel": "P",
              "jahresNetto": 231.6,
              "bruttopreisFuerZahlweise": 275.6
            }
          ],
          "treuebonus": 0,
          "linienBruttopreis": 275.6,
          "gesamtBruttopreisFuerZahlweise": 275.6,
          "gesamtBruttopreisJaehrlich": 275.6
        },
        {
          "zahlweise": "HALBJAEHRLICH",
          "selbstbeteiligung": "SELBSTBETEILIGUNG_0300",
          "laufzeit": "EIN_JAHR",
          "zaehlstuecke": 0,
          "bausteinPreise": [
            {
              "taasTarifrisikoschluessel": "P",
              "jahresNetto": 238.56,
              "bruttopreisFuerZahlweise": 141.94
            }
          ],
          "treuebonus": 0,
          "linienBruttopreis": 141.94,
          "gesamtBruttopreisFuerZahlweise": 141.94,
          "gesamtBruttopreisJaehrlich": 283.89
        },
        {
          "zahlweise": "VIERTELJAEHRLICH",
          "selbstbeteiligung": "SELBSTBETEILIGUNG_0300",
          "laufzeit": "EIN_JAHR",
          "zaehlstuecke": 0,
          "bausteinPreise": [
            {
              "taasTarifrisikoschluessel": "P",
              "jahresNetto": 243.24,
              "bruttopreisFuerZahlweise": 72.36
            }
          ],
          "treuebonus": 0,
          "linienBruttopreis": 72.36,
          "gesamtBruttopreisFuerZahlweise": 72.36,
          "gesamtBruttopreisJaehrlich": 289.46
        },
        {
          "zahlweise": "MONATLICH",
          "selbstbeteiligung": "SELBSTBETEILIGUNG_0300",
          "laufzeit": "EIN_JAHR",
          "zaehlstuecke": 0,
          "bausteinPreise": [
            {
              "taasTarifrisikoschluessel": "P",
              "jahresNetto": 245.52,
              "bruttopreisFuerZahlweise": 24.35
            }
          ],
          "treuebonus": 0,
          "linienBruttopreis": 24.35,
          "gesamtBruttopreisFuerZahlweise": 24.35,
          "gesamtBruttopreisJaehrlich": 292.17
        },
        {
          "zahlweise": "JAEHRLICH",
          "selbstbeteiligung": "SELBSTBETEILIGUNG_0300",
          "laufzeit": "DREI_JAHRE",
          "zaehlstuecke": 0,
          "bausteinPreise": [
            {
              "taasTarifrisikoschluessel": "P",
              "jahresNetto": 231.6,
              "bruttopreisFuerZahlweise": 275.6
            }
          ],
          "treuebonus": 25,
          "linienBruttopreis": 275.6,
          "gesamtBruttopreisFuerZahlweise": 275.6,
          "gesamtBruttopreisJaehrlich": 275.6
        },
        {
          "zahlweise": "HALBJAEHRLICH",
          "selbstbeteiligung": "SELBSTBETEILIGUNG_0300",
          "laufzeit": "DREI_JAHRE",
          "zaehlstuecke": 0,
          "bausteinPreise": [
            {
              "taasTarifrisikoschluessel": "P",
              "jahresNetto": 231.6,
              "bruttopreisFuerZahlweise": 137.8
            }
          ],
          "treuebonus": 25,
          "linienBruttopreis": 137.8,
          "gesamtBruttopreisFuerZahlweise": 137.8,
          "gesamtBruttopreisJaehrlich": 275.6
        },
        {
          "zahlweise": "VIERTELJAEHRLICH",
          "selbstbeteiligung": "SELBSTBETEILIGUNG_0300",
          "laufzeit": "DREI_JAHRE",
          "zaehlstuecke": 0,
          "bausteinPreise": [
            {
              "taasTarifrisikoschluessel": "P",
              "jahresNetto": 231.6,
              "bruttopreisFuerZahlweise": 68.9
            }
          ],
          "treuebonus": 25,
          "linienBruttopreis": 68.9,
          "gesamtBruttopreisFuerZahlweise": 68.9,
          "gesamtBruttopreisJaehrlich": 275.6
        },
        {
          "zahlweise": "MONATLICH",
          "selbstbeteiligung": "SELBSTBETEILIGUNG_0300",
          "laufzeit": "DREI_JAHRE",
          "zaehlstuecke": 0,
          "bausteinPreise": [
            {
              "taasTarifrisikoschluessel": "P",
              "jahresNetto": 231.6,
              "bruttopreisFuerZahlweise": 22.97
            }
          ],
          "treuebonus": 25,
          "linienBruttopreis": 22.97,
          "gesamtBruttopreisFuerZahlweise": 22.97,
          "gesamtBruttopreisJaehrlich": 275.6
        },
        {
          "zahlweise": "JAEHRLICH",
          "selbstbeteiligung": "SELBSTBETEILIGUNG_0300",
          "laufzeit": "EIN_JAHR",
          "zaehlstuecke": 1,
          "bausteinPreise": [
            {
              "taasTarifrisikoschluessel": "P",
              "jahresNetto": 231.6,
              "bruttopreisFuerZahlweise": 275.6
            }
          ],
          "treuebonus": 0,
          "linienBruttopreis": 275.6,
          "gesamtBruttopreisFuerZahlweise": 275.6,
          "gesamtBruttopreisJaehrlich": 275.6
        },
        {
          "zahlweise": "HALBJAEHRLICH",
          "selbstbeteiligung": "SELBSTBETEILIGUNG_0300",
          "laufzeit": "EIN_JAHR",
          "zaehlstuecke": 1,
          "bausteinPreise": [
            {
              "taasTarifrisikoschluessel": "P",
              "jahresNetto": 238.56,
              "bruttopreisFuerZahlweise": 141.94
            }
          ],
          "treuebonus": 0,
          "linienBruttopreis": 141.94,
          "gesamtBruttopreisFuerZahlweise": 141.94,
          "gesamtBruttopreisJaehrlich": 283.89
        },
        {
          "zahlweise": "VIERTELJAEHRLICH",
          "selbstbeteiligung": "SELBSTBETEILIGUNG_0300",
          "laufzeit": "EIN_JAHR",
          "zaehlstuecke": 1,
          "bausteinPreise": [
            {
              "taasTarifrisikoschluessel": "P",
              "jahresNetto": 243.24,
              "bruttopreisFuerZahlweise": 72.36
            }
          ],
          "treuebonus": 0,
          "linienBruttopreis": 72.36,
          "gesamtBruttopreisFuerZahlweise": 72.36,
          "gesamtBruttopreisJaehrlich": 289.46
        },
        {
          "zahlweise": "MONATLICH",
          "selbstbeteiligung": "SELBSTBETEILIGUNG_0300",
          "laufzeit": "EIN_JAHR",
          "zaehlstuecke": 1,
          "bausteinPreise": [
            {
              "taasTarifrisikoschluessel": "P",
              "jahresNetto": 245.52,
              "bruttopreisFuerZahlweise": 24.35
            }
          ],
          "treuebonus": 0,
          "linienBruttopreis": 24.35,
          "gesamtBruttopreisFuerZahlweise": 24.35,
          "gesamtBruttopreisJaehrlich": 292.17
        },
        {
          "zahlweise": "JAEHRLICH",
          "selbstbeteiligung": "SELBSTBETEILIGUNG_0300",
          "laufzeit": "DREI_JAHRE",
          "zaehlstuecke": 1,
          "bausteinPreise": [
            {
              "taasTarifrisikoschluessel": "P",
              "jahresNetto": 231.6,
              "bruttopreisFuerZahlweise": 275.6
            }
          ],
          "treuebonus": 25,
          "linienBruttopreis": 275.6,
          "gesamtBruttopreisFuerZahlweise": 275.6,
          "gesamtBruttopreisJaehrlich": 275.6
        },
        {
          "zahlweise": "HALBJAEHRLICH",
          "selbstbeteiligung": "SELBSTBETEILIGUNG_0300",
          "laufzeit": "DREI_JAHRE",
          "zaehlstuecke": 1,
          "bausteinPreise": [
            {
              "taasTarifrisikoschluessel": "P",
              "jahresNetto": 231.6,
              "bruttopreisFuerZahlweise": 137.8
            }
          ],
          "treuebonus": 25,
          "linienBruttopreis": 137.8,
          "gesamtBruttopreisFuerZahlweise": 137.8,
          "gesamtBruttopreisJaehrlich": 275.6
        },
        {
          "zahlweise": "VIERTELJAEHRLICH",
          "selbstbeteiligung": "SELBSTBETEILIGUNG_0300",
          "laufzeit": "DREI_JAHRE",
          "zaehlstuecke": 1,
          "bausteinPreise": [
            {
              "taasTarifrisikoschluessel": "P",
              "jahresNetto": 231.6,
              "bruttopreisFuerZahlweise": 68.9
            }
          ],
          "treuebonus": 25,
          "linienBruttopreis": 68.9,
          "gesamtBruttopreisFuerZahlweise": 68.9,
          "gesamtBruttopreisJaehrlich": 275.6
        },
        {
          "zahlweise": "MONATLICH",
          "selbstbeteiligung": "SELBSTBETEILIGUNG_0300",
          "laufzeit": "DREI_JAHRE",
          "zaehlstuecke": 1,
          "bausteinPreise": [
            {
              "taasTarifrisikoschluessel": "P",
              "jahresNetto": 231.6,
              "bruttopreisFuerZahlweise": 22.97
            }
          ],
          "treuebonus": 25,
          "linienBruttopreis": 22.97,
          "gesamtBruttopreisFuerZahlweise": 22.97,
          "gesamtBruttopreisJaehrlich": 275.6
        },
        {
          "zahlweise": "JAEHRLICH",
          "selbstbeteiligung": "SELBSTBETEILIGUNG_0300",
          "laufzeit": "EIN_JAHR",
          "zaehlstuecke": 2,
          "bausteinPreise": [
            {
              "taasTarifrisikoschluessel": "P",
              "jahresNetto": 231.6,
              "bruttopreisFuerZahlweise": 275.6
            }
          ],
          "treuebonus": 0,
          "linienBruttopreis": 275.6,
          "gesamtBruttopreisFuerZahlweise": 275.6,
          "gesamtBruttopreisJaehrlich": 275.6
        },
        {
          "zahlweise": "HALBJAEHRLICH",
          "selbstbeteiligung": "SELBSTBETEILIGUNG_0300",
          "laufzeit": "EIN_JAHR",
          "zaehlstuecke": 2,
          "bausteinPreise": [
            {
              "taasTarifrisikoschluessel": "P",
              "jahresNetto": 238.56,
              "bruttopreisFuerZahlweise": 141.94
            }
          ],
          "treuebonus": 0,
          "linienBruttopreis": 141.94,
          "gesamtBruttopreisFuerZahlweise": 141.94,
          "gesamtBruttopreisJaehrlich": 283.89
        },
        {
          "zahlweise": "VIERTELJAEHRLICH",
          "selbstbeteiligung": "SELBSTBETEILIGUNG_0300",
          "laufzeit": "EIN_JAHR",
          "zaehlstuecke": 2,
          "bausteinPreise": [
            {
              "taasTarifrisikoschluessel": "P",
              "jahresNetto": 243.24,
              "bruttopreisFuerZahlweise": 72.36
            }
          ],
          "treuebonus": 0,
          "linienBruttopreis": 72.36,
          "gesamtBruttopreisFuerZahlweise": 72.36,
          "gesamtBruttopreisJaehrlich": 289.46
        },
        {
          "zahlweise": "MONATLICH",
          "selbstbeteiligung": "SELBSTBETEILIGUNG_0300",
          "laufzeit": "EIN_JAHR",
          "zaehlstuecke": 2,
          "bausteinPreise": [
            {
              "taasTarifrisikoschluessel": "P",
              "jahresNetto": 245.52,
              "bruttopreisFuerZahlweise": 24.35
            }
          ],
          "treuebonus": 0,
          "linienBruttopreis": 24.35,
          "gesamtBruttopreisFuerZahlweise": 24.35,
          "gesamtBruttopreisJaehrlich": 292.17
        },
        {
          "zahlweise": "JAEHRLICH",
          "selbstbeteiligung": "SELBSTBETEILIGUNG_0300",
          "laufzeit": "DREI_JAHRE",
          "zaehlstuecke": 2,
          "bausteinPreise": [
            {
              "taasTarifrisikoschluessel": "P",
              "jahresNetto": 220.08,
              "bruttopreisFuerZahlweise": 261.9
            }
          ],
          "treuebonus": 25,
          "linienBruttopreis": 261.9,
          "gesamtBruttopreisFuerZahlweise": 261.9,
          "gesamtBruttopreisJaehrlich": 261.9
        },
        {
          "zahlweise": "HALBJAEHRLICH",
          "selbstbeteiligung": "SELBSTBETEILIGUNG_0300",
          "laufzeit": "DREI_JAHRE",
          "zaehlstuecke": 2,
          "bausteinPreise": [
            {
              "taasTarifrisikoschluessel": "P",
              "jahresNetto": 220.08,
              "bruttopreisFuerZahlweise": 130.95
            }
          ],
          "treuebonus": 25,
          "linienBruttopreis": 130.95,
          "gesamtBruttopreisFuerZahlweise": 130.95,
          "gesamtBruttopreisJaehrlich": 261.9
        },
        {
          "zahlweise": "VIERTELJAEHRLICH",
          "selbstbeteiligung": "SELBSTBETEILIGUNG_0300",
          "laufzeit": "DREI_JAHRE",
          "zaehlstuecke": 2,
          "bausteinPreise": [
            {
              "taasTarifrisikoschluessel": "P",
              "jahresNetto": 220.08,
              "bruttopreisFuerZahlweise": 65.47
            }
          ],
          "treuebonus": 25,
          "linienBruttopreis": 65.47,
          "gesamtBruttopreisFuerZahlweise": 65.47,
          "gesamtBruttopreisJaehrlich": 261.9
        },
        {
          "zahlweise": "MONATLICH",
          "selbstbeteiligung": "SELBSTBETEILIGUNG_0300",
          "laufzeit": "DREI_JAHRE",
          "zaehlstuecke": 2,
          "bausteinPreise": [
            {
              "taasTarifrisikoschluessel": "P",
              "jahresNetto": 220.08,
              "bruttopreisFuerZahlweise": 21.82
            }
          ],
          "treuebonus": 25,
          "linienBruttopreis": 21.82,
          "gesamtBruttopreisFuerZahlweise": 21.82,
          "gesamtBruttopreisJaehrlich": 261.9
        },
        {
          "zahlweise": "JAEHRLICH",
          "selbstbeteiligung": "SELBSTBETEILIGUNG_0300",
          "laufzeit": "EIN_JAHR",
          "zaehlstuecke": 3,
          "bausteinPreise": [
            {
              "taasTarifrisikoschluessel": "P",
              "jahresNetto": 231.6,
              "bruttopreisFuerZahlweise": 275.6
            }
          ],
          "treuebonus": 0,
          "linienBruttopreis": 275.6,
          "gesamtBruttopreisFuerZahlweise": 275.6,
          "gesamtBruttopreisJaehrlich": 275.6
        },
        {
          "zahlweise": "HALBJAEHRLICH",
          "selbstbeteiligung": "SELBSTBETEILIGUNG_0300",
          "laufzeit": "EIN_JAHR",
          "zaehlstuecke": 3,
          "bausteinPreise": [
            {
              "taasTarifrisikoschluessel": "P",
              "jahresNetto": 238.56,
              "bruttopreisFuerZahlweise": 141.94
            }
          ],
          "treuebonus": 0,
          "linienBruttopreis": 141.94,
          "gesamtBruttopreisFuerZahlweise": 141.94,
          "gesamtBruttopreisJaehrlich": 283.89
        },
        {
          "zahlweise": "VIERTELJAEHRLICH",
          "selbstbeteiligung": "SELBSTBETEILIGUNG_0300",
          "laufzeit": "EIN_JAHR",
          "zaehlstuecke": 3,
          "bausteinPreise": [
            {
              "taasTarifrisikoschluessel": "P",
              "jahresNetto": 243.24,
              "bruttopreisFuerZahlweise": 72.36
            }
          ],
          "treuebonus": 0,
          "linienBruttopreis": 72.36,
          "gesamtBruttopreisFuerZahlweise": 72.36,
          "gesamtBruttopreisJaehrlich": 289.46
        },
        {
          "zahlweise": "MONATLICH",
          "selbstbeteiligung": "SELBSTBETEILIGUNG_0300",
          "laufzeit": "EIN_JAHR",
          "zaehlstuecke": 3,
          "bausteinPreise": [
            {
              "taasTarifrisikoschluessel": "P",
              "jahresNetto": 245.52,
              "bruttopreisFuerZahlweise": 24.35
            }
          ],
          "treuebonus": 0,
          "linienBruttopreis": 24.35,
          "gesamtBruttopreisFuerZahlweise": 24.35,
          "gesamtBruttopreisJaehrlich": 292.17
        },
        {
          "zahlweise": "JAEHRLICH",
          "selbstbeteiligung": "SELBSTBETEILIGUNG_0300",
          "laufzeit": "DREI_JAHRE",
          "zaehlstuecke": 3,
          "bausteinPreise": [
            {
              "taasTarifrisikoschluessel": "P",
              "jahresNetto": 208.44,
              "bruttopreisFuerZahlweise": 248.04
            }
          ],
          "treuebonus": 25,
          "linienBruttopreis": 248.04,
          "gesamtBruttopreisFuerZahlweise": 248.04,
          "gesamtBruttopreisJaehrlich": 248.04
        },
        {
          "zahlweise": "HALBJAEHRLICH",
          "selbstbeteiligung": "SELBSTBETEILIGUNG_0300",
          "laufzeit": "DREI_JAHRE",
          "zaehlstuecke": 3,
          "bausteinPreise": [
            {
              "taasTarifrisikoschluessel": "P",
              "jahresNetto": 208.44,
              "bruttopreisFuerZahlweise": 124.02
            }
          ],
          "treuebonus": 25,
          "linienBruttopreis": 124.02,
          "gesamtBruttopreisFuerZahlweise": 124.02,
          "gesamtBruttopreisJaehrlich": 248.04
        },
        {
          "zahlweise": "VIERTELJAEHRLICH",
          "selbstbeteiligung": "SELBSTBETEILIGUNG_0300",
          "laufzeit": "DREI_JAHRE",
          "zaehlstuecke": 3,
          "bausteinPreise": [
            {
              "taasTarifrisikoschluessel": "P",
              "jahresNetto": 208.44,
              "bruttopreisFuerZahlweise": 62.01
            }
          ],
          "treuebonus": 25,
          "linienBruttopreis": 62.01,
          "gesamtBruttopreisFuerZahlweise": 62.01,
          "gesamtBruttopreisJaehrlich": 248.04
        },
        {
          "zahlweise": "MONATLICH",
          "selbstbeteiligung": "SELBSTBETEILIGUNG_0300",
          "laufzeit": "DREI_JAHRE",
          "zaehlstuecke": 3,
          "bausteinPreise": [
            {
              "taasTarifrisikoschluessel": "P",
              "jahresNetto": 208.44,
              "bruttopreisFuerZahlweise": 20.67
            }
          ],
          "treuebonus": 25,
          "linienBruttopreis": 20.67,
          "gesamtBruttopreisFuerZahlweise": 20.67,
          "gesamtBruttopreisJaehrlich": 248.04
        },
        {
          "zahlweise": "JAEHRLICH",
          "selbstbeteiligung": "SELBSTBETEILIGUNG_0300",
          "laufzeit": "EIN_JAHR",
          "zaehlstuecke": 4,
          "bausteinPreise": [
            {
              "taasTarifrisikoschluessel": "P",
              "jahresNetto": 231.6,
              "bruttopreisFuerZahlweise": 275.6
            }
          ],
          "treuebonus": 0,
          "linienBruttopreis": 275.6,
          "gesamtBruttopreisFuerZahlweise": 275.6,
          "gesamtBruttopreisJaehrlich": 275.6
        },
        {
          "zahlweise": "HALBJAEHRLICH",
          "selbstbeteiligung": "SELBSTBETEILIGUNG_0300",
          "laufzeit": "EIN_JAHR",
          "zaehlstuecke": 4,
          "bausteinPreise": [
            {
              "taasTarifrisikoschluessel": "P",
              "jahresNetto": 238.56,
              "bruttopreisFuerZahlweise": 141.94
            }
          ],
          "treuebonus": 0,
          "linienBruttopreis": 141.94,
          "gesamtBruttopreisFuerZahlweise": 141.94,
          "gesamtBruttopreisJaehrlich": 283.89
        },
        {
          "zahlweise": "VIERTELJAEHRLICH",
          "selbstbeteiligung": "SELBSTBETEILIGUNG_0300",
          "laufzeit": "EIN_JAHR",
          "zaehlstuecke": 4,
          "bausteinPreise": [
            {
              "taasTarifrisikoschluessel": "P",
              "jahresNetto": 243.24,
              "bruttopreisFuerZahlweise": 72.36
            }
          ],
          "treuebonus": 0,
          "linienBruttopreis": 72.36,
          "gesamtBruttopreisFuerZahlweise": 72.36,
          "gesamtBruttopreisJaehrlich": 289.46
        },
        {
          "zahlweise": "MONATLICH",
          "selbstbeteiligung": "SELBSTBETEILIGUNG_0300",
          "laufzeit": "EIN_JAHR",
          "zaehlstuecke": 4,
          "bausteinPreise": [
            {
              "taasTarifrisikoschluessel": "P",
              "jahresNetto": 245.52,
              "bruttopreisFuerZahlweise": 24.35
            }
          ],
          "treuebonus": 0,
          "linienBruttopreis": 24.35,
          "gesamtBruttopreisFuerZahlweise": 24.35,
          "gesamtBruttopreisJaehrlich": 292.17
        },
        {
          "zahlweise": "JAEHRLICH",
          "selbstbeteiligung": "SELBSTBETEILIGUNG_0300",
          "laufzeit": "DREI_JAHRE",
          "zaehlstuecke": 4,
          "bausteinPreise": [
            {
              "taasTarifrisikoschluessel": "P",
              "jahresNetto": 196.92,
              "bruttopreisFuerZahlweise": 234.33
            }
          ],
          "treuebonus": 25,
          "linienBruttopreis": 234.33,
          "gesamtBruttopreisFuerZahlweise": 234.33,
          "gesamtBruttopreisJaehrlich": 234.33
        },
        {
          "zahlweise": "HALBJAEHRLICH",
          "selbstbeteiligung": "SELBSTBETEILIGUNG_0300",
          "laufzeit": "DREI_JAHRE",
          "zaehlstuecke": 4,
          "bausteinPreise": [
            {
              "taasTarifrisikoschluessel": "P",
              "jahresNetto": 196.92,
              "bruttopreisFuerZahlweise": 117.17
            }
          ],
          "treuebonus": 25,
          "linienBruttopreis": 117.17,
          "gesamtBruttopreisFuerZahlweise": 117.17,
          "gesamtBruttopreisJaehrlich": 234.33
        },
        {
          "zahlweise": "VIERTELJAEHRLICH",
          "selbstbeteiligung": "SELBSTBETEILIGUNG_0300",
          "laufzeit": "DREI_JAHRE",
          "zaehlstuecke": 4,
          "bausteinPreise": [
            {
              "taasTarifrisikoschluessel": "P",
              "jahresNetto": 196.92,
              "bruttopreisFuerZahlweise": 58.58
            }
          ],
          "treuebonus": 25,
          "linienBruttopreis": 58.58,
          "gesamtBruttopreisFuerZahlweise": 58.58,
          "gesamtBruttopreisJaehrlich": 234.33
        },
        {
          "zahlweise": "MONATLICH",
          "selbstbeteiligung": "SELBSTBETEILIGUNG_0300",
          "laufzeit": "DREI_JAHRE",
          "zaehlstuecke": 4,
          "bausteinPreise": [
            {
              "taasTarifrisikoschluessel": "P",
              "jahresNetto": 196.92,
              "bruttopreisFuerZahlweise": 19.53
            }
          ],
          "treuebonus": 25,
          "linienBruttopreis": 19.53,
          "gesamtBruttopreisFuerZahlweise": 19.53,
          "gesamtBruttopreisJaehrlich": 234.33
        },
        {
          "zahlweise": "JAEHRLICH",
          "selbstbeteiligung": "SELBSTBETEILIGUNG_0300",
          "laufzeit": "EIN_JAHR",
          "zaehlstuecke": 5,
          "bausteinPreise": [
            {
              "taasTarifrisikoschluessel": "P",
              "jahresNetto": 231.6,
              "bruttopreisFuerZahlweise": 275.6
            }
          ],
          "treuebonus": 0,
          "linienBruttopreis": 275.6,
          "gesamtBruttopreisFuerZahlweise": 275.6,
          "gesamtBruttopreisJaehrlich": 275.6
        },
        {
          "zahlweise": "HALBJAEHRLICH",
          "selbstbeteiligung": "SELBSTBETEILIGUNG_0300",
          "laufzeit": "EIN_JAHR",
          "zaehlstuecke": 5,
          "bausteinPreise": [
            {
              "taasTarifrisikoschluessel": "P",
              "jahresNetto": 238.56,
              "bruttopreisFuerZahlweise": 141.94
            }
          ],
          "treuebonus": 0,
          "linienBruttopreis": 141.94,
          "gesamtBruttopreisFuerZahlweise": 141.94,
          "gesamtBruttopreisJaehrlich": 283.89
        },
        {
          "zahlweise": "VIERTELJAEHRLICH",
          "selbstbeteiligung": "SELBSTBETEILIGUNG_0300",
          "laufzeit": "EIN_JAHR",
          "zaehlstuecke": 5,
          "bausteinPreise": [
            {
              "taasTarifrisikoschluessel": "P",
              "jahresNetto": 243.24,
              "bruttopreisFuerZahlweise": 72.36
            }
          ],
          "treuebonus": 0,
          "linienBruttopreis": 72.36,
          "gesamtBruttopreisFuerZahlweise": 72.36,
          "gesamtBruttopreisJaehrlich": 289.46
        },
        {
          "zahlweise": "MONATLICH",
          "selbstbeteiligung": "SELBSTBETEILIGUNG_0300",
          "laufzeit": "EIN_JAHR",
          "zaehlstuecke": 5,
          "bausteinPreise": [
            {
              "taasTarifrisikoschluessel": "P",
              "jahresNetto": 245.52,
              "bruttopreisFuerZahlweise": 24.35
            }
          ],
          "treuebonus": 0,
          "linienBruttopreis": 24.35,
          "gesamtBruttopreisFuerZahlweise": 24.35,
          "gesamtBruttopreisJaehrlich": 292.17
        },
        {
          "zahlweise": "JAEHRLICH",
          "selbstbeteiligung": "SELBSTBETEILIGUNG_0300",
          "laufzeit": "DREI_JAHRE",
          "zaehlstuecke": 5,
          "bausteinPreise": [
            {
              "taasTarifrisikoschluessel": "P",
              "jahresNetto": 185.28,
              "bruttopreisFuerZahlweise": 220.48
            }
          ],
          "treuebonus": 25,
          "linienBruttopreis": 220.48,
          "gesamtBruttopreisFuerZahlweise": 220.48,
          "gesamtBruttopreisJaehrlich": 220.48
        },
        {
          "zahlweise": "HALBJAEHRLICH",
          "selbstbeteiligung": "SELBSTBETEILIGUNG_0300",
          "laufzeit": "DREI_JAHRE",
          "zaehlstuecke": 5,
          "bausteinPreise": [
            {
              "taasTarifrisikoschluessel": "P",
              "jahresNetto": 185.28,
              "bruttopreisFuerZahlweise": 110.24
            }
          ],
          "treuebonus": 25,
          "linienBruttopreis": 110.24,
          "gesamtBruttopreisFuerZahlweise": 110.24,
          "gesamtBruttopreisJaehrlich": 220.48
        },
        {
          "zahlweise": "VIERTELJAEHRLICH",
          "selbstbeteiligung": "SELBSTBETEILIGUNG_0300",
          "laufzeit": "DREI_JAHRE",
          "zaehlstuecke": 5,
          "bausteinPreise": [
            {
              "taasTarifrisikoschluessel": "P",
              "jahresNetto": 185.28,
              "bruttopreisFuerZahlweise": 55.12
            }
          ],
          "treuebonus": 25,
          "linienBruttopreis": 55.12,
          "gesamtBruttopreisFuerZahlweise": 55.12,
          "gesamtBruttopreisJaehrlich": 220.48
        },
        {
          "zahlweise": "MONATLICH",
          "selbstbeteiligung": "SELBSTBETEILIGUNG_0300",
          "laufzeit": "DREI_JAHRE",
          "zaehlstuecke": 5,
          "bausteinPreise": [
            {
              "taasTarifrisikoschluessel": "P",
              "jahresNetto": 185.28,
              "bruttopreisFuerZahlweise": 18.37
            }
          ],
          "treuebonus": 25,
          "linienBruttopreis": 18.37,
          "gesamtBruttopreisFuerZahlweise": 18.37,
          "gesamtBruttopreisJaehrlich": 220.48
        }
      ]
    }
  ],
  "gisDaten": null,
  "elementarSB": null,
  "taasStatus": {
    "fehlermeldung": "",
    "returnCodeTaas": "KEIN_FEHLER",
    "fehlerCode": null
  },
  "deltafaktoren": null,
  "vorvertraegeVorschaeden": null
}
