{
  "standaloneProdukte": [],
  "standardProdukte": [
    {
      "vertragsnummer": "AS-5204806832",
      "spartenTypes": [
        "PRIVATHAFTPFLICHT"
      ],
      "anzeigename": "Privathaftpflicht 10/2019",
      "produktlinieAnzeigename": "KOMFORT",
      "ersetzen": true,
      "neugeschaeftSperren": [
        {
          "spartenType": "PRIVATHAFTPFLICHT",
          "neugeschaeftSperren": false
        }
      ],
      "zusatzinformation": "",
      "spLaufnummer": 36108,
      "berechnetePraemieBrutto": 6.59,
      "jahresbestandpraemieBrutto": 79.08,
      "zahlungsperiode": "MONATLICH",
      "zustandsDetail": null,
      "infoText": null,
      "vorbelegungAktiv": true,
      "umstellungszwang": true,
      "beibehaltung": true,
      "vorbelegungdaten": [
        {
          "spartenType": "PRIVATHAFTPFLICHT",
          "vorbelegungdaten": {
            "produktlinienname": "SMART",
            "verkaufsangebotKurzname": "HP002",
            "vorvertragBausteinList": [
              {
                "taasTarifrisikoschluessel": "OEL",
                "deltafaktor": 1,
                "plzFaktor": null,
                "anzahlVorschaeden": 0
              },
              {
                "taasTarifrisikoschluessel": "OED",
                "deltafaktor": 1,
                "plzFaktor": null,
                "anzahlVorschaeden": 0
              },
              {
                "taasTarifrisikoschluessel": "HA",
                "deltafaktor": 1,
                "plzFaktor": 1,
                "anzahlVorschaeden": 0
              },
              {
                "taasTarifrisikoschluessel": "VM",
                "deltafaktor": 1,
                "plzFaktor": null,
                "anzahlVorschaeden": 0
              }
            ],
            "preisverzeichnis": 3,
            "selbstbeteiligung": "SELBSTBETEILIGUNG_0000",
            "geburtsdatumVn": "1960-04-03",
            "adresseVorvertrag": {
              "plz": "81541",
              "ort": "München",
              "strasse": "Brecherspitzstr.",
              "hausnummer": "1",
              "postlandSchluessel": null,
              "ortsteil": null,
              "hausnrzus": null,
              "status": null
            },
            "nachlassRbd": 0,
            "nachlassTb": 0,
            "beginnDatum": "2021-08-31",
            "ablaufDatum": "2024-08-31",
            "laufzeit": 3,
            "familienstand": "PARTNER",
            "anzWohnungen": 4,
            "anzVorschaeden": 0
          }
        }
      ]
    },
    {
      "vertragsnummer": "AS-5137612317",
      "spartenTypes": [
        "PRIVATHAFTPFLICHT"
      ],
      "anzeigename": "Haftpflicht 10/2015",
      "produktlinieAnzeigename": null,
      "ersetzen": false,
      "neugeschaeftSperren": [
        {
          "spartenType": "PRIVATHAFTPFLICHT",
          "neugeschaeftSperren": false
        }
      ],
      "zusatzinformation": "",
      "spLaufnummer": 34325,
      "berechnetePraemieBrutto": 116,
      "jahresbestandpraemieBrutto": 116,
      "zahlungsperiode": "JAEHRLICH",
      "zustandsDetail": "SVU",
      "infoText": "Der Vertrag wurde ab Beginn storniert. Bitte reichen Sie den Antrag als Neugeschäft ein.",
      "vorbelegungAktiv": true
    }
  ]
}