{
  "produktlinien" : [ {
    "salesProductName" : "BASIS",
    "rbdMax" : null,
    "preisverzeichnis" : 10,
    "salesProduktVariants" : [ {
      "zahlweise" : "MONATLICH",
      "selbstbeteiligung" : "SELBSTBETEILIGUNG_0000",
      "laufzeit" : "EIN_JAHR",
      "zaehlstuecke" : 0,
      "bausteinPreise" : [ {
        "taasTarifrisikoschluessel" : "FELS",
        "jahresNetto" : 61.68,
        "bruttopreisFuerZahlweise" : 5.97
      }, {
        "taasTarifrisikoschluessel" : "FAHRRAD",
        "jahresNetto" : 12.84,
        "bruttopreisFuerZahlweise" : 1.24
      }, {
        "taasTarifrisikoschluessel" : "GLAS_INNENFLAECHE",
        "jahresNetto" : 38.04,
        "bruttopreisFuerZahlweise" : 3.68
      }, {
        "taasTarifrisikoschluessel" : "GLAS_AUSSENFLAECHE",
        "jahresNetto" : 40.68,
        "bruttopreisFuerZahlweise" : 3.94
      }, {
        "taasTarifrisikoschluessel" : "ELEMENTAR",
        "jahresNetto" : 30.12,
        "bruttopreisFuerZahlweise" : 2.92
      }, {
        "taasTarifrisikoschluessel" : "HAUS_UND_WOHNSCHUTZBRIEF",
        "jahresNetto" : 34.68,
        "bruttopreisFuerZahlweise" : 3.36
      } ],
      "treuebonus" : 0,
      "linienBruttopreis" : 5.97,
      "gesamtBruttopreisFuerZahlweise" : 5.97,
      "gesamtBruttopreisJaehrlich" : 71.64
    }, {
      "zahlweise" : "MONATLICH",
      "selbstbeteiligung" : "SELBSTBETEILIGUNG_0150",
      "laufzeit" : "EIN_JAHR",
      "zaehlstuecke" : 0,
      "bausteinPreise" : [ {
        "taasTarifrisikoschluessel" : "FELS",
        "jahresNetto" : 58.2,
        "bruttopreisFuerZahlweise" : 5.63
      }, {
        "taasTarifrisikoschluessel" : "FAHRRAD",
        "jahresNetto" : 11.52,
        "bruttopreisFuerZahlweise" : 1.12
      }, {
        "taasTarifrisikoschluessel" : "GLAS_INNENFLAECHE",
        "jahresNetto" : 26.64,
        "bruttopreisFuerZahlweise" : 2.58
      }, {
        "taasTarifrisikoschluessel" : "GLAS_AUSSENFLAECHE",
        "jahresNetto" : 26.88,
        "bruttopreisFuerZahlweise" : 2.60
      }, {
        "taasTarifrisikoschluessel" : "ELEMENTAR",
        "jahresNetto" : 30.12,
        "bruttopreisFuerZahlweise" : 2.92
      }, {
        "taasTarifrisikoschluessel" : "HAUS_UND_WOHNSCHUTZBRIEF",
        "jahresNetto" : 34.68,
        "bruttopreisFuerZahlweise" : 3.36
      } ],
      "treuebonus" : 0,
      "linienBruttopreis" : 5.63,
      "gesamtBruttopreisFuerZahlweise" : 5.63,
      "gesamtBruttopreisJaehrlich" : 67.60
    }, {
      "zahlweise" : "MONATLICH",
      "selbstbeteiligung" : "SELBSTBETEILIGUNG_0300",
      "laufzeit" : "EIN_JAHR",
      "zaehlstuecke" : 0,
      "bausteinPreise" : [ {
        "taasTarifrisikoschluessel" : "FELS",
        "jahresNetto" : 55.56,
        "bruttopreisFuerZahlweise" : 5.38
      }, {
        "taasTarifrisikoschluessel" : "FAHRRAD",
        "jahresNetto" : 8.28,
        "bruttopreisFuerZahlweise" : 0.80
      }, {
        "taasTarifrisikoschluessel" : "GLAS_INNENFLAECHE",
        "jahresNetto" : 20.88,
        "bruttopreisFuerZahlweise" : 2.02
      }, {
        "taasTarifrisikoschluessel" : "GLAS_AUSSENFLAECHE",
        "jahresNetto" : 17.04,
        "bruttopreisFuerZahlweise" : 1.65
      }, {
        "taasTarifrisikoschluessel" : "ELEMENTAR",
        "jahresNetto" : 30.12,
        "bruttopreisFuerZahlweise" : 2.92
      }, {
        "taasTarifrisikoschluessel" : "HAUS_UND_WOHNSCHUTZBRIEF",
        "jahresNetto" : 34.68,
        "bruttopreisFuerZahlweise" : 3.36
      } ],
      "treuebonus" : 0,
      "linienBruttopreis" : 5.38,
      "gesamtBruttopreisFuerZahlweise" : 5.38,
      "gesamtBruttopreisJaehrlich" : 64.53
    }, {
      "zahlweise" : "MONATLICH",
      "selbstbeteiligung" : "SELBSTBETEILIGUNG_0500",
      "laufzeit" : "EIN_JAHR",
      "zaehlstuecke" : 0,
      "bausteinPreise" : [ {
        "taasTarifrisikoschluessel" : "FELS",
        "jahresNetto" : 53.04,
        "bruttopreisFuerZahlweise" : 5.13
      }, {
        "taasTarifrisikoschluessel" : "FAHRRAD",
        "jahresNetto" : 6.36,
        "bruttopreisFuerZahlweise" : 0.62
      }, {
        "taasTarifrisikoschluessel" : "GLAS_INNENFLAECHE",
        "jahresNetto" : 15.24,
        "bruttopreisFuerZahlweise" : 1.48
      }, {
        "taasTarifrisikoschluessel" : "GLAS_AUSSENFLAECHE",
        "jahresNetto" : 10.2,
        "bruttopreisFuerZahlweise" : 0.99
      }, {
        "taasTarifrisikoschluessel" : "ELEMENTAR",
        "jahresNetto" : 30.12,
        "bruttopreisFuerZahlweise" : 2.92
      }, {
        "taasTarifrisikoschluessel" : "HAUS_UND_WOHNSCHUTZBRIEF",
        "jahresNetto" : 34.68,
        "bruttopreisFuerZahlweise" : 3.36
      } ],
      "treuebonus" : 0,
      "linienBruttopreis" : 5.13,
      "gesamtBruttopreisFuerZahlweise" : 5.13,
      "gesamtBruttopreisJaehrlich" : 61.61
    }, {
      "zahlweise" : "MONATLICH",
      "selbstbeteiligung" : "SELBSTBETEILIGUNG_1000",
      "laufzeit" : "EIN_JAHR",
      "zaehlstuecke" : 0,
      "bausteinPreise" : [ {
        "taasTarifrisikoschluessel" : "FELS",
        "jahresNetto" : 48.6,
        "bruttopreisFuerZahlweise" : 4.70
      }, {
        "taasTarifrisikoschluessel" : "FAHRRAD",
        "jahresNetto" : 3.24,
        "bruttopreisFuerZahlweise" : 0.31
      }, {
        "taasTarifrisikoschluessel" : "GLAS_INNENFLAECHE",
        "jahresNetto" : 11.4,
        "bruttopreisFuerZahlweise" : 1.10
      }, {
        "taasTarifrisikoschluessel" : "GLAS_AUSSENFLAECHE",
        "jahresNetto" : 4.08,
        "bruttopreisFuerZahlweise" : 0.39
      }, {
        "taasTarifrisikoschluessel" : "ELEMENTAR",
        "jahresNetto" : 30.12,
        "bruttopreisFuerZahlweise" : 2.92
      }, {
        "taasTarifrisikoschluessel" : "HAUS_UND_WOHNSCHUTZBRIEF",
        "jahresNetto" : 34.68,
        "bruttopreisFuerZahlweise" : 3.36
      } ],
      "treuebonus" : 0,
      "linienBruttopreis" : 4.70,
      "gesamtBruttopreisFuerZahlweise" : 4.70,
      "gesamtBruttopreisJaehrlich" : 56.45
    }, {
      "zahlweise" : "MONATLICH",
      "selbstbeteiligung" : "SELBSTBETEILIGUNG_10_PROZENT",
      "laufzeit" : "EIN_JAHR",
      "zaehlstuecke" : 0,
      "bausteinPreise" : [ {
        "taasTarifrisikoschluessel" : "FELS",
        "jahresNetto" : 61.68,
        "bruttopreisFuerZahlweise" : 5.97
      }, {
        "taasTarifrisikoschluessel" : "FAHRRAD",
        "jahresNetto" : 12.84,
        "bruttopreisFuerZahlweise" : 1.24
      }, {
        "taasTarifrisikoschluessel" : "GLAS_INNENFLAECHE",
        "jahresNetto" : 38.04,
        "bruttopreisFuerZahlweise" : 3.68
      }, {
        "taasTarifrisikoschluessel" : "GLAS_AUSSENFLAECHE",
        "jahresNetto" : 40.68,
        "bruttopreisFuerZahlweise" : 3.94
      }, {
        "taasTarifrisikoschluessel" : "ELEMENTAR",
        "jahresNetto" : 30.12,
        "bruttopreisFuerZahlweise" : 2.92
      }, {
        "taasTarifrisikoschluessel" : "HAUS_UND_WOHNSCHUTZBRIEF",
        "jahresNetto" : 34.68,
        "bruttopreisFuerZahlweise" : 3.36
      } ],
      "treuebonus" : 0,
      "linienBruttopreis" : 5.97,
      "gesamtBruttopreisFuerZahlweise" : 5.97,
      "gesamtBruttopreisJaehrlich" : 71.64
    }, {
      "zahlweise" : "MONATLICH",
      "selbstbeteiligung" : "SELBSTBETEILIGUNG_20_PROZENT",
      "laufzeit" : "EIN_JAHR",
      "zaehlstuecke" : 0,
      "bausteinPreise" : [ {
        "taasTarifrisikoschluessel" : "FELS",
        "jahresNetto" : 61.68,
        "bruttopreisFuerZahlweise" : 5.97
      }, {
        "taasTarifrisikoschluessel" : "FAHRRAD",
        "jahresNetto" : 12.84,
        "bruttopreisFuerZahlweise" : 1.24
      }, {
        "taasTarifrisikoschluessel" : "GLAS_INNENFLAECHE",
        "jahresNetto" : 38.04,
        "bruttopreisFuerZahlweise" : 3.68
      }, {
        "taasTarifrisikoschluessel" : "GLAS_AUSSENFLAECHE",
        "jahresNetto" : 40.68,
        "bruttopreisFuerZahlweise" : 3.94
      }, {
        "taasTarifrisikoschluessel" : "ELEMENTAR",
        "jahresNetto" : 30.12,
        "bruttopreisFuerZahlweise" : 2.92
      }, {
        "taasTarifrisikoschluessel" : "HAUS_UND_WOHNSCHUTZBRIEF",
        "jahresNetto" : 34.68,
        "bruttopreisFuerZahlweise" : 3.36
      } ],
      "treuebonus" : 0,
      "linienBruttopreis" : 5.97,
      "gesamtBruttopreisFuerZahlweise" : 5.97,
      "gesamtBruttopreisJaehrlich" : 71.64
    }, {
      "zahlweise" : "MONATLICH",
      "selbstbeteiligung" : "SELBSTBETEILIGUNG_10_PROZENT",
      "laufzeit" : "EIN_JAHR",
      "zaehlstuecke" : 0,
      "bausteinPreise" : [ {
        "taasTarifrisikoschluessel" : "FELS",
        "jahresNetto" : 61.68,
        "bruttopreisFuerZahlweise" : 5.97
      }, {
        "taasTarifrisikoschluessel" : "FAHRRAD",
        "jahresNetto" : 12.84,
        "bruttopreisFuerZahlweise" : 1.24
      }, {
        "taasTarifrisikoschluessel" : "GLAS_INNENFLAECHE",
        "jahresNetto" : 38.04,
        "bruttopreisFuerZahlweise" : 3.68
      }, {
        "taasTarifrisikoschluessel" : "GLAS_AUSSENFLAECHE",
        "jahresNetto" : 40.68,
        "bruttopreisFuerZahlweise" : 3.94
      }, {
        "taasTarifrisikoschluessel" : "ELEMENTAR",
        "jahresNetto" : 30.12,
        "bruttopreisFuerZahlweise" : 2.92
      }, {
        "taasTarifrisikoschluessel" : "HAUS_UND_WOHNSCHUTZBRIEF",
        "jahresNetto" : 34.68,
        "bruttopreisFuerZahlweise" : 3.36
      } ],
      "treuebonus" : 0,
      "linienBruttopreis" : 5.97,
      "gesamtBruttopreisFuerZahlweise" : 5.97,
      "gesamtBruttopreisJaehrlich" : 71.64
    }, {
      "zahlweise" : "MONATLICH",
      "selbstbeteiligung" : "SELBSTBETEILIGUNG_20_PROZENT",
      "laufzeit" : "EIN_JAHR",
      "zaehlstuecke" : 0,
      "bausteinPreise" : [ {
        "taasTarifrisikoschluessel" : "FELS",
        "jahresNetto" : 61.68,
        "bruttopreisFuerZahlweise" : 5.97
      }, {
        "taasTarifrisikoschluessel" : "FAHRRAD",
        "jahresNetto" : 12.84,
        "bruttopreisFuerZahlweise" : 1.24
      }, {
        "taasTarifrisikoschluessel" : "GLAS_INNENFLAECHE",
        "jahresNetto" : 38.04,
        "bruttopreisFuerZahlweise" : 3.68
      }, {
        "taasTarifrisikoschluessel" : "GLAS_AUSSENFLAECHE",
        "jahresNetto" : 40.68,
        "bruttopreisFuerZahlweise" : 3.94
      }, {
        "taasTarifrisikoschluessel" : "ELEMENTAR",
        "jahresNetto" : 30.12,
        "bruttopreisFuerZahlweise" : 2.92
      }, {
        "taasTarifrisikoschluessel" : "HAUS_UND_WOHNSCHUTZBRIEF",
        "jahresNetto" : 34.68,
        "bruttopreisFuerZahlweise" : 3.36
      } ],
      "treuebonus" : 0,
      "linienBruttopreis" : 5.97,
      "gesamtBruttopreisFuerZahlweise" : 5.97,
      "gesamtBruttopreisJaehrlich" : 71.64
    }, {
      "zahlweise" : "MONATLICH",
      "selbstbeteiligung" : "SELBSTBETEILIGUNG_0000",
      "laufzeit" : "DREI_JAHRE",
      "zaehlstuecke" : 0,
      "bausteinPreise" : [ {
        "taasTarifrisikoschluessel" : "FELS",
        "jahresNetto" : 61.68,
        "bruttopreisFuerZahlweise" : 5.97
      }, {
        "taasTarifrisikoschluessel" : "FAHRRAD",
        "jahresNetto" : 12.84,
        "bruttopreisFuerZahlweise" : 1.24
      }, {
        "taasTarifrisikoschluessel" : "GLAS_INNENFLAECHE",
        "jahresNetto" : 38.04,
        "bruttopreisFuerZahlweise" : 3.68
      }, {
        "taasTarifrisikoschluessel" : "GLAS_AUSSENFLAECHE",
        "jahresNetto" : 40.68,
        "bruttopreisFuerZahlweise" : 3.94
      }, {
        "taasTarifrisikoschluessel" : "ELEMENTAR",
        "jahresNetto" : 30.12,
        "bruttopreisFuerZahlweise" : 2.92
      }, {
        "taasTarifrisikoschluessel" : "HAUS_UND_WOHNSCHUTZBRIEF",
        "jahresNetto" : 34.68,
        "bruttopreisFuerZahlweise" : 3.36
      } ],
      "treuebonus" : 0,
      "linienBruttopreis" : 5.97,
      "gesamtBruttopreisFuerZahlweise" : 5.97,
      "gesamtBruttopreisJaehrlich" : 71.64
    }, {
      "zahlweise" : "MONATLICH",
      "selbstbeteiligung" : "SELBSTBETEILIGUNG_0150",
      "laufzeit" : "DREI_JAHRE",
      "zaehlstuecke" : 0,
      "bausteinPreise" : [ {
        "taasTarifrisikoschluessel" : "FELS",
        "jahresNetto" : 58.2,
        "bruttopreisFuerZahlweise" : 5.63
      }, {
        "taasTarifrisikoschluessel" : "FAHRRAD",
        "jahresNetto" : 11.52,
        "bruttopreisFuerZahlweise" : 1.12
      }, {
        "taasTarifrisikoschluessel" : "GLAS_INNENFLAECHE",
        "jahresNetto" : 26.64,
        "bruttopreisFuerZahlweise" : 2.58
      }, {
        "taasTarifrisikoschluessel" : "GLAS_AUSSENFLAECHE",
        "jahresNetto" : 26.88,
        "bruttopreisFuerZahlweise" : 2.60
      }, {
        "taasTarifrisikoschluessel" : "ELEMENTAR",
        "jahresNetto" : 30.12,
        "bruttopreisFuerZahlweise" : 2.92
      }, {
        "taasTarifrisikoschluessel" : "HAUS_UND_WOHNSCHUTZBRIEF",
        "jahresNetto" : 34.68,
        "bruttopreisFuerZahlweise" : 3.36
      } ],
      "treuebonus" : 0,
      "linienBruttopreis" : 5.63,
      "gesamtBruttopreisFuerZahlweise" : 5.63,
      "gesamtBruttopreisJaehrlich" : 67.60
    }, {
      "zahlweise" : "MONATLICH",
      "selbstbeteiligung" : "SELBSTBETEILIGUNG_0300",
      "laufzeit" : "DREI_JAHRE",
      "zaehlstuecke" : 0,
      "bausteinPreise" : [ {
        "taasTarifrisikoschluessel" : "FELS",
        "jahresNetto" : 55.56,
        "bruttopreisFuerZahlweise" : 5.38
      }, {
        "taasTarifrisikoschluessel" : "FAHRRAD",
        "jahresNetto" : 8.28,
        "bruttopreisFuerZahlweise" : 0.80
      }, {
        "taasTarifrisikoschluessel" : "GLAS_INNENFLAECHE",
        "jahresNetto" : 20.88,
        "bruttopreisFuerZahlweise" : 2.02
      }, {
        "taasTarifrisikoschluessel" : "GLAS_AUSSENFLAECHE",
        "jahresNetto" : 17.04,
        "bruttopreisFuerZahlweise" : 1.65
      }, {
        "taasTarifrisikoschluessel" : "ELEMENTAR",
        "jahresNetto" : 30.12,
        "bruttopreisFuerZahlweise" : 2.92
      }, {
        "taasTarifrisikoschluessel" : "HAUS_UND_WOHNSCHUTZBRIEF",
        "jahresNetto" : 34.68,
        "bruttopreisFuerZahlweise" : 3.36
      } ],
      "treuebonus" : 0,
      "linienBruttopreis" : 5.38,
      "gesamtBruttopreisFuerZahlweise" : 5.38,
      "gesamtBruttopreisJaehrlich" : 64.53
    }, {
      "zahlweise" : "MONATLICH",
      "selbstbeteiligung" : "SELBSTBETEILIGUNG_0500",
      "laufzeit" : "DREI_JAHRE",
      "zaehlstuecke" : 0,
      "bausteinPreise" : [ {
        "taasTarifrisikoschluessel" : "FELS",
        "jahresNetto" : 53.04,
        "bruttopreisFuerZahlweise" : 5.13
      }, {
        "taasTarifrisikoschluessel" : "FAHRRAD",
        "jahresNetto" : 6.36,
        "bruttopreisFuerZahlweise" : 0.62
      }, {
        "taasTarifrisikoschluessel" : "GLAS_INNENFLAECHE",
        "jahresNetto" : 15.24,
        "bruttopreisFuerZahlweise" : 1.48
      }, {
        "taasTarifrisikoschluessel" : "GLAS_AUSSENFLAECHE",
        "jahresNetto" : 10.2,
        "bruttopreisFuerZahlweise" : 0.99
      }, {
        "taasTarifrisikoschluessel" : "ELEMENTAR",
        "jahresNetto" : 30.12,
        "bruttopreisFuerZahlweise" : 2.92
      }, {
        "taasTarifrisikoschluessel" : "HAUS_UND_WOHNSCHUTZBRIEF",
        "jahresNetto" : 34.68,
        "bruttopreisFuerZahlweise" : 3.36
      } ],
      "treuebonus" : 0,
      "linienBruttopreis" : 5.13,
      "gesamtBruttopreisFuerZahlweise" : 5.13,
      "gesamtBruttopreisJaehrlich" : 61.61
    }, {
      "zahlweise" : "MONATLICH",
      "selbstbeteiligung" : "SELBSTBETEILIGUNG_1000",
      "laufzeit" : "DREI_JAHRE",
      "zaehlstuecke" : 0,
      "bausteinPreise" : [ {
        "taasTarifrisikoschluessel" : "FELS",
        "jahresNetto" : 48.6,
        "bruttopreisFuerZahlweise" : 4.70
      }, {
        "taasTarifrisikoschluessel" : "FAHRRAD",
        "jahresNetto" : 3.24,
        "bruttopreisFuerZahlweise" : 0.31
      }, {
        "taasTarifrisikoschluessel" : "GLAS_INNENFLAECHE",
        "jahresNetto" : 11.4,
        "bruttopreisFuerZahlweise" : 1.10
      }, {
        "taasTarifrisikoschluessel" : "GLAS_AUSSENFLAECHE",
        "jahresNetto" : 4.08,
        "bruttopreisFuerZahlweise" : 0.39
      }, {
        "taasTarifrisikoschluessel" : "ELEMENTAR",
        "jahresNetto" : 30.12,
        "bruttopreisFuerZahlweise" : 2.92
      }, {
        "taasTarifrisikoschluessel" : "HAUS_UND_WOHNSCHUTZBRIEF",
        "jahresNetto" : 34.68,
        "bruttopreisFuerZahlweise" : 3.36
      } ],
      "treuebonus" : 0,
      "linienBruttopreis" : 4.70,
      "gesamtBruttopreisFuerZahlweise" : 4.70,
      "gesamtBruttopreisJaehrlich" : 56.45
    }, {
      "zahlweise" : "MONATLICH",
      "selbstbeteiligung" : "SELBSTBETEILIGUNG_10_PROZENT",
      "laufzeit" : "DREI_JAHRE",
      "zaehlstuecke" : 0,
      "bausteinPreise" : [ {
        "taasTarifrisikoschluessel" : "FELS",
        "jahresNetto" : 61.68,
        "bruttopreisFuerZahlweise" : 5.97
      }, {
        "taasTarifrisikoschluessel" : "FAHRRAD",
        "jahresNetto" : 12.84,
        "bruttopreisFuerZahlweise" : 1.24
      }, {
        "taasTarifrisikoschluessel" : "GLAS_INNENFLAECHE",
        "jahresNetto" : 38.04,
        "bruttopreisFuerZahlweise" : 3.68
      }, {
        "taasTarifrisikoschluessel" : "GLAS_AUSSENFLAECHE",
        "jahresNetto" : 40.68,
        "bruttopreisFuerZahlweise" : 3.94
      }, {
        "taasTarifrisikoschluessel" : "ELEMENTAR",
        "jahresNetto" : 30.12,
        "bruttopreisFuerZahlweise" : 2.92
      }, {
        "taasTarifrisikoschluessel" : "HAUS_UND_WOHNSCHUTZBRIEF",
        "jahresNetto" : 34.68,
        "bruttopreisFuerZahlweise" : 3.36
      } ],
      "treuebonus" : 0,
      "linienBruttopreis" : 5.97,
      "gesamtBruttopreisFuerZahlweise" : 5.97,
      "gesamtBruttopreisJaehrlich" : 71.64
    }, {
      "zahlweise" : "MONATLICH",
      "selbstbeteiligung" : "SELBSTBETEILIGUNG_20_PROZENT",
      "laufzeit" : "DREI_JAHRE",
      "zaehlstuecke" : 0,
      "bausteinPreise" : [ {
        "taasTarifrisikoschluessel" : "FELS",
        "jahresNetto" : 61.68,
        "bruttopreisFuerZahlweise" : 5.97
      }, {
        "taasTarifrisikoschluessel" : "FAHRRAD",
        "jahresNetto" : 12.84,
        "bruttopreisFuerZahlweise" : 1.24
      }, {
        "taasTarifrisikoschluessel" : "GLAS_INNENFLAECHE",
        "jahresNetto" : 38.04,
        "bruttopreisFuerZahlweise" : 3.68
      }, {
        "taasTarifrisikoschluessel" : "GLAS_AUSSENFLAECHE",
        "jahresNetto" : 40.68,
        "bruttopreisFuerZahlweise" : 3.94
      }, {
        "taasTarifrisikoschluessel" : "ELEMENTAR",
        "jahresNetto" : 30.12,
        "bruttopreisFuerZahlweise" : 2.92
      }, {
        "taasTarifrisikoschluessel" : "HAUS_UND_WOHNSCHUTZBRIEF",
        "jahresNetto" : 34.68,
        "bruttopreisFuerZahlweise" : 3.36
      } ],
      "treuebonus" : 0,
      "linienBruttopreis" : 5.97,
      "gesamtBruttopreisFuerZahlweise" : 5.97,
      "gesamtBruttopreisJaehrlich" : 71.64
    }, {
      "zahlweise" : "MONATLICH",
      "selbstbeteiligung" : "SELBSTBETEILIGUNG_10_PROZENT",
      "laufzeit" : "DREI_JAHRE",
      "zaehlstuecke" : 0,
      "bausteinPreise" : [ {
        "taasTarifrisikoschluessel" : "FELS",
        "jahresNetto" : 61.68,
        "bruttopreisFuerZahlweise" : 5.97
      }, {
        "taasTarifrisikoschluessel" : "FAHRRAD",
        "jahresNetto" : 12.84,
        "bruttopreisFuerZahlweise" : 1.24
      }, {
        "taasTarifrisikoschluessel" : "GLAS_INNENFLAECHE",
        "jahresNetto" : 38.04,
        "bruttopreisFuerZahlweise" : 3.68
      }, {
        "taasTarifrisikoschluessel" : "GLAS_AUSSENFLAECHE",
        "jahresNetto" : 40.68,
        "bruttopreisFuerZahlweise" : 3.94
      }, {
        "taasTarifrisikoschluessel" : "ELEMENTAR",
        "jahresNetto" : 30.12,
        "bruttopreisFuerZahlweise" : 2.92
      }, {
        "taasTarifrisikoschluessel" : "HAUS_UND_WOHNSCHUTZBRIEF",
        "jahresNetto" : 34.68,
        "bruttopreisFuerZahlweise" : 3.36
      } ],
      "treuebonus" : 0,
      "linienBruttopreis" : 5.97,
      "gesamtBruttopreisFuerZahlweise" : 5.97,
      "gesamtBruttopreisJaehrlich" : 71.64
    }, {
      "zahlweise" : "MONATLICH",
      "selbstbeteiligung" : "SELBSTBETEILIGUNG_20_PROZENT",
      "laufzeit" : "DREI_JAHRE",
      "zaehlstuecke" : 0,
      "bausteinPreise" : [ {
        "taasTarifrisikoschluessel" : "FELS",
        "jahresNetto" : 61.68,
        "bruttopreisFuerZahlweise" : 5.97
      }, {
        "taasTarifrisikoschluessel" : "FAHRRAD",
        "jahresNetto" : 12.84,
        "bruttopreisFuerZahlweise" : 1.24
      }, {
        "taasTarifrisikoschluessel" : "GLAS_INNENFLAECHE",
        "jahresNetto" : 38.04,
        "bruttopreisFuerZahlweise" : 3.68
      }, {
        "taasTarifrisikoschluessel" : "GLAS_AUSSENFLAECHE",
        "jahresNetto" : 40.68,
        "bruttopreisFuerZahlweise" : 3.94
      }, {
        "taasTarifrisikoschluessel" : "ELEMENTAR",
        "jahresNetto" : 30.12,
        "bruttopreisFuerZahlweise" : 2.92
      }, {
        "taasTarifrisikoschluessel" : "HAUS_UND_WOHNSCHUTZBRIEF",
        "jahresNetto" : 34.68,
        "bruttopreisFuerZahlweise" : 3.36
      } ],
      "treuebonus" : 0,
      "linienBruttopreis" : 5.97,
      "gesamtBruttopreisFuerZahlweise" : 5.97,
      "gesamtBruttopreisJaehrlich" : 71.64
    } ]
  }, {
    "salesProductName" : "SMART",
    "rbdMax" : null,
    "preisverzeichnis" : 10,
    "salesProduktVariants" : [ {
      "zahlweise" : "MONATLICH",
      "selbstbeteiligung" : "SELBSTBETEILIGUNG_0000",
      "laufzeit" : "EIN_JAHR",
      "zaehlstuecke" : 0,
      "bausteinPreise" : [ {
        "taasTarifrisikoschluessel" : "FELS",
        "jahresNetto" : 81.84,
        "bruttopreisFuerZahlweise" : 7.92
      }, {
        "taasTarifrisikoschluessel" : "FAHRRAD",
        "jahresNetto" : 12.84,
        "bruttopreisFuerZahlweise" : 1.24
      }, {
        "taasTarifrisikoschluessel" : "GLAS_INNENFLAECHE",
        "jahresNetto" : 38.04,
        "bruttopreisFuerZahlweise" : 3.68
      }, {
        "taasTarifrisikoschluessel" : "GLAS_AUSSENFLAECHE",
        "jahresNetto" : 40.68,
        "bruttopreisFuerZahlweise" : 3.94
      }, {
        "taasTarifrisikoschluessel" : "ELEMENTAR",
        "jahresNetto" : 30.12,
        "bruttopreisFuerZahlweise" : 2.92
      }, {
        "taasTarifrisikoschluessel" : "HAUS_UND_WOHNSCHUTZBRIEF",
        "jahresNetto" : 34.68,
        "bruttopreisFuerZahlweise" : 3.36
      } ],
      "treuebonus" : 0,
      "linienBruttopreis" : 7.92,
      "gesamtBruttopreisFuerZahlweise" : 7.92,
      "gesamtBruttopreisJaehrlich" : 95.06
    }, {
      "zahlweise" : "MONATLICH",
      "selbstbeteiligung" : "SELBSTBETEILIGUNG_0150",
      "laufzeit" : "EIN_JAHR",
      "zaehlstuecke" : 0,
      "bausteinPreise" : [ {
        "taasTarifrisikoschluessel" : "FELS",
        "jahresNetto" : 76.92,
        "bruttopreisFuerZahlweise" : 7.45
      }, {
        "taasTarifrisikoschluessel" : "FAHRRAD",
        "jahresNetto" : 11.52,
        "bruttopreisFuerZahlweise" : 1.12
      }, {
        "taasTarifrisikoschluessel" : "GLAS_INNENFLAECHE",
        "jahresNetto" : 26.64,
        "bruttopreisFuerZahlweise" : 2.58
      }, {
        "taasTarifrisikoschluessel" : "GLAS_AUSSENFLAECHE",
        "jahresNetto" : 26.88,
        "bruttopreisFuerZahlweise" : 2.60
      }, {
        "taasTarifrisikoschluessel" : "ELEMENTAR",
        "jahresNetto" : 30.12,
        "bruttopreisFuerZahlweise" : 2.92
      }, {
        "taasTarifrisikoschluessel" : "HAUS_UND_WOHNSCHUTZBRIEF",
        "jahresNetto" : 34.68,
        "bruttopreisFuerZahlweise" : 3.36
      } ],
      "treuebonus" : 0,
      "linienBruttopreis" : 7.45,
      "gesamtBruttopreisFuerZahlweise" : 7.45,
      "gesamtBruttopreisJaehrlich" : 89.34
    }, {
      "zahlweise" : "MONATLICH",
      "selbstbeteiligung" : "SELBSTBETEILIGUNG_0300",
      "laufzeit" : "EIN_JAHR",
      "zaehlstuecke" : 0,
      "bausteinPreise" : [ {
        "taasTarifrisikoschluessel" : "FELS",
        "jahresNetto" : 73.32,
        "bruttopreisFuerZahlweise" : 7.10
      }, {
        "taasTarifrisikoschluessel" : "FAHRRAD",
        "jahresNetto" : 8.28,
        "bruttopreisFuerZahlweise" : 0.80
      }, {
        "taasTarifrisikoschluessel" : "GLAS_INNENFLAECHE",
        "jahresNetto" : 20.88,
        "bruttopreisFuerZahlweise" : 2.02
      }, {
        "taasTarifrisikoschluessel" : "GLAS_AUSSENFLAECHE",
        "jahresNetto" : 17.04,
        "bruttopreisFuerZahlweise" : 1.65
      }, {
        "taasTarifrisikoschluessel" : "ELEMENTAR",
        "jahresNetto" : 30.12,
        "bruttopreisFuerZahlweise" : 2.92
      }, {
        "taasTarifrisikoschluessel" : "HAUS_UND_WOHNSCHUTZBRIEF",
        "jahresNetto" : 34.68,
        "bruttopreisFuerZahlweise" : 3.36
      } ],
      "treuebonus" : 0,
      "linienBruttopreis" : 7.10,
      "gesamtBruttopreisFuerZahlweise" : 7.10,
      "gesamtBruttopreisJaehrlich" : 85.16
    }, {
      "zahlweise" : "MONATLICH",
      "selbstbeteiligung" : "SELBSTBETEILIGUNG_0500",
      "laufzeit" : "EIN_JAHR",
      "zaehlstuecke" : 0,
      "bausteinPreise" : [ {
        "taasTarifrisikoschluessel" : "FELS",
        "jahresNetto" : 69.6,
        "bruttopreisFuerZahlweise" : 6.74
      }, {
        "taasTarifrisikoschluessel" : "FAHRRAD",
        "jahresNetto" : 6.36,
        "bruttopreisFuerZahlweise" : 0.62
      }, {
        "taasTarifrisikoschluessel" : "GLAS_INNENFLAECHE",
        "jahresNetto" : 15.24,
        "bruttopreisFuerZahlweise" : 1.48
      }, {
        "taasTarifrisikoschluessel" : "GLAS_AUSSENFLAECHE",
        "jahresNetto" : 10.2,
        "bruttopreisFuerZahlweise" : 0.99
      }, {
        "taasTarifrisikoschluessel" : "ELEMENTAR",
        "jahresNetto" : 30.12,
        "bruttopreisFuerZahlweise" : 2.92
      }, {
        "taasTarifrisikoschluessel" : "HAUS_UND_WOHNSCHUTZBRIEF",
        "jahresNetto" : 34.68,
        "bruttopreisFuerZahlweise" : 3.36
      } ],
      "treuebonus" : 0,
      "linienBruttopreis" : 6.74,
      "gesamtBruttopreisFuerZahlweise" : 6.74,
      "gesamtBruttopreisJaehrlich" : 80.84
    }, {
      "zahlweise" : "MONATLICH",
      "selbstbeteiligung" : "SELBSTBETEILIGUNG_1000",
      "laufzeit" : "EIN_JAHR",
      "zaehlstuecke" : 0,
      "bausteinPreise" : [ {
        "taasTarifrisikoschluessel" : "FELS",
        "jahresNetto" : 63.48,
        "bruttopreisFuerZahlweise" : 6.14
      }, {
        "taasTarifrisikoschluessel" : "FAHRRAD",
        "jahresNetto" : 3.24,
        "bruttopreisFuerZahlweise" : 0.31
      }, {
        "taasTarifrisikoschluessel" : "GLAS_INNENFLAECHE",
        "jahresNetto" : 11.4,
        "bruttopreisFuerZahlweise" : 1.10
      }, {
        "taasTarifrisikoschluessel" : "GLAS_AUSSENFLAECHE",
        "jahresNetto" : 4.08,
        "bruttopreisFuerZahlweise" : 0.39
      }, {
        "taasTarifrisikoschluessel" : "ELEMENTAR",
        "jahresNetto" : 30.12,
        "bruttopreisFuerZahlweise" : 2.92
      }, {
        "taasTarifrisikoschluessel" : "HAUS_UND_WOHNSCHUTZBRIEF",
        "jahresNetto" : 34.68,
        "bruttopreisFuerZahlweise" : 3.36
      } ],
      "treuebonus" : 0,
      "linienBruttopreis" : 6.14,
      "gesamtBruttopreisFuerZahlweise" : 6.14,
      "gesamtBruttopreisJaehrlich" : 73.73
    }, {
      "zahlweise" : "MONATLICH",
      "selbstbeteiligung" : "SELBSTBETEILIGUNG_10_PROZENT",
      "laufzeit" : "EIN_JAHR",
      "zaehlstuecke" : 0,
      "bausteinPreise" : [ {
        "taasTarifrisikoschluessel" : "FELS",
        "jahresNetto" : 81.84,
        "bruttopreisFuerZahlweise" : 7.92
      }, {
        "taasTarifrisikoschluessel" : "FAHRRAD",
        "jahresNetto" : 12.84,
        "bruttopreisFuerZahlweise" : 1.24
      }, {
        "taasTarifrisikoschluessel" : "GLAS_INNENFLAECHE",
        "jahresNetto" : 38.04,
        "bruttopreisFuerZahlweise" : 3.68
      }, {
        "taasTarifrisikoschluessel" : "GLAS_AUSSENFLAECHE",
        "jahresNetto" : 40.68,
        "bruttopreisFuerZahlweise" : 3.94
      }, {
        "taasTarifrisikoschluessel" : "ELEMENTAR",
        "jahresNetto" : 30.12,
        "bruttopreisFuerZahlweise" : 2.92
      }, {
        "taasTarifrisikoschluessel" : "HAUS_UND_WOHNSCHUTZBRIEF",
        "jahresNetto" : 34.68,
        "bruttopreisFuerZahlweise" : 3.36
      } ],
      "treuebonus" : 0,
      "linienBruttopreis" : 7.92,
      "gesamtBruttopreisFuerZahlweise" : 7.92,
      "gesamtBruttopreisJaehrlich" : 95.06
    }, {
      "zahlweise" : "MONATLICH",
      "selbstbeteiligung" : "SELBSTBETEILIGUNG_20_PROZENT",
      "laufzeit" : "EIN_JAHR",
      "zaehlstuecke" : 0,
      "bausteinPreise" : [ {
        "taasTarifrisikoschluessel" : "FELS",
        "jahresNetto" : 81.84,
        "bruttopreisFuerZahlweise" : 7.92
      }, {
        "taasTarifrisikoschluessel" : "FAHRRAD",
        "jahresNetto" : 12.84,
        "bruttopreisFuerZahlweise" : 1.24
      }, {
        "taasTarifrisikoschluessel" : "GLAS_INNENFLAECHE",
        "jahresNetto" : 38.04,
        "bruttopreisFuerZahlweise" : 3.68
      }, {
        "taasTarifrisikoschluessel" : "GLAS_AUSSENFLAECHE",
        "jahresNetto" : 40.68,
        "bruttopreisFuerZahlweise" : 3.94
      }, {
        "taasTarifrisikoschluessel" : "ELEMENTAR",
        "jahresNetto" : 30.12,
        "bruttopreisFuerZahlweise" : 2.92
      }, {
        "taasTarifrisikoschluessel" : "HAUS_UND_WOHNSCHUTZBRIEF",
        "jahresNetto" : 34.68,
        "bruttopreisFuerZahlweise" : 3.36
      } ],
      "treuebonus" : 0,
      "linienBruttopreis" : 7.92,
      "gesamtBruttopreisFuerZahlweise" : 7.92,
      "gesamtBruttopreisJaehrlich" : 95.06
    }, {
      "zahlweise" : "MONATLICH",
      "selbstbeteiligung" : "SELBSTBETEILIGUNG_10_PROZENT",
      "laufzeit" : "EIN_JAHR",
      "zaehlstuecke" : 0,
      "bausteinPreise" : [ {
        "taasTarifrisikoschluessel" : "FELS",
        "jahresNetto" : 81.84,
        "bruttopreisFuerZahlweise" : 7.92
      }, {
        "taasTarifrisikoschluessel" : "FAHRRAD",
        "jahresNetto" : 12.84,
        "bruttopreisFuerZahlweise" : 1.24
      }, {
        "taasTarifrisikoschluessel" : "GLAS_INNENFLAECHE",
        "jahresNetto" : 38.04,
        "bruttopreisFuerZahlweise" : 3.68
      }, {
        "taasTarifrisikoschluessel" : "GLAS_AUSSENFLAECHE",
        "jahresNetto" : 40.68,
        "bruttopreisFuerZahlweise" : 3.94
      }, {
        "taasTarifrisikoschluessel" : "ELEMENTAR",
        "jahresNetto" : 30.12,
        "bruttopreisFuerZahlweise" : 2.92
      }, {
        "taasTarifrisikoschluessel" : "HAUS_UND_WOHNSCHUTZBRIEF",
        "jahresNetto" : 34.68,
        "bruttopreisFuerZahlweise" : 3.36
      } ],
      "treuebonus" : 0,
      "linienBruttopreis" : 7.92,
      "gesamtBruttopreisFuerZahlweise" : 7.92,
      "gesamtBruttopreisJaehrlich" : 95.06
    }, {
      "zahlweise" : "MONATLICH",
      "selbstbeteiligung" : "SELBSTBETEILIGUNG_20_PROZENT",
      "laufzeit" : "EIN_JAHR",
      "zaehlstuecke" : 0,
      "bausteinPreise" : [ {
        "taasTarifrisikoschluessel" : "FELS",
        "jahresNetto" : 81.84,
        "bruttopreisFuerZahlweise" : 7.92
      }, {
        "taasTarifrisikoschluessel" : "FAHRRAD",
        "jahresNetto" : 12.84,
        "bruttopreisFuerZahlweise" : 1.24
      }, {
        "taasTarifrisikoschluessel" : "GLAS_INNENFLAECHE",
        "jahresNetto" : 38.04,
        "bruttopreisFuerZahlweise" : 3.68
      }, {
        "taasTarifrisikoschluessel" : "GLAS_AUSSENFLAECHE",
        "jahresNetto" : 40.68,
        "bruttopreisFuerZahlweise" : 3.94
      }, {
        "taasTarifrisikoschluessel" : "ELEMENTAR",
        "jahresNetto" : 30.12,
        "bruttopreisFuerZahlweise" : 2.92
      }, {
        "taasTarifrisikoschluessel" : "HAUS_UND_WOHNSCHUTZBRIEF",
        "jahresNetto" : 34.68,
        "bruttopreisFuerZahlweise" : 3.36
      } ],
      "treuebonus" : 0,
      "linienBruttopreis" : 7.92,
      "gesamtBruttopreisFuerZahlweise" : 7.92,
      "gesamtBruttopreisJaehrlich" : 95.06
    }, {
      "zahlweise" : "MONATLICH",
      "selbstbeteiligung" : "SELBSTBETEILIGUNG_0000",
      "laufzeit" : "DREI_JAHRE",
      "zaehlstuecke" : 0,
      "bausteinPreise" : [ {
        "taasTarifrisikoschluessel" : "FELS",
        "jahresNetto" : 81.84,
        "bruttopreisFuerZahlweise" : 7.92
      }, {
        "taasTarifrisikoschluessel" : "FAHRRAD",
        "jahresNetto" : 12.84,
        "bruttopreisFuerZahlweise" : 1.24
      }, {
        "taasTarifrisikoschluessel" : "GLAS_INNENFLAECHE",
        "jahresNetto" : 38.04,
        "bruttopreisFuerZahlweise" : 3.68
      }, {
        "taasTarifrisikoschluessel" : "GLAS_AUSSENFLAECHE",
        "jahresNetto" : 40.68,
        "bruttopreisFuerZahlweise" : 3.94
      }, {
        "taasTarifrisikoschluessel" : "ELEMENTAR",
        "jahresNetto" : 30.12,
        "bruttopreisFuerZahlweise" : 2.92
      }, {
        "taasTarifrisikoschluessel" : "HAUS_UND_WOHNSCHUTZBRIEF",
        "jahresNetto" : 34.68,
        "bruttopreisFuerZahlweise" : 3.36
      } ],
      "treuebonus" : 0,
      "linienBruttopreis" : 7.92,
      "gesamtBruttopreisFuerZahlweise" : 7.92,
      "gesamtBruttopreisJaehrlich" : 95.06
    }, {
      "zahlweise" : "MONATLICH",
      "selbstbeteiligung" : "SELBSTBETEILIGUNG_0150",
      "laufzeit" : "DREI_JAHRE",
      "zaehlstuecke" : 0,
      "bausteinPreise" : [ {
        "taasTarifrisikoschluessel" : "FELS",
        "jahresNetto" : 76.92,
        "bruttopreisFuerZahlweise" : 7.45
      }, {
        "taasTarifrisikoschluessel" : "FAHRRAD",
        "jahresNetto" : 11.52,
        "bruttopreisFuerZahlweise" : 1.12
      }, {
        "taasTarifrisikoschluessel" : "GLAS_INNENFLAECHE",
        "jahresNetto" : 26.64,
        "bruttopreisFuerZahlweise" : 2.58
      }, {
        "taasTarifrisikoschluessel" : "GLAS_AUSSENFLAECHE",
        "jahresNetto" : 26.88,
        "bruttopreisFuerZahlweise" : 2.60
      }, {
        "taasTarifrisikoschluessel" : "ELEMENTAR",
        "jahresNetto" : 30.12,
        "bruttopreisFuerZahlweise" : 2.92
      }, {
        "taasTarifrisikoschluessel" : "HAUS_UND_WOHNSCHUTZBRIEF",
        "jahresNetto" : 34.68,
        "bruttopreisFuerZahlweise" : 3.36
      } ],
      "treuebonus" : 0,
      "linienBruttopreis" : 7.45,
      "gesamtBruttopreisFuerZahlweise" : 7.45,
      "gesamtBruttopreisJaehrlich" : 89.34
    }, {
      "zahlweise" : "MONATLICH",
      "selbstbeteiligung" : "SELBSTBETEILIGUNG_0300",
      "laufzeit" : "DREI_JAHRE",
      "zaehlstuecke" : 0,
      "bausteinPreise" : [ {
        "taasTarifrisikoschluessel" : "FELS",
        "jahresNetto" : 73.32,
        "bruttopreisFuerZahlweise" : 7.10
      }, {
        "taasTarifrisikoschluessel" : "FAHRRAD",
        "jahresNetto" : 8.28,
        "bruttopreisFuerZahlweise" : 0.80
      }, {
        "taasTarifrisikoschluessel" : "GLAS_INNENFLAECHE",
        "jahresNetto" : 20.88,
        "bruttopreisFuerZahlweise" : 2.02
      }, {
        "taasTarifrisikoschluessel" : "GLAS_AUSSENFLAECHE",
        "jahresNetto" : 17.04,
        "bruttopreisFuerZahlweise" : 1.65
      }, {
        "taasTarifrisikoschluessel" : "ELEMENTAR",
        "jahresNetto" : 30.12,
        "bruttopreisFuerZahlweise" : 2.92
      }, {
        "taasTarifrisikoschluessel" : "HAUS_UND_WOHNSCHUTZBRIEF",
        "jahresNetto" : 34.68,
        "bruttopreisFuerZahlweise" : 3.36
      } ],
      "treuebonus" : 0,
      "linienBruttopreis" : 7.10,
      "gesamtBruttopreisFuerZahlweise" : 7.10,
      "gesamtBruttopreisJaehrlich" : 85.16
    }, {
      "zahlweise" : "MONATLICH",
      "selbstbeteiligung" : "SELBSTBETEILIGUNG_0500",
      "laufzeit" : "DREI_JAHRE",
      "zaehlstuecke" : 0,
      "bausteinPreise" : [ {
        "taasTarifrisikoschluessel" : "FELS",
        "jahresNetto" : 69.6,
        "bruttopreisFuerZahlweise" : 6.74
      }, {
        "taasTarifrisikoschluessel" : "FAHRRAD",
        "jahresNetto" : 6.36,
        "bruttopreisFuerZahlweise" : 0.62
      }, {
        "taasTarifrisikoschluessel" : "GLAS_INNENFLAECHE",
        "jahresNetto" : 15.24,
        "bruttopreisFuerZahlweise" : 1.48
      }, {
        "taasTarifrisikoschluessel" : "GLAS_AUSSENFLAECHE",
        "jahresNetto" : 10.2,
        "bruttopreisFuerZahlweise" : 0.99
      }, {
        "taasTarifrisikoschluessel" : "ELEMENTAR",
        "jahresNetto" : 30.12,
        "bruttopreisFuerZahlweise" : 2.92
      }, {
        "taasTarifrisikoschluessel" : "HAUS_UND_WOHNSCHUTZBRIEF",
        "jahresNetto" : 34.68,
        "bruttopreisFuerZahlweise" : 3.36
      } ],
      "treuebonus" : 0,
      "linienBruttopreis" : 6.74,
      "gesamtBruttopreisFuerZahlweise" : 6.74,
      "gesamtBruttopreisJaehrlich" : 80.84
    }, {
      "zahlweise" : "MONATLICH",
      "selbstbeteiligung" : "SELBSTBETEILIGUNG_1000",
      "laufzeit" : "DREI_JAHRE",
      "zaehlstuecke" : 0,
      "bausteinPreise" : [ {
        "taasTarifrisikoschluessel" : "FELS",
        "jahresNetto" : 63.48,
        "bruttopreisFuerZahlweise" : 6.14
      }, {
        "taasTarifrisikoschluessel" : "FAHRRAD",
        "jahresNetto" : 3.24,
        "bruttopreisFuerZahlweise" : 0.31
      }, {
        "taasTarifrisikoschluessel" : "GLAS_INNENFLAECHE",
        "jahresNetto" : 11.4,
        "bruttopreisFuerZahlweise" : 1.10
      }, {
        "taasTarifrisikoschluessel" : "GLAS_AUSSENFLAECHE",
        "jahresNetto" : 4.08,
        "bruttopreisFuerZahlweise" : 0.39
      }, {
        "taasTarifrisikoschluessel" : "ELEMENTAR",
        "jahresNetto" : 30.12,
        "bruttopreisFuerZahlweise" : 2.92
      }, {
        "taasTarifrisikoschluessel" : "HAUS_UND_WOHNSCHUTZBRIEF",
        "jahresNetto" : 34.68,
        "bruttopreisFuerZahlweise" : 3.36
      } ],
      "treuebonus" : 0,
      "linienBruttopreis" : 6.14,
      "gesamtBruttopreisFuerZahlweise" : 6.14,
      "gesamtBruttopreisJaehrlich" : 73.73
    }, {
      "zahlweise" : "MONATLICH",
      "selbstbeteiligung" : "SELBSTBETEILIGUNG_10_PROZENT",
      "laufzeit" : "DREI_JAHRE",
      "zaehlstuecke" : 0,
      "bausteinPreise" : [ {
        "taasTarifrisikoschluessel" : "FELS",
        "jahresNetto" : 81.84,
        "bruttopreisFuerZahlweise" : 7.92
      }, {
        "taasTarifrisikoschluessel" : "FAHRRAD",
        "jahresNetto" : 12.84,
        "bruttopreisFuerZahlweise" : 1.24
      }, {
        "taasTarifrisikoschluessel" : "GLAS_INNENFLAECHE",
        "jahresNetto" : 38.04,
        "bruttopreisFuerZahlweise" : 3.68
      }, {
        "taasTarifrisikoschluessel" : "GLAS_AUSSENFLAECHE",
        "jahresNetto" : 40.68,
        "bruttopreisFuerZahlweise" : 3.94
      }, {
        "taasTarifrisikoschluessel" : "ELEMENTAR",
        "jahresNetto" : 30.12,
        "bruttopreisFuerZahlweise" : 2.92
      }, {
        "taasTarifrisikoschluessel" : "HAUS_UND_WOHNSCHUTZBRIEF",
        "jahresNetto" : 34.68,
        "bruttopreisFuerZahlweise" : 3.36
      } ],
      "treuebonus" : 0,
      "linienBruttopreis" : 7.92,
      "gesamtBruttopreisFuerZahlweise" : 7.92,
      "gesamtBruttopreisJaehrlich" : 95.06
    }, {
      "zahlweise" : "MONATLICH",
      "selbstbeteiligung" : "SELBSTBETEILIGUNG_20_PROZENT",
      "laufzeit" : "DREI_JAHRE",
      "zaehlstuecke" : 0,
      "bausteinPreise" : [ {
        "taasTarifrisikoschluessel" : "FELS",
        "jahresNetto" : 81.84,
        "bruttopreisFuerZahlweise" : 7.92
      }, {
        "taasTarifrisikoschluessel" : "FAHRRAD",
        "jahresNetto" : 12.84,
        "bruttopreisFuerZahlweise" : 1.24
      }, {
        "taasTarifrisikoschluessel" : "GLAS_INNENFLAECHE",
        "jahresNetto" : 38.04,
        "bruttopreisFuerZahlweise" : 3.68
      }, {
        "taasTarifrisikoschluessel" : "GLAS_AUSSENFLAECHE",
        "jahresNetto" : 40.68,
        "bruttopreisFuerZahlweise" : 3.94
      }, {
        "taasTarifrisikoschluessel" : "ELEMENTAR",
        "jahresNetto" : 30.12,
        "bruttopreisFuerZahlweise" : 2.92
      }, {
        "taasTarifrisikoschluessel" : "HAUS_UND_WOHNSCHUTZBRIEF",
        "jahresNetto" : 34.68,
        "bruttopreisFuerZahlweise" : 3.36
      } ],
      "treuebonus" : 0,
      "linienBruttopreis" : 7.92,
      "gesamtBruttopreisFuerZahlweise" : 7.92,
      "gesamtBruttopreisJaehrlich" : 95.06
    }, {
      "zahlweise" : "MONATLICH",
      "selbstbeteiligung" : "SELBSTBETEILIGUNG_10_PROZENT",
      "laufzeit" : "DREI_JAHRE",
      "zaehlstuecke" : 0,
      "bausteinPreise" : [ {
        "taasTarifrisikoschluessel" : "FELS",
        "jahresNetto" : 81.84,
        "bruttopreisFuerZahlweise" : 7.92
      }, {
        "taasTarifrisikoschluessel" : "FAHRRAD",
        "jahresNetto" : 12.84,
        "bruttopreisFuerZahlweise" : 1.24
      }, {
        "taasTarifrisikoschluessel" : "GLAS_INNENFLAECHE",
        "jahresNetto" : 38.04,
        "bruttopreisFuerZahlweise" : 3.68
      }, {
        "taasTarifrisikoschluessel" : "GLAS_AUSSENFLAECHE",
        "jahresNetto" : 40.68,
        "bruttopreisFuerZahlweise" : 3.94
      }, {
        "taasTarifrisikoschluessel" : "ELEMENTAR",
        "jahresNetto" : 30.12,
        "bruttopreisFuerZahlweise" : 2.92
      }, {
        "taasTarifrisikoschluessel" : "HAUS_UND_WOHNSCHUTZBRIEF",
        "jahresNetto" : 34.68,
        "bruttopreisFuerZahlweise" : 3.36
      } ],
      "treuebonus" : 0,
      "linienBruttopreis" : 7.92,
      "gesamtBruttopreisFuerZahlweise" : 7.92,
      "gesamtBruttopreisJaehrlich" : 95.06
    }, {
      "zahlweise" : "MONATLICH",
      "selbstbeteiligung" : "SELBSTBETEILIGUNG_20_PROZENT",
      "laufzeit" : "DREI_JAHRE",
      "zaehlstuecke" : 0,
      "bausteinPreise" : [ {
        "taasTarifrisikoschluessel" : "FELS",
        "jahresNetto" : 81.84,
        "bruttopreisFuerZahlweise" : 7.92
      }, {
        "taasTarifrisikoschluessel" : "FAHRRAD",
        "jahresNetto" : 12.84,
        "bruttopreisFuerZahlweise" : 1.24
      }, {
        "taasTarifrisikoschluessel" : "GLAS_INNENFLAECHE",
        "jahresNetto" : 38.04,
        "bruttopreisFuerZahlweise" : 3.68
      }, {
        "taasTarifrisikoschluessel" : "GLAS_AUSSENFLAECHE",
        "jahresNetto" : 40.68,
        "bruttopreisFuerZahlweise" : 3.94
      }, {
        "taasTarifrisikoschluessel" : "ELEMENTAR",
        "jahresNetto" : 30.12,
        "bruttopreisFuerZahlweise" : 2.92
      }, {
        "taasTarifrisikoschluessel" : "HAUS_UND_WOHNSCHUTZBRIEF",
        "jahresNetto" : 34.68,
        "bruttopreisFuerZahlweise" : 3.36
      } ],
      "treuebonus" : 0,
      "linienBruttopreis" : 7.92,
      "gesamtBruttopreisFuerZahlweise" : 7.92,
      "gesamtBruttopreisJaehrlich" : 95.06
    } ]
  }, {
    "salesProductName" : "KOMFORT",
    "rbdMax" : null,
    "preisverzeichnis" : 10,
    "salesProduktVariants" : [ {
      "zahlweise" : "MONATLICH",
      "selbstbeteiligung" : "SELBSTBETEILIGUNG_0000",
      "laufzeit" : "EIN_JAHR",
      "zaehlstuecke" : 0,
      "bausteinPreise" : [ {
        "taasTarifrisikoschluessel" : "FELS",
        "jahresNetto" : 100.68,
        "bruttopreisFuerZahlweise" : 9.74
      }, {
        "taasTarifrisikoschluessel" : "FAHRRAD",
        "jahresNetto" : 12.84,
        "bruttopreisFuerZahlweise" : 1.24
      }, {
        "taasTarifrisikoschluessel" : "GLAS_INNENFLAECHE",
        "jahresNetto" : 38.04,
        "bruttopreisFuerZahlweise" : 3.68
      }, {
        "taasTarifrisikoschluessel" : "GLAS_AUSSENFLAECHE",
        "jahresNetto" : 40.68,
        "bruttopreisFuerZahlweise" : 3.94
      }, {
        "taasTarifrisikoschluessel" : "ELEMENTAR",
        "jahresNetto" : 30.12,
        "bruttopreisFuerZahlweise" : 2.92
      }, {
        "taasTarifrisikoschluessel" : "HAUS_UND_WOHNSCHUTZBRIEF",
        "jahresNetto" : 2.16,
        "bruttopreisFuerZahlweise" : 0.21
      } ],
      "treuebonus" : 0,
      "linienBruttopreis" : 9.95,
      "gesamtBruttopreisFuerZahlweise" : 9.95,
      "gesamtBruttopreisJaehrlich" : 119.45
    }, {
      "zahlweise" : "MONATLICH",
      "selbstbeteiligung" : "SELBSTBETEILIGUNG_0150",
      "laufzeit" : "EIN_JAHR",
      "zaehlstuecke" : 0,
      "bausteinPreise" : [ {
        "taasTarifrisikoschluessel" : "FELS",
        "jahresNetto" : 94.68,
        "bruttopreisFuerZahlweise" : 9.16
      }, {
        "taasTarifrisikoschluessel" : "FAHRRAD",
        "jahresNetto" : 11.52,
        "bruttopreisFuerZahlweise" : 1.12
      }, {
        "taasTarifrisikoschluessel" : "GLAS_INNENFLAECHE",
        "jahresNetto" : 26.64,
        "bruttopreisFuerZahlweise" : 2.58
      }, {
        "taasTarifrisikoschluessel" : "GLAS_AUSSENFLAECHE",
        "jahresNetto" : 26.88,
        "bruttopreisFuerZahlweise" : 2.60
      }, {
        "taasTarifrisikoschluessel" : "ELEMENTAR",
        "jahresNetto" : 30.12,
        "bruttopreisFuerZahlweise" : 2.92
      }, {
        "taasTarifrisikoschluessel" : "HAUS_UND_WOHNSCHUTZBRIEF",
        "jahresNetto" : 2.16,
        "bruttopreisFuerZahlweise" : 0.21
      } ],
      "treuebonus" : 0,
      "linienBruttopreis" : 9.37,
      "gesamtBruttopreisFuerZahlweise" : 9.37,
      "gesamtBruttopreisJaehrlich" : 112.48
    }, {
      "zahlweise" : "MONATLICH",
      "selbstbeteiligung" : "SELBSTBETEILIGUNG_0300",
      "laufzeit" : "EIN_JAHR",
      "zaehlstuecke" : 0,
      "bausteinPreise" : [ {
        "taasTarifrisikoschluessel" : "FELS",
        "jahresNetto" : 90,
        "bruttopreisFuerZahlweise" : 8.71
      }, {
        "taasTarifrisikoschluessel" : "FAHRRAD",
        "jahresNetto" : 8.28,
        "bruttopreisFuerZahlweise" : 0.80
      }, {
        "taasTarifrisikoschluessel" : "GLAS_INNENFLAECHE",
        "jahresNetto" : 20.88,
        "bruttopreisFuerZahlweise" : 2.02
      }, {
        "taasTarifrisikoschluessel" : "GLAS_AUSSENFLAECHE",
        "jahresNetto" : 17.04,
        "bruttopreisFuerZahlweise" : 1.65
      }, {
        "taasTarifrisikoschluessel" : "ELEMENTAR",
        "jahresNetto" : 30.12,
        "bruttopreisFuerZahlweise" : 2.92
      }, {
        "taasTarifrisikoschluessel" : "HAUS_UND_WOHNSCHUTZBRIEF",
        "jahresNetto" : 2.16,
        "bruttopreisFuerZahlweise" : 0.21
      } ],
      "treuebonus" : 0,
      "linienBruttopreis" : 8.92,
      "gesamtBruttopreisFuerZahlweise" : 8.92,
      "gesamtBruttopreisJaehrlich" : 107.04
    }, {
      "zahlweise" : "MONATLICH",
      "selbstbeteiligung" : "SELBSTBETEILIGUNG_0500",
      "laufzeit" : "EIN_JAHR",
      "zaehlstuecke" : 0,
      "bausteinPreise" : [ {
        "taasTarifrisikoschluessel" : "FELS",
        "jahresNetto" : 85.44,
        "bruttopreisFuerZahlweise" : 8.27
      }, {
        "taasTarifrisikoschluessel" : "FAHRRAD",
        "jahresNetto" : 6.36,
        "bruttopreisFuerZahlweise" : 0.62
      }, {
        "taasTarifrisikoschluessel" : "GLAS_INNENFLAECHE",
        "jahresNetto" : 15.24,
        "bruttopreisFuerZahlweise" : 1.48
      }, {
        "taasTarifrisikoschluessel" : "GLAS_AUSSENFLAECHE",
        "jahresNetto" : 10.2,
        "bruttopreisFuerZahlweise" : 0.99
      }, {
        "taasTarifrisikoschluessel" : "ELEMENTAR",
        "jahresNetto" : 30.12,
        "bruttopreisFuerZahlweise" : 2.92
      }, {
        "taasTarifrisikoschluessel" : "HAUS_UND_WOHNSCHUTZBRIEF",
        "jahresNetto" : 2.16,
        "bruttopreisFuerZahlweise" : 0.21
      } ],
      "treuebonus" : 0,
      "linienBruttopreis" : 8.48,
      "gesamtBruttopreisFuerZahlweise" : 8.48,
      "gesamtBruttopreisJaehrlich" : 101.75
    }, {
      "zahlweise" : "MONATLICH",
      "selbstbeteiligung" : "SELBSTBETEILIGUNG_1000",
      "laufzeit" : "EIN_JAHR",
      "zaehlstuecke" : 0,
      "bausteinPreise" : [ {
        "taasTarifrisikoschluessel" : "FELS",
        "jahresNetto" : 77.88,
        "bruttopreisFuerZahlweise" : 7.54
      }, {
        "taasTarifrisikoschluessel" : "FAHRRAD",
        "jahresNetto" : 3.24,
        "bruttopreisFuerZahlweise" : 0.31
      }, {
        "taasTarifrisikoschluessel" : "GLAS_INNENFLAECHE",
        "jahresNetto" : 11.4,
        "bruttopreisFuerZahlweise" : 1.10
      }, {
        "taasTarifrisikoschluessel" : "GLAS_AUSSENFLAECHE",
        "jahresNetto" : 4.08,
        "bruttopreisFuerZahlweise" : 0.39
      }, {
        "taasTarifrisikoschluessel" : "ELEMENTAR",
        "jahresNetto" : 30.12,
        "bruttopreisFuerZahlweise" : 2.92
      }, {
        "taasTarifrisikoschluessel" : "HAUS_UND_WOHNSCHUTZBRIEF",
        "jahresNetto" : 2.16,
        "bruttopreisFuerZahlweise" : 0.21
      } ],
      "treuebonus" : 0,
      "linienBruttopreis" : 7.75,
      "gesamtBruttopreisFuerZahlweise" : 7.75,
      "gesamtBruttopreisJaehrlich" : 92.97
    }, {
      "zahlweise" : "MONATLICH",
      "selbstbeteiligung" : "SELBSTBETEILIGUNG_10_PROZENT",
      "laufzeit" : "EIN_JAHR",
      "zaehlstuecke" : 0,
      "bausteinPreise" : [ {
        "taasTarifrisikoschluessel" : "FELS",
        "jahresNetto" : 100.68,
        "bruttopreisFuerZahlweise" : 9.74
      }, {
        "taasTarifrisikoschluessel" : "FAHRRAD",
        "jahresNetto" : 12.84,
        "bruttopreisFuerZahlweise" : 1.24
      }, {
        "taasTarifrisikoschluessel" : "GLAS_INNENFLAECHE",
        "jahresNetto" : 38.04,
        "bruttopreisFuerZahlweise" : 3.68
      }, {
        "taasTarifrisikoschluessel" : "GLAS_AUSSENFLAECHE",
        "jahresNetto" : 40.68,
        "bruttopreisFuerZahlweise" : 3.94
      }, {
        "taasTarifrisikoschluessel" : "ELEMENTAR",
        "jahresNetto" : 30.12,
        "bruttopreisFuerZahlweise" : 2.92
      }, {
        "taasTarifrisikoschluessel" : "HAUS_UND_WOHNSCHUTZBRIEF",
        "jahresNetto" : 2.16,
        "bruttopreisFuerZahlweise" : 0.21
      } ],
      "treuebonus" : 0,
      "linienBruttopreis" : 9.95,
      "gesamtBruttopreisFuerZahlweise" : 9.95,
      "gesamtBruttopreisJaehrlich" : 119.45
    }, {
      "zahlweise" : "MONATLICH",
      "selbstbeteiligung" : "SELBSTBETEILIGUNG_20_PROZENT",
      "laufzeit" : "EIN_JAHR",
      "zaehlstuecke" : 0,
      "bausteinPreise" : [ {
        "taasTarifrisikoschluessel" : "FELS",
        "jahresNetto" : 100.68,
        "bruttopreisFuerZahlweise" : 9.74
      }, {
        "taasTarifrisikoschluessel" : "FAHRRAD",
        "jahresNetto" : 12.84,
        "bruttopreisFuerZahlweise" : 1.24
      }, {
        "taasTarifrisikoschluessel" : "GLAS_INNENFLAECHE",
        "jahresNetto" : 38.04,
        "bruttopreisFuerZahlweise" : 3.68
      }, {
        "taasTarifrisikoschluessel" : "GLAS_AUSSENFLAECHE",
        "jahresNetto" : 40.68,
        "bruttopreisFuerZahlweise" : 3.94
      }, {
        "taasTarifrisikoschluessel" : "ELEMENTAR",
        "jahresNetto" : 30.12,
        "bruttopreisFuerZahlweise" : 2.92
      }, {
        "taasTarifrisikoschluessel" : "HAUS_UND_WOHNSCHUTZBRIEF",
        "jahresNetto" : 2.16,
        "bruttopreisFuerZahlweise" : 0.21
      } ],
      "treuebonus" : 0,
      "linienBruttopreis" : 9.95,
      "gesamtBruttopreisFuerZahlweise" : 9.95,
      "gesamtBruttopreisJaehrlich" : 119.45
    }, {
      "zahlweise" : "MONATLICH",
      "selbstbeteiligung" : "SELBSTBETEILIGUNG_10_PROZENT",
      "laufzeit" : "EIN_JAHR",
      "zaehlstuecke" : 0,
      "bausteinPreise" : [ {
        "taasTarifrisikoschluessel" : "FELS",
        "jahresNetto" : 100.68,
        "bruttopreisFuerZahlweise" : 9.74
      }, {
        "taasTarifrisikoschluessel" : "FAHRRAD",
        "jahresNetto" : 12.84,
        "bruttopreisFuerZahlweise" : 1.24
      }, {
        "taasTarifrisikoschluessel" : "GLAS_INNENFLAECHE",
        "jahresNetto" : 38.04,
        "bruttopreisFuerZahlweise" : 3.68
      }, {
        "taasTarifrisikoschluessel" : "GLAS_AUSSENFLAECHE",
        "jahresNetto" : 40.68,
        "bruttopreisFuerZahlweise" : 3.94
      }, {
        "taasTarifrisikoschluessel" : "ELEMENTAR",
        "jahresNetto" : 30.12,
        "bruttopreisFuerZahlweise" : 2.92
      }, {
        "taasTarifrisikoschluessel" : "HAUS_UND_WOHNSCHUTZBRIEF",
        "jahresNetto" : 2.16,
        "bruttopreisFuerZahlweise" : 0.21
      } ],
      "treuebonus" : 0,
      "linienBruttopreis" : 9.95,
      "gesamtBruttopreisFuerZahlweise" : 9.95,
      "gesamtBruttopreisJaehrlich" : 119.45
    }, {
      "zahlweise" : "MONATLICH",
      "selbstbeteiligung" : "SELBSTBETEILIGUNG_20_PROZENT",
      "laufzeit" : "EIN_JAHR",
      "zaehlstuecke" : 0,
      "bausteinPreise" : [ {
        "taasTarifrisikoschluessel" : "FELS",
        "jahresNetto" : 100.68,
        "bruttopreisFuerZahlweise" : 9.74
      }, {
        "taasTarifrisikoschluessel" : "FAHRRAD",
        "jahresNetto" : 12.84,
        "bruttopreisFuerZahlweise" : 1.24
      }, {
        "taasTarifrisikoschluessel" : "GLAS_INNENFLAECHE",
        "jahresNetto" : 38.04,
        "bruttopreisFuerZahlweise" : 3.68
      }, {
        "taasTarifrisikoschluessel" : "GLAS_AUSSENFLAECHE",
        "jahresNetto" : 40.68,
        "bruttopreisFuerZahlweise" : 3.94
      }, {
        "taasTarifrisikoschluessel" : "ELEMENTAR",
        "jahresNetto" : 30.12,
        "bruttopreisFuerZahlweise" : 2.92
      }, {
        "taasTarifrisikoschluessel" : "HAUS_UND_WOHNSCHUTZBRIEF",
        "jahresNetto" : 2.16,
        "bruttopreisFuerZahlweise" : 0.21
      } ],
      "treuebonus" : 0,
      "linienBruttopreis" : 9.95,
      "gesamtBruttopreisFuerZahlweise" : 9.95,
      "gesamtBruttopreisJaehrlich" : 119.45
    }, {
      "zahlweise" : "MONATLICH",
      "selbstbeteiligung" : "SELBSTBETEILIGUNG_0000",
      "laufzeit" : "DREI_JAHRE",
      "zaehlstuecke" : 0,
      "bausteinPreise" : [ {
        "taasTarifrisikoschluessel" : "FELS",
        "jahresNetto" : 101.64,
        "bruttopreisFuerZahlweise" : 9.84
      }, {
        "taasTarifrisikoschluessel" : "FAHRRAD",
        "jahresNetto" : 12.12,
        "bruttopreisFuerZahlweise" : 1.17
      }, {
        "taasTarifrisikoschluessel" : "GLAS_INNENFLAECHE",
        "jahresNetto" : 35.88,
        "bruttopreisFuerZahlweise" : 3.47
      }, {
        "taasTarifrisikoschluessel" : "GLAS_AUSSENFLAECHE",
        "jahresNetto" : 38.4,
        "bruttopreisFuerZahlweise" : 3.72
      }, {
        "taasTarifrisikoschluessel" : "ELEMENTAR",
        "jahresNetto" : 28.44,
        "bruttopreisFuerZahlweise" : 2.75
      }, {
        "taasTarifrisikoschluessel" : "HAUS_UND_WOHNSCHUTZBRIEF",
        "jahresNetto" : 2.04,
        "bruttopreisFuerZahlweise" : 0.20
      } ],
      "treuebonus" : 25,
      "linienBruttopreis" : 10.04,
      "gesamtBruttopreisFuerZahlweise" : 10.04,
      "gesamtBruttopreisJaehrlich" : 120.42
    }, {
      "zahlweise" : "MONATLICH",
      "selbstbeteiligung" : "SELBSTBETEILIGUNG_0150",
      "laufzeit" : "DREI_JAHRE",
      "zaehlstuecke" : 0,
      "bausteinPreise" : [ {
        "taasTarifrisikoschluessel" : "FELS",
        "jahresNetto" : 95.52,
        "bruttopreisFuerZahlweise" : 9.25
      }, {
        "taasTarifrisikoschluessel" : "FAHRRAD",
        "jahresNetto" : 10.92,
        "bruttopreisFuerZahlweise" : 1.06
      }, {
        "taasTarifrisikoschluessel" : "GLAS_INNENFLAECHE",
        "jahresNetto" : 25.08,
        "bruttopreisFuerZahlweise" : 2.43
      }, {
        "taasTarifrisikoschluessel" : "GLAS_AUSSENFLAECHE",
        "jahresNetto" : 25.32,
        "bruttopreisFuerZahlweise" : 2.45
      }, {
        "taasTarifrisikoschluessel" : "ELEMENTAR",
        "jahresNetto" : 28.44,
        "bruttopreisFuerZahlweise" : 2.75
      }, {
        "taasTarifrisikoschluessel" : "HAUS_UND_WOHNSCHUTZBRIEF",
        "jahresNetto" : 2.04,
        "bruttopreisFuerZahlweise" : 0.20
      } ],
      "treuebonus" : 25,
      "linienBruttopreis" : 9.44,
      "gesamtBruttopreisFuerZahlweise" : 9.44,
      "gesamtBruttopreisJaehrlich" : 113.32
    }, {
      "zahlweise" : "MONATLICH",
      "selbstbeteiligung" : "SELBSTBETEILIGUNG_0300",
      "laufzeit" : "DREI_JAHRE",
      "zaehlstuecke" : 0,
      "bausteinPreise" : [ {
        "taasTarifrisikoschluessel" : "FELS",
        "jahresNetto" : 90.84,
        "bruttopreisFuerZahlweise" : 8.79
      }, {
        "taasTarifrisikoschluessel" : "FAHRRAD",
        "jahresNetto" : 7.8,
        "bruttopreisFuerZahlweise" : 0.75
      }, {
        "taasTarifrisikoschluessel" : "GLAS_INNENFLAECHE",
        "jahresNetto" : 19.68,
        "bruttopreisFuerZahlweise" : 1.90
      }, {
        "taasTarifrisikoschluessel" : "GLAS_AUSSENFLAECHE",
        "jahresNetto" : 16.08,
        "bruttopreisFuerZahlweise" : 1.56
      }, {
        "taasTarifrisikoschluessel" : "ELEMENTAR",
        "jahresNetto" : 28.44,
        "bruttopreisFuerZahlweise" : 2.75
      }, {
        "taasTarifrisikoschluessel" : "HAUS_UND_WOHNSCHUTZBRIEF",
        "jahresNetto" : 2.04,
        "bruttopreisFuerZahlweise" : 0.20
      } ],
      "treuebonus" : 25,
      "linienBruttopreis" : 8.99,
      "gesamtBruttopreisFuerZahlweise" : 8.99,
      "gesamtBruttopreisJaehrlich" : 107.88
    }, {
      "zahlweise" : "MONATLICH",
      "selbstbeteiligung" : "SELBSTBETEILIGUNG_0500",
      "laufzeit" : "DREI_JAHRE",
      "zaehlstuecke" : 0,
      "bausteinPreise" : [ {
        "taasTarifrisikoschluessel" : "FELS",
        "jahresNetto" : 86.28,
        "bruttopreisFuerZahlweise" : 8.35
      }, {
        "taasTarifrisikoschluessel" : "FAHRRAD",
        "jahresNetto" : 6,
        "bruttopreisFuerZahlweise" : 0.58
      }, {
        "taasTarifrisikoschluessel" : "GLAS_INNENFLAECHE",
        "jahresNetto" : 14.4,
        "bruttopreisFuerZahlweise" : 1.39
      }, {
        "taasTarifrisikoschluessel" : "GLAS_AUSSENFLAECHE",
        "jahresNetto" : 9.6,
        "bruttopreisFuerZahlweise" : 0.93
      }, {
        "taasTarifrisikoschluessel" : "ELEMENTAR",
        "jahresNetto" : 28.44,
        "bruttopreisFuerZahlweise" : 2.75
      }, {
        "taasTarifrisikoschluessel" : "HAUS_UND_WOHNSCHUTZBRIEF",
        "jahresNetto" : 2.04,
        "bruttopreisFuerZahlweise" : 0.20
      } ],
      "treuebonus" : 25,
      "linienBruttopreis" : 8.55,
      "gesamtBruttopreisFuerZahlweise" : 8.55,
      "gesamtBruttopreisJaehrlich" : 102.58
    }, {
      "zahlweise" : "MONATLICH",
      "selbstbeteiligung" : "SELBSTBETEILIGUNG_1000",
      "laufzeit" : "DREI_JAHRE",
      "zaehlstuecke" : 0,
      "bausteinPreise" : [ {
        "taasTarifrisikoschluessel" : "FELS",
        "jahresNetto" : 78.6,
        "bruttopreisFuerZahlweise" : 7.61
      }, {
        "taasTarifrisikoschluessel" : "FAHRRAD",
        "jahresNetto" : 3,
        "bruttopreisFuerZahlweise" : 0.29
      }, {
        "taasTarifrisikoschluessel" : "GLAS_INNENFLAECHE",
        "jahresNetto" : 10.8,
        "bruttopreisFuerZahlweise" : 1.05
      }, {
        "taasTarifrisikoschluessel" : "GLAS_AUSSENFLAECHE",
        "jahresNetto" : 3.84,
        "bruttopreisFuerZahlweise" : 0.37
      }, {
        "taasTarifrisikoschluessel" : "ELEMENTAR",
        "jahresNetto" : 28.44,
        "bruttopreisFuerZahlweise" : 2.75
      }, {
        "taasTarifrisikoschluessel" : "HAUS_UND_WOHNSCHUTZBRIEF",
        "jahresNetto" : 2.04,
        "bruttopreisFuerZahlweise" : 0.20
      } ],
      "treuebonus" : 25,
      "linienBruttopreis" : 7.81,
      "gesamtBruttopreisFuerZahlweise" : 7.81,
      "gesamtBruttopreisJaehrlich" : 93.66
    }, {
      "zahlweise" : "MONATLICH",
      "selbstbeteiligung" : "SELBSTBETEILIGUNG_10_PROZENT",
      "laufzeit" : "DREI_JAHRE",
      "zaehlstuecke" : 0,
      "bausteinPreise" : [ {
        "taasTarifrisikoschluessel" : "FELS",
        "jahresNetto" : 101.64,
        "bruttopreisFuerZahlweise" : 9.84
      }, {
        "taasTarifrisikoschluessel" : "FAHRRAD",
        "jahresNetto" : 12.12,
        "bruttopreisFuerZahlweise" : 1.17
      }, {
        "taasTarifrisikoschluessel" : "GLAS_INNENFLAECHE",
        "jahresNetto" : 35.88,
        "bruttopreisFuerZahlweise" : 3.47
      }, {
        "taasTarifrisikoschluessel" : "GLAS_AUSSENFLAECHE",
        "jahresNetto" : 38.4,
        "bruttopreisFuerZahlweise" : 3.72
      }, {
        "taasTarifrisikoschluessel" : "ELEMENTAR",
        "jahresNetto" : 28.44,
        "bruttopreisFuerZahlweise" : 2.75
      }, {
        "taasTarifrisikoschluessel" : "HAUS_UND_WOHNSCHUTZBRIEF",
        "jahresNetto" : 2.04,
        "bruttopreisFuerZahlweise" : 0.20
      } ],
      "treuebonus" : 25,
      "linienBruttopreis" : 10.04,
      "gesamtBruttopreisFuerZahlweise" : 10.04,
      "gesamtBruttopreisJaehrlich" : 120.42
    }, {
      "zahlweise" : "MONATLICH",
      "selbstbeteiligung" : "SELBSTBETEILIGUNG_20_PROZENT",
      "laufzeit" : "DREI_JAHRE",
      "zaehlstuecke" : 0,
      "bausteinPreise" : [ {
        "taasTarifrisikoschluessel" : "FELS",
        "jahresNetto" : 101.64,
        "bruttopreisFuerZahlweise" : 9.84
      }, {
        "taasTarifrisikoschluessel" : "FAHRRAD",
        "jahresNetto" : 12.12,
        "bruttopreisFuerZahlweise" : 1.17
      }, {
        "taasTarifrisikoschluessel" : "GLAS_INNENFLAECHE",
        "jahresNetto" : 35.88,
        "bruttopreisFuerZahlweise" : 3.47
      }, {
        "taasTarifrisikoschluessel" : "GLAS_AUSSENFLAECHE",
        "jahresNetto" : 38.4,
        "bruttopreisFuerZahlweise" : 3.72
      }, {
        "taasTarifrisikoschluessel" : "ELEMENTAR",
        "jahresNetto" : 28.44,
        "bruttopreisFuerZahlweise" : 2.75
      }, {
        "taasTarifrisikoschluessel" : "HAUS_UND_WOHNSCHUTZBRIEF",
        "jahresNetto" : 2.04,
        "bruttopreisFuerZahlweise" : 0.20
      } ],
      "treuebonus" : 25,
      "linienBruttopreis" : 10.04,
      "gesamtBruttopreisFuerZahlweise" : 10.04,
      "gesamtBruttopreisJaehrlich" : 120.42
    }, {
      "zahlweise" : "MONATLICH",
      "selbstbeteiligung" : "SELBSTBETEILIGUNG_10_PROZENT",
      "laufzeit" : "DREI_JAHRE",
      "zaehlstuecke" : 0,
      "bausteinPreise" : [ {
        "taasTarifrisikoschluessel" : "FELS",
        "jahresNetto" : 101.64,
        "bruttopreisFuerZahlweise" : 9.84
      }, {
        "taasTarifrisikoschluessel" : "FAHRRAD",
        "jahresNetto" : 12.12,
        "bruttopreisFuerZahlweise" : 1.17
      }, {
        "taasTarifrisikoschluessel" : "GLAS_INNENFLAECHE",
        "jahresNetto" : 35.88,
        "bruttopreisFuerZahlweise" : 3.47
      }, {
        "taasTarifrisikoschluessel" : "GLAS_AUSSENFLAECHE",
        "jahresNetto" : 38.4,
        "bruttopreisFuerZahlweise" : 3.72
      }, {
        "taasTarifrisikoschluessel" : "ELEMENTAR",
        "jahresNetto" : 28.44,
        "bruttopreisFuerZahlweise" : 2.75
      }, {
        "taasTarifrisikoschluessel" : "HAUS_UND_WOHNSCHUTZBRIEF",
        "jahresNetto" : 2.04,
        "bruttopreisFuerZahlweise" : 0.20
      } ],
      "treuebonus" : 25,
      "linienBruttopreis" : 10.04,
      "gesamtBruttopreisFuerZahlweise" : 10.04,
      "gesamtBruttopreisJaehrlich" : 120.42
    }, {
      "zahlweise" : "MONATLICH",
      "selbstbeteiligung" : "SELBSTBETEILIGUNG_20_PROZENT",
      "laufzeit" : "DREI_JAHRE",
      "zaehlstuecke" : 0,
      "bausteinPreise" : [ {
        "taasTarifrisikoschluessel" : "FELS",
        "jahresNetto" : 101.64,
        "bruttopreisFuerZahlweise" : 9.84
      }, {
        "taasTarifrisikoschluessel" : "FAHRRAD",
        "jahresNetto" : 12.12,
        "bruttopreisFuerZahlweise" : 1.17
      }, {
        "taasTarifrisikoschluessel" : "GLAS_INNENFLAECHE",
        "jahresNetto" : 35.88,
        "bruttopreisFuerZahlweise" : 3.47
      }, {
        "taasTarifrisikoschluessel" : "GLAS_AUSSENFLAECHE",
        "jahresNetto" : 38.4,
        "bruttopreisFuerZahlweise" : 3.72
      }, {
        "taasTarifrisikoschluessel" : "ELEMENTAR",
        "jahresNetto" : 28.44,
        "bruttopreisFuerZahlweise" : 2.75
      }, {
        "taasTarifrisikoschluessel" : "HAUS_UND_WOHNSCHUTZBRIEF",
        "jahresNetto" : 2.04,
        "bruttopreisFuerZahlweise" : 0.20
      } ],
      "treuebonus" : 25,
      "linienBruttopreis" : 10.04,
      "gesamtBruttopreisFuerZahlweise" : 10.04,
      "gesamtBruttopreisJaehrlich" : 120.42
    } ]
  }, {
    "salesProductName" : "PREMIUM",
    "rbdMax" : null,
    "preisverzeichnis" : 10,
    "salesProduktVariants" : [ {
      "zahlweise" : "MONATLICH",
      "selbstbeteiligung" : "SELBSTBETEILIGUNG_0000",
      "laufzeit" : "EIN_JAHR",
      "zaehlstuecke" : 0,
      "bausteinPreise" : [ {
        "taasTarifrisikoschluessel" : "FELS",
        "jahresNetto" : 794.88,
        "bruttopreisFuerZahlweise" : 76.94
      }, {
        "taasTarifrisikoschluessel" : "FAHRRAD",
        "jahresNetto" : 23.04,
        "bruttopreisFuerZahlweise" : 2.23
      }, {
        "taasTarifrisikoschluessel" : "GLAS_INNENFLAECHE",
        "jahresNetto" : 38.04,
        "bruttopreisFuerZahlweise" : 3.68
      }, {
        "taasTarifrisikoschluessel" : "GLAS_AUSSENFLAECHE",
        "jahresNetto" : 40.68,
        "bruttopreisFuerZahlweise" : 3.94
      }, {
        "taasTarifrisikoschluessel" : "ELEMENTAR",
        "jahresNetto" : 60.24,
        "bruttopreisFuerZahlweise" : 5.83
      }, {
        "taasTarifrisikoschluessel" : "HAUS_UND_WOHNSCHUTZBRIEF",
        "jahresNetto" : 2.16,
        "bruttopreisFuerZahlweise" : 0.21
      } ],
      "treuebonus" : 0,
      "linienBruttopreis" : 92.83,
      "gesamtBruttopreisFuerZahlweise" : 92.83,
      "gesamtBruttopreisJaehrlich" : 1113.92
    }, {
      "zahlweise" : "MONATLICH",
      "selbstbeteiligung" : "SELBSTBETEILIGUNG_0150",
      "laufzeit" : "EIN_JAHR",
      "zaehlstuecke" : 0,
      "bausteinPreise" : [ {
        "taasTarifrisikoschluessel" : "FELS",
        "jahresNetto" : 733.8,
        "bruttopreisFuerZahlweise" : 71.03
      }, {
        "taasTarifrisikoschluessel" : "FAHRRAD",
        "jahresNetto" : 20.76,
        "bruttopreisFuerZahlweise" : 2.01
      }, {
        "taasTarifrisikoschluessel" : "GLAS_INNENFLAECHE",
        "jahresNetto" : 26.64,
        "bruttopreisFuerZahlweise" : 2.58
      }, {
        "taasTarifrisikoschluessel" : "GLAS_AUSSENFLAECHE",
        "jahresNetto" : 26.88,
        "bruttopreisFuerZahlweise" : 2.60
      }, {
        "taasTarifrisikoschluessel" : "ELEMENTAR",
        "jahresNetto" : 60.24,
        "bruttopreisFuerZahlweise" : 5.83
      }, {
        "taasTarifrisikoschluessel" : "HAUS_UND_WOHNSCHUTZBRIEF",
        "jahresNetto" : 2.16,
        "bruttopreisFuerZahlweise" : 0.21
      } ],
      "treuebonus" : 0,
      "linienBruttopreis" : 84.26,
      "gesamtBruttopreisFuerZahlweise" : 84.26,
      "gesamtBruttopreisJaehrlich" : 1011.06
    }, {
      "zahlweise" : "MONATLICH",
      "selbstbeteiligung" : "SELBSTBETEILIGUNG_0300",
      "laufzeit" : "EIN_JAHR",
      "zaehlstuecke" : 0,
      "bausteinPreise" : [ {
        "taasTarifrisikoschluessel" : "FELS",
        "jahresNetto" : 688.08,
        "bruttopreisFuerZahlweise" : 66.60
      }, {
        "taasTarifrisikoschluessel" : "FAHRRAD",
        "jahresNetto" : 15,
        "bruttopreisFuerZahlweise" : 1.45
      }, {
        "taasTarifrisikoschluessel" : "GLAS_INNENFLAECHE",
        "jahresNetto" : 20.88,
        "bruttopreisFuerZahlweise" : 2.02
      }, {
        "taasTarifrisikoschluessel" : "GLAS_AUSSENFLAECHE",
        "jahresNetto" : 17.04,
        "bruttopreisFuerZahlweise" : 1.65
      }, {
        "taasTarifrisikoschluessel" : "ELEMENTAR",
        "jahresNetto" : 60.24,
        "bruttopreisFuerZahlweise" : 5.83
      }, {
        "taasTarifrisikoschluessel" : "HAUS_UND_WOHNSCHUTZBRIEF",
        "jahresNetto" : 2.16,
        "bruttopreisFuerZahlweise" : 0.21
      } ],
      "treuebonus" : 0,
      "linienBruttopreis" : 77.76,
      "gesamtBruttopreisFuerZahlweise" : 77.76,
      "gesamtBruttopreisJaehrlich" : 933.15
    }, {
      "zahlweise" : "MONATLICH",
      "selbstbeteiligung" : "SELBSTBETEILIGUNG_0500",
      "laufzeit" : "EIN_JAHR",
      "zaehlstuecke" : 0,
      "bausteinPreise" : [ {
        "taasTarifrisikoschluessel" : "FELS",
        "jahresNetto" : 664.44,
        "bruttopreisFuerZahlweise" : 64.31
      }, {
        "taasTarifrisikoschluessel" : "FAHRRAD",
        "jahresNetto" : 11.52,
        "bruttopreisFuerZahlweise" : 1.12
      }, {
        "taasTarifrisikoschluessel" : "GLAS_INNENFLAECHE",
        "jahresNetto" : 15.24,
        "bruttopreisFuerZahlweise" : 1.48
      }, {
        "taasTarifrisikoschluessel" : "GLAS_AUSSENFLAECHE",
        "jahresNetto" : 10.2,
        "bruttopreisFuerZahlweise" : 0.99
      }, {
        "taasTarifrisikoschluessel" : "ELEMENTAR",
        "jahresNetto" : 60.24,
        "bruttopreisFuerZahlweise" : 5.83
      }, {
        "taasTarifrisikoschluessel" : "HAUS_UND_WOHNSCHUTZBRIEF",
        "jahresNetto" : 2.16,
        "bruttopreisFuerZahlweise" : 0.21
      } ],
      "treuebonus" : 0,
      "linienBruttopreis" : 73.93,
      "gesamtBruttopreisFuerZahlweise" : 73.93,
      "gesamtBruttopreisJaehrlich" : 887.15
    }, {
      "zahlweise" : "MONATLICH",
      "selbstbeteiligung" : "SELBSTBETEILIGUNG_1000",
      "laufzeit" : "EIN_JAHR",
      "zaehlstuecke" : 0,
      "bausteinPreise" : [ {
        "taasTarifrisikoschluessel" : "FELS",
        "jahresNetto" : 664.44,
        "bruttopreisFuerZahlweise" : 64.31
      }, {
        "taasTarifrisikoschluessel" : "FAHRRAD",
        "jahresNetto" : 5.76,
        "bruttopreisFuerZahlweise" : 0.56
      }, {
        "taasTarifrisikoschluessel" : "GLAS_INNENFLAECHE",
        "jahresNetto" : 11.4,
        "bruttopreisFuerZahlweise" : 1.10
      }, {
        "taasTarifrisikoschluessel" : "GLAS_AUSSENFLAECHE",
        "jahresNetto" : 4.08,
        "bruttopreisFuerZahlweise" : 0.39
      }, {
        "taasTarifrisikoschluessel" : "ELEMENTAR",
        "jahresNetto" : 60.24,
        "bruttopreisFuerZahlweise" : 5.83
      }, {
        "taasTarifrisikoschluessel" : "HAUS_UND_WOHNSCHUTZBRIEF",
        "jahresNetto" : 2.16,
        "bruttopreisFuerZahlweise" : 0.21
      } ],
      "treuebonus" : 0,
      "linienBruttopreis" : 72.41,
      "gesamtBruttopreisFuerZahlweise" : 72.41,
      "gesamtBruttopreisJaehrlich" : 868.89
    }, {
      "zahlweise" : "MONATLICH",
      "selbstbeteiligung" : "SELBSTBETEILIGUNG_10_PROZENT",
      "laufzeit" : "EIN_JAHR",
      "zaehlstuecke" : 0,
      "bausteinPreise" : [ {
        "taasTarifrisikoschluessel" : "FELS",
        "jahresNetto" : 794.88,
        "bruttopreisFuerZahlweise" : 76.94
      }, {
        "taasTarifrisikoschluessel" : "FAHRRAD",
        "jahresNetto" : 23.04,
        "bruttopreisFuerZahlweise" : 2.23
      }, {
        "taasTarifrisikoschluessel" : "GLAS_INNENFLAECHE",
        "jahresNetto" : 38.04,
        "bruttopreisFuerZahlweise" : 3.68
      }, {
        "taasTarifrisikoschluessel" : "GLAS_AUSSENFLAECHE",
        "jahresNetto" : 40.68,
        "bruttopreisFuerZahlweise" : 3.94
      }, {
        "taasTarifrisikoschluessel" : "ELEMENTAR",
        "jahresNetto" : 60.24,
        "bruttopreisFuerZahlweise" : 5.83
      }, {
        "taasTarifrisikoschluessel" : "HAUS_UND_WOHNSCHUTZBRIEF",
        "jahresNetto" : 2.16,
        "bruttopreisFuerZahlweise" : 0.21
      } ],
      "treuebonus" : 0,
      "linienBruttopreis" : 92.83,
      "gesamtBruttopreisFuerZahlweise" : 92.83,
      "gesamtBruttopreisJaehrlich" : 1113.92
    }, {
      "zahlweise" : "MONATLICH",
      "selbstbeteiligung" : "SELBSTBETEILIGUNG_20_PROZENT",
      "laufzeit" : "EIN_JAHR",
      "zaehlstuecke" : 0,
      "bausteinPreise" : [ {
        "taasTarifrisikoschluessel" : "FELS",
        "jahresNetto" : 794.88,
        "bruttopreisFuerZahlweise" : 76.94
      }, {
        "taasTarifrisikoschluessel" : "FAHRRAD",
        "jahresNetto" : 23.04,
        "bruttopreisFuerZahlweise" : 2.23
      }, {
        "taasTarifrisikoschluessel" : "GLAS_INNENFLAECHE",
        "jahresNetto" : 38.04,
        "bruttopreisFuerZahlweise" : 3.68
      }, {
        "taasTarifrisikoschluessel" : "GLAS_AUSSENFLAECHE",
        "jahresNetto" : 40.68,
        "bruttopreisFuerZahlweise" : 3.94
      }, {
        "taasTarifrisikoschluessel" : "ELEMENTAR",
        "jahresNetto" : 60.24,
        "bruttopreisFuerZahlweise" : 5.83
      }, {
        "taasTarifrisikoschluessel" : "HAUS_UND_WOHNSCHUTZBRIEF",
        "jahresNetto" : 2.16,
        "bruttopreisFuerZahlweise" : 0.21
      } ],
      "treuebonus" : 0,
      "linienBruttopreis" : 92.83,
      "gesamtBruttopreisFuerZahlweise" : 92.83,
      "gesamtBruttopreisJaehrlich" : 1113.92
    }, {
      "zahlweise" : "MONATLICH",
      "selbstbeteiligung" : "SELBSTBETEILIGUNG_10_PROZENT",
      "laufzeit" : "EIN_JAHR",
      "zaehlstuecke" : 0,
      "bausteinPreise" : [ {
        "taasTarifrisikoschluessel" : "FELS",
        "jahresNetto" : 794.88,
        "bruttopreisFuerZahlweise" : 76.94
      }, {
        "taasTarifrisikoschluessel" : "FAHRRAD",
        "jahresNetto" : 23.04,
        "bruttopreisFuerZahlweise" : 2.23
      }, {
        "taasTarifrisikoschluessel" : "GLAS_INNENFLAECHE",
        "jahresNetto" : 38.04,
        "bruttopreisFuerZahlweise" : 3.68
      }, {
        "taasTarifrisikoschluessel" : "GLAS_AUSSENFLAECHE",
        "jahresNetto" : 40.68,
        "bruttopreisFuerZahlweise" : 3.94
      }, {
        "taasTarifrisikoschluessel" : "ELEMENTAR",
        "jahresNetto" : 60.24,
        "bruttopreisFuerZahlweise" : 5.83
      }, {
        "taasTarifrisikoschluessel" : "HAUS_UND_WOHNSCHUTZBRIEF",
        "jahresNetto" : 2.16,
        "bruttopreisFuerZahlweise" : 0.21
      } ],
      "treuebonus" : 0,
      "linienBruttopreis" : 92.83,
      "gesamtBruttopreisFuerZahlweise" : 92.83,
      "gesamtBruttopreisJaehrlich" : 1113.92
    }, {
      "zahlweise" : "MONATLICH",
      "selbstbeteiligung" : "SELBSTBETEILIGUNG_20_PROZENT",
      "laufzeit" : "EIN_JAHR",
      "zaehlstuecke" : 0,
      "bausteinPreise" : [ {
        "taasTarifrisikoschluessel" : "FELS",
        "jahresNetto" : 794.88,
        "bruttopreisFuerZahlweise" : 76.94
      }, {
        "taasTarifrisikoschluessel" : "FAHRRAD",
        "jahresNetto" : 23.04,
        "bruttopreisFuerZahlweise" : 2.23
      }, {
        "taasTarifrisikoschluessel" : "GLAS_INNENFLAECHE",
        "jahresNetto" : 38.04,
        "bruttopreisFuerZahlweise" : 3.68
      }, {
        "taasTarifrisikoschluessel" : "GLAS_AUSSENFLAECHE",
        "jahresNetto" : 40.68,
        "bruttopreisFuerZahlweise" : 3.94
      }, {
        "taasTarifrisikoschluessel" : "ELEMENTAR",
        "jahresNetto" : 60.24,
        "bruttopreisFuerZahlweise" : 5.83
      }, {
        "taasTarifrisikoschluessel" : "HAUS_UND_WOHNSCHUTZBRIEF",
        "jahresNetto" : 2.16,
        "bruttopreisFuerZahlweise" : 0.21
      } ],
      "treuebonus" : 0,
      "linienBruttopreis" : 92.83,
      "gesamtBruttopreisFuerZahlweise" : 92.83,
      "gesamtBruttopreisJaehrlich" : 1113.92
    }, {
      "zahlweise" : "MONATLICH",
      "selbstbeteiligung" : "SELBSTBETEILIGUNG_0000",
      "laufzeit" : "DREI_JAHRE",
      "zaehlstuecke" : 0,
      "bausteinPreise" : [ {
        "taasTarifrisikoschluessel" : "FELS",
        "jahresNetto" : 801.96,
        "bruttopreisFuerZahlweise" : 77.62
      }, {
        "taasTarifrisikoschluessel" : "FAHRRAD",
        "jahresNetto" : 21.72,
        "bruttopreisFuerZahlweise" : 2.10
      }, {
        "taasTarifrisikoschluessel" : "GLAS_INNENFLAECHE",
        "jahresNetto" : 35.88,
        "bruttopreisFuerZahlweise" : 3.47
      }, {
        "taasTarifrisikoschluessel" : "GLAS_AUSSENFLAECHE",
        "jahresNetto" : 38.4,
        "bruttopreisFuerZahlweise" : 3.72
      }, {
        "taasTarifrisikoschluessel" : "ELEMENTAR",
        "jahresNetto" : 56.76,
        "bruttopreisFuerZahlweise" : 5.49
      }, {
        "taasTarifrisikoschluessel" : "HAUS_UND_WOHNSCHUTZBRIEF",
        "jahresNetto" : 2.04,
        "bruttopreisFuerZahlweise" : 0.20
      } ],
      "treuebonus" : 25,
      "linienBruttopreis" : 92.61,
      "gesamtBruttopreisFuerZahlweise" : 92.61,
      "gesamtBruttopreisJaehrlich" : 1111.28
    }, {
      "zahlweise" : "MONATLICH",
      "selbstbeteiligung" : "SELBSTBETEILIGUNG_0150",
      "laufzeit" : "DREI_JAHRE",
      "zaehlstuecke" : 0,
      "bausteinPreise" : [ {
        "taasTarifrisikoschluessel" : "FELS",
        "jahresNetto" : 740.4,
        "bruttopreisFuerZahlweise" : 71.66
      }, {
        "taasTarifrisikoschluessel" : "FAHRRAD",
        "jahresNetto" : 19.56,
        "bruttopreisFuerZahlweise" : 1.89
      }, {
        "taasTarifrisikoschluessel" : "GLAS_INNENFLAECHE",
        "jahresNetto" : 25.08,
        "bruttopreisFuerZahlweise" : 2.43
      }, {
        "taasTarifrisikoschluessel" : "GLAS_AUSSENFLAECHE",
        "jahresNetto" : 25.32,
        "bruttopreisFuerZahlweise" : 2.45
      }, {
        "taasTarifrisikoschluessel" : "ELEMENTAR",
        "jahresNetto" : 56.76,
        "bruttopreisFuerZahlweise" : 5.49
      }, {
        "taasTarifrisikoschluessel" : "HAUS_UND_WOHNSCHUTZBRIEF",
        "jahresNetto" : 2.04,
        "bruttopreisFuerZahlweise" : 0.20
      } ],
      "treuebonus" : 25,
      "linienBruttopreis" : 84.13,
      "gesamtBruttopreisFuerZahlweise" : 84.13,
      "gesamtBruttopreisJaehrlich" : 1009.53
    }, {
      "zahlweise" : "MONATLICH",
      "selbstbeteiligung" : "SELBSTBETEILIGUNG_0300",
      "laufzeit" : "DREI_JAHRE",
      "zaehlstuecke" : 0,
      "bausteinPreise" : [ {
        "taasTarifrisikoschluessel" : "FELS",
        "jahresNetto" : 694.32,
        "bruttopreisFuerZahlweise" : 67.20
      }, {
        "taasTarifrisikoschluessel" : "FAHRRAD",
        "jahresNetto" : 14.16,
        "bruttopreisFuerZahlweise" : 1.37
      }, {
        "taasTarifrisikoschluessel" : "GLAS_INNENFLAECHE",
        "jahresNetto" : 19.68,
        "bruttopreisFuerZahlweise" : 1.90
      }, {
        "taasTarifrisikoschluessel" : "GLAS_AUSSENFLAECHE",
        "jahresNetto" : 16.08,
        "bruttopreisFuerZahlweise" : 1.56
      }, {
        "taasTarifrisikoschluessel" : "ELEMENTAR",
        "jahresNetto" : 56.76,
        "bruttopreisFuerZahlweise" : 5.49
      }, {
        "taasTarifrisikoschluessel" : "HAUS_UND_WOHNSCHUTZBRIEF",
        "jahresNetto" : 2.04,
        "bruttopreisFuerZahlweise" : 0.20
      } ],
      "treuebonus" : 25,
      "linienBruttopreis" : 77.73,
      "gesamtBruttopreisFuerZahlweise" : 77.73,
      "gesamtBruttopreisJaehrlich" : 932.73
    }, {
      "zahlweise" : "MONATLICH",
      "selbstbeteiligung" : "SELBSTBETEILIGUNG_0500",
      "laufzeit" : "DREI_JAHRE",
      "zaehlstuecke" : 0,
      "bausteinPreise" : [ {
        "taasTarifrisikoschluessel" : "FELS",
        "jahresNetto" : 670.44,
        "bruttopreisFuerZahlweise" : 64.89
      }, {
        "taasTarifrisikoschluessel" : "FAHRRAD",
        "jahresNetto" : 10.92,
        "bruttopreisFuerZahlweise" : 1.06
      }, {
        "taasTarifrisikoschluessel" : "GLAS_INNENFLAECHE",
        "jahresNetto" : 14.4,
        "bruttopreisFuerZahlweise" : 1.39
      }, {
        "taasTarifrisikoschluessel" : "GLAS_AUSSENFLAECHE",
        "jahresNetto" : 9.6,
        "bruttopreisFuerZahlweise" : 0.93
      }, {
        "taasTarifrisikoschluessel" : "ELEMENTAR",
        "jahresNetto" : 56.76,
        "bruttopreisFuerZahlweise" : 5.49
      }, {
        "taasTarifrisikoschluessel" : "HAUS_UND_WOHNSCHUTZBRIEF",
        "jahresNetto" : 2.04,
        "bruttopreisFuerZahlweise" : 0.20
      } ],
      "treuebonus" : 25,
      "linienBruttopreis" : 73.96,
      "gesamtBruttopreisFuerZahlweise" : 73.96,
      "gesamtBruttopreisJaehrlich" : 887.57
    }, {
      "zahlweise" : "MONATLICH",
      "selbstbeteiligung" : "SELBSTBETEILIGUNG_1000",
      "laufzeit" : "DREI_JAHRE",
      "zaehlstuecke" : 0,
      "bausteinPreise" : [ {
        "taasTarifrisikoschluessel" : "FELS",
        "jahresNetto" : 670.44,
        "bruttopreisFuerZahlweise" : 64.89
      }, {
        "taasTarifrisikoschluessel" : "FAHRRAD",
        "jahresNetto" : 5.4,
        "bruttopreisFuerZahlweise" : 0.52
      }, {
        "taasTarifrisikoschluessel" : "GLAS_INNENFLAECHE",
        "jahresNetto" : 10.8,
        "bruttopreisFuerZahlweise" : 1.05
      }, {
        "taasTarifrisikoschluessel" : "GLAS_AUSSENFLAECHE",
        "jahresNetto" : 3.84,
        "bruttopreisFuerZahlweise" : 0.37
      }, {
        "taasTarifrisikoschluessel" : "ELEMENTAR",
        "jahresNetto" : 56.76,
        "bruttopreisFuerZahlweise" : 5.49
      }, {
        "taasTarifrisikoschluessel" : "HAUS_UND_WOHNSCHUTZBRIEF",
        "jahresNetto" : 2.04,
        "bruttopreisFuerZahlweise" : 0.20
      } ],
      "treuebonus" : 25,
      "linienBruttopreis" : 72.52,
      "gesamtBruttopreisFuerZahlweise" : 72.52,
      "gesamtBruttopreisJaehrlich" : 870.29
    }, {
      "zahlweise" : "MONATLICH",
      "selbstbeteiligung" : "SELBSTBETEILIGUNG_10_PROZENT",
      "laufzeit" : "DREI_JAHRE",
      "zaehlstuecke" : 0,
      "bausteinPreise" : [ {
        "taasTarifrisikoschluessel" : "FELS",
        "jahresNetto" : 801.96,
        "bruttopreisFuerZahlweise" : 77.62
      }, {
        "taasTarifrisikoschluessel" : "FAHRRAD",
        "jahresNetto" : 21.72,
        "bruttopreisFuerZahlweise" : 2.10
      }, {
        "taasTarifrisikoschluessel" : "GLAS_INNENFLAECHE",
        "jahresNetto" : 35.88,
        "bruttopreisFuerZahlweise" : 3.47
      }, {
        "taasTarifrisikoschluessel" : "GLAS_AUSSENFLAECHE",
        "jahresNetto" : 38.4,
        "bruttopreisFuerZahlweise" : 3.72
      }, {
        "taasTarifrisikoschluessel" : "ELEMENTAR",
        "jahresNetto" : 56.76,
        "bruttopreisFuerZahlweise" : 5.49
      }, {
        "taasTarifrisikoschluessel" : "HAUS_UND_WOHNSCHUTZBRIEF",
        "jahresNetto" : 2.04,
        "bruttopreisFuerZahlweise" : 0.20
      } ],
      "treuebonus" : 25,
      "linienBruttopreis" : 92.61,
      "gesamtBruttopreisFuerZahlweise" : 92.61,
      "gesamtBruttopreisJaehrlich" : 1111.28
    }, {
      "zahlweise" : "MONATLICH",
      "selbstbeteiligung" : "SELBSTBETEILIGUNG_20_PROZENT",
      "laufzeit" : "DREI_JAHRE",
      "zaehlstuecke" : 0,
      "bausteinPreise" : [ {
        "taasTarifrisikoschluessel" : "FELS",
        "jahresNetto" : 801.96,
        "bruttopreisFuerZahlweise" : 77.62
      }, {
        "taasTarifrisikoschluessel" : "FAHRRAD",
        "jahresNetto" : 21.72,
        "bruttopreisFuerZahlweise" : 2.10
      }, {
        "taasTarifrisikoschluessel" : "GLAS_INNENFLAECHE",
        "jahresNetto" : 35.88,
        "bruttopreisFuerZahlweise" : 3.47
      }, {
        "taasTarifrisikoschluessel" : "GLAS_AUSSENFLAECHE",
        "jahresNetto" : 38.4,
        "bruttopreisFuerZahlweise" : 3.72
      }, {
        "taasTarifrisikoschluessel" : "ELEMENTAR",
        "jahresNetto" : 56.76,
        "bruttopreisFuerZahlweise" : 5.49
      }, {
        "taasTarifrisikoschluessel" : "HAUS_UND_WOHNSCHUTZBRIEF",
        "jahresNetto" : 2.04,
        "bruttopreisFuerZahlweise" : 0.20
      } ],
      "treuebonus" : 25,
      "linienBruttopreis" : 92.61,
      "gesamtBruttopreisFuerZahlweise" : 92.61,
      "gesamtBruttopreisJaehrlich" : 1111.28
    }, {
      "zahlweise" : "MONATLICH",
      "selbstbeteiligung" : "SELBSTBETEILIGUNG_10_PROZENT",
      "laufzeit" : "DREI_JAHRE",
      "zaehlstuecke" : 0,
      "bausteinPreise" : [ {
        "taasTarifrisikoschluessel" : "FELS",
        "jahresNetto" : 801.96,
        "bruttopreisFuerZahlweise" : 77.62
      }, {
        "taasTarifrisikoschluessel" : "FAHRRAD",
        "jahresNetto" : 21.72,
        "bruttopreisFuerZahlweise" : 2.10
      }, {
        "taasTarifrisikoschluessel" : "GLAS_INNENFLAECHE",
        "jahresNetto" : 35.88,
        "bruttopreisFuerZahlweise" : 3.47
      }, {
        "taasTarifrisikoschluessel" : "GLAS_AUSSENFLAECHE",
        "jahresNetto" : 38.4,
        "bruttopreisFuerZahlweise" : 3.72
      }, {
        "taasTarifrisikoschluessel" : "ELEMENTAR",
        "jahresNetto" : 56.76,
        "bruttopreisFuerZahlweise" : 5.49
      }, {
        "taasTarifrisikoschluessel" : "HAUS_UND_WOHNSCHUTZBRIEF",
        "jahresNetto" : 2.04,
        "bruttopreisFuerZahlweise" : 0.20
      } ],
      "treuebonus" : 25,
      "linienBruttopreis" : 92.61,
      "gesamtBruttopreisFuerZahlweise" : 92.61,
      "gesamtBruttopreisJaehrlich" : 1111.28
    }, {
      "zahlweise" : "MONATLICH",
      "selbstbeteiligung" : "SELBSTBETEILIGUNG_20_PROZENT",
      "laufzeit" : "DREI_JAHRE",
      "zaehlstuecke" : 0,
      "bausteinPreise" : [ {
        "taasTarifrisikoschluessel" : "FELS",
        "jahresNetto" : 801.96,
        "bruttopreisFuerZahlweise" : 77.62
      }, {
        "taasTarifrisikoschluessel" : "FAHRRAD",
        "jahresNetto" : 21.72,
        "bruttopreisFuerZahlweise" : 2.10
      }, {
        "taasTarifrisikoschluessel" : "GLAS_INNENFLAECHE",
        "jahresNetto" : 35.88,
        "bruttopreisFuerZahlweise" : 3.47
      }, {
        "taasTarifrisikoschluessel" : "GLAS_AUSSENFLAECHE",
        "jahresNetto" : 38.4,
        "bruttopreisFuerZahlweise" : 3.72
      }, {
        "taasTarifrisikoschluessel" : "ELEMENTAR",
        "jahresNetto" : 56.76,
        "bruttopreisFuerZahlweise" : 5.49
      }, {
        "taasTarifrisikoschluessel" : "HAUS_UND_WOHNSCHUTZBRIEF",
        "jahresNetto" : 2.04,
        "bruttopreisFuerZahlweise" : 0.20
      } ],
      "treuebonus" : 25,
      "linienBruttopreis" : 92.61,
      "gesamtBruttopreisFuerZahlweise" : 92.61,
      "gesamtBruttopreisJaehrlich" : 1111.28
    } ]
  } ],
  "gisDaten" : {
    "konvergenz150" : null,
    "konvergenz300" : null,
    "steigung" : null,
    "bodenversiegelung" : null,
    "bewaldungsdichte" : null,
    "bewaldungsart100" : null,
    "bewaldungsart20" : null,
    "hoehe" : null,
    "flutzone" : null,
    "landform" : null,
    "senke" : null,
    "bachzone" : 0.00,
    "gebaeudeGrundflaeche" : null,
    "starkregenzone" : null,
    "zuersGefaehrdungsklasse" : 1,
    "latitude" : 50.32054,
    "longitude" : 10.20234,
    "gleitenderNeuwert" : null,
    "matchcode" : "S8HPNTSCZA"
  },
  "elementarSB" : {
    "id" : "1",
    "description" : "<b>Vorteil bei Komfort und Premium:</b></br> Zusätzlich mitversichert sind Überschwemmungen von Terrassen, Balkonen, Flachdächern, Dachrinnen, Treppenabgängen und Lichtschächten. Beispiel: Eine Dachterrasse oder ein Balkon wird durch Starkregen überflutet und Wasser dringt in das Haus ein.</br> </br><b>Für diesen Baustein gilt eine Selbstbeteiligung je Schadenfall von maximal:</b> <ul><li>500 EUR für Überschwemmungsschäden</li><li>500 EUR für Rückstauschäden </li><li>3.000 EUR für Erdbebenschäden</li> </ul> </br> <b>Wartezeit:</b> </br>Für Schäden durch Ausuferung von oberirdischen Binnengewässern beginnt der Versicherungsschutz bei Neuabschluss einer Hausratversicherung erst 7 Tage nach dem vereinbarten Versicherungsbeginn. Die Wartezeit entfällt, sofern unmittelbar vor Versicherungsbeginn anderweitig bereits entsprechender Versicherungsschutz bestanden hat."
  },
  "taasStatus" : {
    "fehlermeldung" : "",
    "returnCodeTaas" : "KEIN_FEHLER",
    "fehlerCode" : "000000"
  },
  "deltafaktoren" : null,
  "vorvertraegeVorschaeden" : null
}
