{
  "produktlinien": [],
  "gisDaten": {
    "konvergenz150": null,
    "konvergenz300": null,
    "steigung": null,
    "bodenversiegelung": null,
    "bewaldungsdichte": null,
    "bewaldungsart100": null,
    "bewaldungsart20": null,
    "hoehe": null,
    "flutzone": null,
    "landform": null,
    "senke": null,
    "bachzone": null,
    "gebaeudeGrundflaeche": null,
    "starkregenzone": null,
    "zuersGefaehrdungsklasse": null,
    "latitude": null,
    "longitude": null,
    "gleitenderNeuwert": null,
    "matchcode": null
  },
  "elementarSB": null,
  "taasStatus": {
    "fehlermeldung": "Das Risiko kann aktuell nicht versichert werden. Bitte verwenden Sie den alten PrivatSchutz, um das Risiko zu versichern.",
    "returnCodeTaas": "FEHLER_OHNE_RETRY_NICHT_VERSICHERBAR",
    "fehlerCode": "995000"
  },
  "deltafaktoren": null,
  "vorvertraegeVorschaeden": null
}
