{
  "immobilien": [
    {
      "kdvUuid": "CDC34DA8DDEF11E9A6AE00A0C6000024",
      "ferienhaus": false,
      "flachdach": false,
      "adresse": {
        "plz": "81369",
        "ort": "München",
        "strasse": "Passauerstr.",
        "hausnummer": "101",
        "land": {
          "wert": "DE",
          "text": "Deutschland"
        },
        "ortsteil": null,
        "hausnrzus": "",
        "validierungsStatus": "OK",
        "adresszusatz": null,
        "adresszusatzkennzeichen": null
      },
      "baujahr": -1,
      "wohnflaecheQM": 230,
      "kellerVorhanden": true,
      "kellerMitWohnflaeche": true,
      "nebengebaeudeQM": 0,
      "leerstehend": null,
      "weitereGebaeudeVorhanden": false,
      "anzahlNebengebaeude": 0,
      "oeltank": false,
      "stockwerk": "ERDGESCHOSS",
      "gebaeudeArtKdv": "KDV_IMMOART_EINFAMILIENHAUS",
      "whgNummer": null
    },
    {
      "kdvUuid": "2164BA6CB36111E9A6AB00A0C6000024",
      "ferienhaus": false,
      "flachdach": false,
      "adresse": {
        "plz": "85551",
        "ort": "Kirchheim b. München",
        "strasse": "Hauptstr.",
        "hausnummer": "2",
        "land": {
          "wert": "DE",
          "text": "Deutschland"
        },
        "ortsteil": null,
        "hausnrzus": "",
        "validierungsStatus": "OK",
        "adresszusatz": null,
        "adresszusatzkennzeichen": null
      },
      "baujahr": 1980,
      "wohnflaecheQM": 0,
      "kellerVorhanden": false,
      "kellerMitWohnflaeche": false,
      "nebengebaeudeQM": 0,
      "leerstehend": null,
      "weitereGebaeudeVorhanden": false,
      "anzahlNebengebaeude": 0,
      "oeltank": false,
      "stockwerk": null,
      "gebaeudeArtKdv": "KDV_IMMOART_MIETSHAUS",
      "whgNummer": null
    },
    {
      "kdvUuid": "770441DBCD6411E9A6AE00A0C6000024",
      "ferienhaus": false,
      "flachdach": false,
      "adresse": {
        "plz": "78120",
        "ort": "Furtwangen",
        "strasse": "Unterfallengrundweg",
        "hausnummer": "1",
        "land": {
          "wert": "DE",
          "text": "Deutschland"
        },
        "ortsteil": null,
        "hausnrzus": "",
        "validierungsStatus": "NOK",
        "adresszusatz": null,
        "adresszusatzkennzeichen": null
      },
      "baujahr": 1998,
      "wohnflaecheQM": 123,
      "kellerVorhanden": false,
      "kellerMitWohnflaeche": false,
      "nebengebaeudeQM": 0,
      "leerstehend": null,
      "weitereGebaeudeVorhanden": false,
      "anzahlNebengebaeude": 0,
      "oeltank": false,
      "stockwerk": null,
      "gebaeudeArtKdv": "KDV_IMMOART_EINFAMILIENHAUS",
      "whgNummer": null
    },
    {
      "kdvUuid": "AC9222339F1811E9A6AA00A0C6000024",
      "ferienhaus": false,
      "flachdach": false,
      "adresse": {
        "plz": "80333",
        "ort": "München",
        "strasse": "Barer Str.",
        "hausnummer": "2",
        "land": {
          "wert": "DE",
          "text": "Deutschland"
        },
        "ortsteil": null,
        "hausnrzus": "",
        "validierungsStatus": "OK",
        "adresszusatz": null,
        "adresszusatzkennzeichen": null
      },
      "baujahr": 2008,
      "wohnflaecheQM": 125,
      "kellerVorhanden": true,
      "kellerMitWohnflaeche": false,
      "nebengebaeudeQM": 0,
      "leerstehend": null,
      "weitereGebaeudeVorhanden": false,
      "anzahlNebengebaeude": 0,
      "oeltank": false,
      "stockwerk": "ERDGESCHOSS",
      "gebaeudeArtKdv": "KDV_IMMOART_ZWEIFAMILIENHAUS",
      "whgNummer": null
    },
    {
      "kdvUuid": "BB4B9CD89EED11E9A6AA00A0C6000024",
      "ferienhaus": true,
      "flachdach": false,
      "adresse": {
        "plz": "80335",
        "ort": "München",
        "strasse": "Erzgießereistr.",
        "hausnummer": "20",
        "land": {
          "wert": "DE",
          "text": "Deutschland"
        },
        "ortsteil": null,
        "hausnrzus": "",
        "validierungsStatus": "OK",
        "adresszusatz": null,
        "adresszusatzkennzeichen": null
      },
      "baujahr": 1987,
      "wohnflaecheQM": 60,
      "kellerVorhanden": false,
      "kellerMitWohnflaeche": false,
      "nebengebaeudeQM": 0,
      "leerstehend": null,
      "weitereGebaeudeVorhanden": false,
      "anzahlNebengebaeude": 0,
      "oeltank": false,
      "stockwerk": null,
      "gebaeudeArtKdv": "KDV_IMMOART_FERIENHAUS",
      "whgNummer": null
    },
    {
      "kdvUuid": "59EBE5979F1E11E9A6AA00A0C6000024",
      "ferienhaus": false,
      "flachdach": false,
      "adresse": {
        "plz": "81539",
        "ort": "München",
        "strasse": "Walchenseeplatz",
        "hausnummer": "5",
        "land": {
          "wert": "DE",
          "text": "Deutschland"
        },
        "ortsteil": null,
        "hausnrzus": "",
        "validierungsStatus": "OK",
        "adresszusatz": null,
        "adresszusatzkennzeichen": null
      },
      "baujahr": 2001,
      "wohnflaecheQM": 89,
      "kellerVorhanden": false,
      "kellerMitWohnflaeche": false,
      "nebengebaeudeQM": 0,
      "leerstehend": null,
      "weitereGebaeudeVorhanden": false,
      "anzahlNebengebaeude": 0,
      "oeltank": false,
      "stockwerk": null,
      "gebaeudeArtKdv": "KDV_IMMOART_WHG_IN_MEHRFAMHAUS",
      "whgNummer": null
    },
    {
      "kdvUuid": "738A094FE37E11E9A6AE00A0C6000024",
      "ferienhaus": false,
      "flachdach": false,
      "adresse": {
        "plz": "82432",
        "ort": "Walchensee",
        "strasse": "Seestr.",
        "hausnummer": "10",
        "land": {
          "wert": "DE",
          "text": "Deutschland"
        },
        "ortsteil": null,
        "hausnrzus": "",
        "validierungsStatus": "OK",
        "adresszusatz": null,
        "adresszusatzkennzeichen": null
      },
      "baujahr": -1,
      "wohnflaecheQM": 0,
      "kellerVorhanden": false,
      "kellerMitWohnflaeche": false,
      "nebengebaeudeQM": 0,
      "leerstehend": null,
      "weitereGebaeudeVorhanden": false,
      "anzahlNebengebaeude": 0,
      "oeltank": false,
      "stockwerk": null,
      "gebaeudeArtKdv": "KDV_IMMOART_EINFAMILIENHAUS",
      "whgNummer": null
    },
    {
      "kdvUuid": "7D4EC604AD3711E9A6AA00A0C6000024",
      "ferienhaus": false,
      "flachdach": false,
      "adresse": {
        "plz": "82432",
        "ort": "Walchensee",
        "strasse": "Seestr.",
        "hausnummer": "4",
        "land": {
          "wert": "DE",
          "text": "Deutschland"
        },
        "ortsteil": null,
        "hausnrzus": "",
        "validierungsStatus": "OK",
        "adresszusatz": null,
        "adresszusatzkennzeichen": null
      },
      "baujahr": 1960,
      "wohnflaecheQM": 120,
      "kellerVorhanden": false,
      "kellerMitWohnflaeche": false,
      "nebengebaeudeQM": 0,
      "leerstehend": null,
      "weitereGebaeudeVorhanden": false,
      "anzahlNebengebaeude": 0,
      "oeltank": false,
      "stockwerk": null,
      "gebaeudeArtKdv": "KDV_IMMOART_FERIENWOHNUNG",
      "whgNummer": null
    },
    {
      "kdvUuid": "E2167FDEADF311E9A6AB00A0C6000024",
      "ferienhaus": false,
      "flachdach": false,
      "adresse": {
        "plz": "11111",
        "ort": "Falsche Adresse",
        "strasse": "Falsche Strasse",
        "hausnummer": "2",
        "land": {
          "wert": "DE",
          "text": "Deutschland"
        },
        "ortsteil": null,
        "hausnrzus": "",
        "validierungsStatus": "NOK",
        "adresszusatz": null,
        "adresszusatzkennzeichen": null
      },
      "baujahr": -1,
      "wohnflaecheQM": 0,
      "kellerVorhanden": false,
      "kellerMitWohnflaeche": false,
      "nebengebaeudeQM": 0,
      "leerstehend": null,
      "weitereGebaeudeVorhanden": false,
      "anzahlNebengebaeude": 0,
      "oeltank": false,
      "stockwerk": null,
      "gebaeudeArtKdv": "KDV_IMMOART_EINFAMILIENHAUS",
      "whgNummer": null
    },
    {
      "kdvUuid": "D4B0C11CAD3711E9A6AA00A0C6000024",
      "ferienhaus": false,
      "flachdach": false,
      "adresse": {
        "plz": "85774",
        "ort": "Unterföhring",
        "strasse": "Dieselstr.",
        "hausnummer": "6",
        "land": {
          "wert": "DE",
          "text": "Deutschland"
        },
        "ortsteil": null,
        "hausnrzus": "",
        "validierungsStatus": "OK",
        "adresszusatz": null,
        "adresszusatzkennzeichen": null
      },
      "baujahr": 2018,
      "wohnflaecheQM": 500,
      "kellerVorhanden": false,
      "kellerMitWohnflaeche": false,
      "nebengebaeudeQM": 0,
      "leerstehend": null,
      "weitereGebaeudeVorhanden": false,
      "anzahlNebengebaeude": 0,
      "oeltank": false,
      "stockwerk": null,
      "gebaeudeArtKdv": "KDV_IMMOART_EIGENTUMSWOHNUNG",
      "whgNummer": null
    }
  ]
}
