{
  "personen": [
    {
      "anrede": "HERR",
      "vorname": "Max",
      "nachname": "ACM-Motor",
      "geburtsdatum": "1975-05-01",
      "famstand": {
        "wert": "N",
        "text": "unbekannt"
      },
      "staatsbschaft": {
        "wert": "DE",
        "text": "deutsch"
      },
      "adresse": {
        "plz": "85774",
        "ort": "Unterföhring",
        "strasse": "Dieselstr.",
        "hausnummer": "6",
        "land": {
          "wert": "DE",
          "text": "Deutschland"
        },
        "ortsteil": null,
        "hausnrzus": null,
        "validierungsStatus": null
      },
      "kundennummer": "00000000000933259511",
      "kundenverwaltungID": "034e26e0-85fc-11e9-9409-901b0eee7d01",
      "datenVollstaendig": true,
      "personenart": "NATUERLICHE_PERSON"
    },
    {
      "anrede": "HERR",
      "vorname": "Winter",
      "nachname": "Max",
      "geburtsdatum": "1976-06-08",
      "famstand": {
        "wert": "N",
        "text": "unbekannt"
      },
      "staatsbschaft": {
        "wert": "DE",
        "text": "deutsch"
      },
      "adresse": {
        "plz": "10405",
        "ort": "Berlin",
        "strasse": "Danziger Str.",
        "hausnummer": "75",
        "land": {
          "wert": "DE",
          "text": "Deutschland"
        },
        "ortsteil": null,
        "hausnrzus": null,
        "validierungsStatus": null
      },
      "bankverbindungen": [
        {
          "iban": "DE88820641880000053066",
          "bic": "GENODEF1WE1"
        }
      ],
      "kundennummer": "00000000000955726475",
      "kundenverwaltungID": "034e25dc-85fc-11e9-9409-901b0eee7d01",
      "datenVollstaendig": true,
      "personenart": "NATUERLICHE_PERSON"
    }
  ]
}
